Horodateur,Zone,Agence,Point de contact,Note de l'accueil,Note de la prise en charge,Motifs de la note de l'accueil,Motifs de la note de la prise en charge,Suggestions
02/01/2023 10:51,Zone Est,Agence de l'Horloge,Conseiller clientèle,4,5,,,
02/01/2023 11:22,Zone Nord,Agence du Littoral,Accueil,5,5,Personnel accueillant et souriant,,Proposer plus de services sur l'application mobile
02/01/2023 11:24,Zone Centre,Agence du Parc,Conseiller clientèle,4,4,,Très bonne orientation dès l'entrée,Réduire les frais de tenue de compte
02/01/2023 11:29,Zone Sud,Agence des Collines,GAB,2,4,Manque de personnel aux heures de pointe,,Améliorer l'application mobile de la banque
03/01/2023 08:19,Zone Sud,Agence des Collines,GAB,2,5,Temps d'attente trop long au guichet,Guichet automatique souvent en panne,
03/01/2023 09:10,Zone Nord,Agence des Dunes,Centre d'appels,2,4,,Personnel accueillant et souriant,
03/01/2023 12:15,Zone Centre,Agence de la Gare,Application mobile,4,4,Service rapide et efficace,Conseiller à l'écoute du client,Climatiser la salle d'attente de l'agence
03/01/2023 12:51,Zone Est,Agence des Acacias,Centre d'appels,5,5,Prise en charge rapide au guichet,Prise en charge rapide au guichet,Installer plus de sièges dans la salle d'attente
03/01/2023 13:57,Zone Ouest,Agence de la Corniche,Application mobile,3,3,,,Climatiser la salle d'attente de l'agence
03/01/2023 14:21,Zone Ouest,Agence du Phare,Conseiller clientèle,5,3,,,Ouvrir l'agence le samedi matin
03/01/2023 15:07,Zone Est,Agence des Acacias,GAB,4,5,Prise en charge rapide au guichet,,
04/01/2023 08:50,Zone Centre,Agence du Parc,Guichet,5,2,,Peu d'écoute face à ma réclamation,Améliorer l'application mobile de la banque
04/01/2023 09:00,Zone Nord,Agence des Dunes,Accueil,4,4,Prise en charge rapide au guichet,Prise en charge rapide au guichet,
04/01/2023 13:38,Zone Centre,Agence du Marché,Application mobile,5,3,Très bonne orientation dès l'entrée,,Améliorer l'application mobile de la banque
04/01/2023 13:40,Zone Est,Agence du Stade,Centre d'appels,3,4,,,Mettre en place un système de tickets plus clair
04/01/2023 15:05,Zone Nord,Agence des Dunes,Accueil,5,3,Service rapide et efficace,,
04/01/2023 16:13,Zone Nord,Agence des Palmiers,Guichet,5,3,Très bonne orientation dès l'entrée,Manque de personnel aux heures de pointe,Améliorer le temps d'attente en agence
05/01/2023 09:56,Zone Sud,Agence de la Rivière,Guichet,5,4,Prise en charge rapide au guichet,,Ouvrir l'agence le samedi matin
05/01/2023 11:35,Zone Sud,Agence des Collines,Guichet,4,4,,,
05/01/2023 13:20,Zone Centre,Agence de la Gare,Accueil,4,3,Temps d'attente trop long au guichet,,Améliorer le temps d'attente en agence
05/01/2023 15:04,Zone Ouest,Agence du Phare,Accueil,2,4,Peu d'écoute face à ma réclamation,Très bonne orientation dès l'entrée,
05/01/2023 16:58,Zone Est,Agence du Stade,Centre d'appels,4,3,Très bonne orientation dès l'entrée,Très bonne orientation dès l'entrée,
06/01/2023 08:21,Zone Est,Agence de l'Horloge,Guichet,5,5,Agence propre et bien organisée,,
06/01/2023 08:35,Zone Centre,Agence du Marché,Guichet,4,3,Personnel accueillant et souriant,File d'attente mal organisée,
06/01/2023 09:46,Zone Est,Agence des Acacias,Centre d'appels,5,4,Prise en charge rapide au guichet,Conseiller à l'écoute du client,
06/01/2023 10:32,Zone Nord,Agence des Dunes,Conseiller clientèle,4,4,Service rapide et efficace,Service rapide et efficace,Réduire le temps d'attente au guichet
06/01/2023 11:29,Zone Est,Agence des Acacias,GAB,3,3,,,Améliorer le temps d'attente en agence
06/01/2023 13:23,Zone Ouest,Agence de la Corniche,GAB,4,3,,,Former le personnel à l'accueil des clients
06/01/2023 13:51,Zone Centre,Agence du Parc,Guichet,4,3,Prise en charge rapide au guichet,,
06/01/2023 15:14,Zone Nord,Agence du Littoral,Conseiller clientèle,3,5,Manque de personnel aux heures de pointe,Service rapide et efficace,
06/01/2023 17:17,Zone Est,Agence du Stade,Guichet,4,4,,Conseiller à l'écoute du client,Former le personnel à l'accueil des clients
07/01/2023 12:51,Zone Nord,Agence des Dunes,GAB,3,4,,Prise en charge rapide au guichet,Ajouter un guichet automatique dans le quartier
07/01/2023 14:00,Zone Centre,Agence du Parc,Conseiller clientèle,5,4,Personnel accueillant et souriant,,
09/01/2023 08:57,Zone Centre,Agence du Parc,Accueil,4,4,Personnel accueillant et souriant,Conseiller à l'écoute du client,
09/01/2023 09:32,Zone Est,Agence des Acacias,Guichet,5,3,,,Mettre en place un système de tickets plus clair
09/01/2023 10:39,Zone Centre,Agence de la Gare,Guichet,4,3,Agence propre et bien organisée,,Ajouter un guichet automatique dans le quartier
09/01/2023 11:57,Zone Nord,Agence du Littoral,Guichet,4,5,Personnel accueillant et souriant,Service rapide et efficace,Augmenter le personnel aux heures de pointe
09/01/2023 12:11,Zone Est,Agence du Stade,Guichet,4,4,,Prise en charge rapide au guichet,Proposer plus de services sur l'application mobile
09/01/2023 13:13,Zone Nord,Agence du Littoral,Application mobile,5,5,Service rapide et efficace,,Réduire le temps d'attente au guichet
09/01/2023 14:02,Zone Sud,Agence des Collines,Conseiller clientèle,4,2,Conseiller à l'écoute du client,Temps d'attente trop long au guichet,
09/01/2023 14:36,Zone Centre,Agence de la Gare,Accueil,5,4,,Service rapide et efficace,Ouvrir l'agence le samedi matin
09/01/2023 15:09,Zone Ouest,Agence de la Corniche,Conseiller clientèle,3,3,,,Ajouter un guichet automatique dans le quartier
09/01/2023 15:56,Zone Est,Agence du Stade,Guichet,4,3,Service rapide et efficace,,Ouvrir l'agence le samedi matin
09/01/2023 17:24,Zone Sud,Agence de la Rivière,Guichet,5,3,Horaires d'ouverture peu pratiques,,
10/01/2023 10:42,Zone Centre,Agence de la Gare,Accueil,4,5,Prise en charge rapide au guichet,Personnel accueillant et souriant,
10/01/2023 16:51,Zone Sud,Agence de la Rivière,Guichet,4,5,Guichet automatique souvent en panne,,Ouvrir l'agence le samedi matin
11/01/2023 10:19,Zone Nord,Agence des Palmiers,Accueil,4,4,Service rapide et efficace,Prise en charge rapide au guichet,
11/01/2023 10:47,Zone Centre,Agence de la Gare,Accueil,4,5,Prise en charge rapide au guichet,,Proposer plus de services sur l'application mobile
11/01/2023 12:14,Zone Centre,Agence de la Gare,GAB,3,4,Service rapide et efficace,Temps d'attente trop long au guichet,Améliorer le temps d'attente en agence
11/01/2023 17:13,Zone Nord,Agence des Dunes,Guichet,4,4,Agence propre et bien organisée,Peu d'écoute face à ma réclamation,Former le personnel à l'accueil des clients
12/01/2023 09:05,Zone Est,Agence des Acacias,GAB,5,5,Personnel accueillant et souriant,Conseiller à l'écoute du client,
12/01/2023 10:57,Zone Est,Agence du Stade,Guichet,5,3,Très bonne orientation dès l'entrée,,
12/01/2023 12:20,Zone Nord,Agence des Dunes,GAB,5,5,Conseiller à l'écoute du client,Conseiller à l'écoute du client,Améliorer le temps d'attente en agence
12/01/2023 14:32,Zone Sud,Agence de la Rivière,GAB,4,3,,,Ajouter un guichet automatique dans le quartier
12/01/2023 15:55,Zone Sud,Agence de la Rivière,Application mobile,3,4,,Agence propre et bien organisée,Former le personnel à l'accueil des clients
13/01/2023 08:29,Zone Centre,Agence du Parc,Application mobile,4,4,,Agence propre et bien organisée,Climatiser la salle d'attente de l'agence
13/01/2023 09:00,Zone Nord,Agence des Dunes,Conseiller clientèle,4,5,,,Former le personnel à l'accueil des clients
13/01/2023 10:19,Zone Ouest,Agence du Phare,Guichet,4,2,,File d'attente mal organisée,Améliorer l'application mobile de la banque
13/01/2023 11:57,Zone Centre,Agence de la Gare,Centre d'appels,5,4,Prise en charge rapide au guichet,,Réduire le temps d'attente au guichet
13/01/2023 12:24,Zone Centre,Agence du Parc,GAB,4,5,Très bonne orientation dès l'entrée,,
13/01/2023 12:48,Zone Centre,Agence de la Gare,Accueil,4,3,,,Améliorer le temps d'attente en agence
13/01/2023 13:18,Zone Centre,Agence de la Gare,Application mobile,4,4,Service rapide et efficace,Très bonne orientation dès l'entrée,Ajouter un guichet automatique dans le quartier
13/01/2023 14:25,Zone Sud,Agence de la Rivière,Conseiller clientèle,2,4,Horaires d'ouverture peu pratiques,Service rapide et efficace,
13/01/2023 16:06,Zone Nord,Agence du Littoral,Centre d'appels,5,5,Agence propre et bien organisée,,Mettre en place un système de tickets plus clair
14/01/2023 14:45,Zone Est,Agence des Acacias,Conseiller clientèle,4,5,,Conseiller à l'écoute du client,
14/01/2023 15:13,Zone Nord,Agence des Palmiers,Conseiller clientèle,4,3,Conseiller à l'écoute du client,,
16/01/2023 08:13,Zone Est,Agence des Acacias,Conseiller clientèle,5,3,Service rapide et efficace,,Améliorer le temps d'attente en agence
16/01/2023 10:38,Zone Sud,Agence des Collines,Accueil,4,3,Personnel accueillant et souriant,,Proposer plus de services sur l'application mobile
16/01/2023 10:39,Zone Centre,Agence de la Gare,Conseiller clientèle,4,3,,,Améliorer l'application mobile de la banque
16/01/2023 15:22,Zone Sud,Agence de la Rivière,Accueil,4,4,Conseiller à l'écoute du client,Personnel accueillant et souriant,Climatiser la salle d'attente de l'agence
16/01/2023 15:59,Zone Centre,Agence de la Gare,Conseiller clientèle,5,3,Service rapide et efficace,,
16/01/2023 17:11,Zone Nord,Agence des Dunes,Accueil,3,3,,Personnel accueillant et souriant,
17/01/2023 14:51,Zone Ouest,Agence de la Corniche,Accueil,4,4,,Très bonne orientation dès l'entrée,
17/01/2023 16:00,Zone Centre,Agence du Marché,Guichet,4,4,,,
17/01/2023 16:40,Zone Sud,Agence des Collines,Conseiller clientèle,3,3,Manque de personnel aux heures de pointe,,Proposer plus de services sur l'application mobile
18/01/2023 09:26,Zone Sud,Agence de la Rivière,Guichet,5,4,Conseiller à l'écoute du client,Très bonne orientation dès l'entrée,Améliorer l'application mobile de la banque
18/01/2023 10:04,Zone Centre,Agence de la Gare,GAB,4,5,,Agence propre et bien organisée,
18/01/2023 10:44,Zone Nord,Agence des Dunes,Guichet,5,5,,Conseiller à l'écoute du client,
18/01/2023 16:09,Zone Est,Agence de l'Horloge,Application mobile,4,4,Service rapide et efficace,Personnel accueillant et souriant,
18/01/2023 16:43,Zone Sud,Agence des Collines,Application mobile,2,5,Manque de personnel aux heures de pointe,Conseiller à l'écoute du client,
19/01/2023 09:17,Zone Nord,Agence des Palmiers,Application mobile,5,4,Service rapide et efficace,Prise en charge rapide au guichet,
19/01/2023 10:11,Zone Ouest,Agence de la Corniche,Guichet,2,1,File d'attente mal organisée,Guichet automatique souvent en panne,Climatiser la salle d'attente de l'agence
19/01/2023 16:46,Zone Ouest,Agence du Phare,GAB,3,3,,,Proposer plus de services sur l'application mobile
20/01/2023 09:18,Zone Est,Agence des Acacias,Application mobile,3,4,Personnel accueillant et souriant,Service rapide et efficace,
20/01/2023 09:27,Zone Ouest,Agence de la Corniche,Guichet,4,3,,,Former le personnel à l'accueil des clients
20/01/2023 11:23,Zone Nord,Agence du Littoral,Guichet,5,5,,,
20/01/2023 12:34,Zone Nord,Agence des Palmiers,Conseiller clientèle,4,4,Très bonne orientation dès l'entrée,File d'attente mal organisée,
20/01/2023 16:08,Zone Nord,Agence du Littoral,Conseiller clientèle,5,3,,,
21/01/2023 11:31,Zone Nord,Agence des Dunes,Guichet,4,4,Prise en charge rapide au guichet,,Réduire les frais de tenue de compte
21/01/2023 16:24,Zone Ouest,Agence de la Corniche,Guichet,4,2,,File d'attente mal organisée,Réduire le temps d'attente au guichet
21/01/2023 16:33,Zone Centre,Agence du Marché,Accueil,3,3,,,Mettre en place un système de tickets plus clair
23/01/2023 10:18,Zone Nord,Agence des Palmiers,GAB,4,3,Prise en charge rapide au guichet,,
23/01/2023 10:37,Zone Centre,Agence du Parc,GAB,5,5,,Prise en charge rapide au guichet,
23/01/2023 16:32,Zone Est,Agence de l'Horloge,Conseiller clientèle,5,3,Agence propre et bien organisée,Guichet automatique souvent en panne,Réduire les frais de tenue de compte
23/01/2023 17:19,Zone Sud,Agence de la Rivière,Centre d'appels,4,3,Très bonne orientation dès l'entrée,,Réduire le temps d'attente au guichet
24/01/2023 09:28,Zone Nord,Agence du Littoral,Application mobile,4,5,,Conseiller à l'écoute du client,
24/01/2023 10:59,Zone Nord,Agence des Dunes,Application mobile,4,2,,Guichet automatique souvent en panne,Réduire les frais de tenue de compte
24/01/2023 11:10,Zone Est,Agence de l'Horloge,Accueil,3,4,,,
24/01/2023 14:51,Zone Centre,Agence du Marché,Application mobile,5,4,,Conseiller à l'écoute du client,
24/01/2023 16:06,Zone Ouest,Agence du Phare,Guichet,5,3,Personnel accueillant et souriant,,Proposer plus de services sur l'application mobile
24/01/2023 16:53,Zone Centre,Agence du Parc,Guichet,4,5,,,
25/01/2023 12:56,Zone Sud,Agence de la Rivière,Conseiller clientèle,4,5,,Personnel accueillant et souriant,Améliorer le temps d'attente en agence
25/01/2023 16:21,Zone Nord,Agence des Palmiers,GAB,5,4,Personnel accueillant et souriant,Très bonne orientation dès l'entrée,Climatiser la salle d'attente de l'agence
26/01/2023 08:32,Zone Centre,Agence de la Gare,Conseiller clientèle,3,5,,Personnel accueillant et souriant,Améliorer le temps d'attente en agence
26/01/2023 08:55,Zone Est,Agence de l'Horloge,Accueil,5,4,,Personnel accueillant et souriant,Proposer plus de services sur l'application mobile
26/01/2023 10:42,Zone Nord,Agence des Dunes,Application mobile,3,3,,,Augmenter le personnel aux heures de pointe
26/01/2023 11:17,Zone Centre,Agence du Parc,Guichet,4,4,,,Ajouter un guichet automatique dans le quartier
26/01/2023 12:12,Zone Est,Agence des Acacias,GAB,5,5,,Conseiller à l'écoute du client,
26/01/2023 13:33,Zone Sud,Agence de la Rivière,Centre d'appels,3,4,Guichet automatique souvent en panne,Prise en charge rapide au guichet,
26/01/2023 13:55,Zone Ouest,Agence de la Corniche,Guichet,5,4,,Prise en charge rapide au guichet,Ajouter un guichet automatique dans le quartier
26/01/2023 14:00,Zone Sud,Agence de la Rivière,Accueil,4,5,Temps d'attente trop long au guichet,Personnel accueillant et souriant,Former le personnel à l'accueil des clients
26/01/2023 14:27,Zone Est,Agence de l'Horloge,GAB,5,4,,Très bonne orientation dès l'entrée,Installer plus de sièges dans la salle d'attente
27/01/2023 09:01,Zone Centre,Agence du Parc,Accueil,3,5,,Prise en charge rapide au guichet,Réduire les frais de tenue de compte
27/01/2023 10:20,Zone Sud,Agence des Collines,GAB,4,5,,,Réduire le temps d'attente au guichet
27/01/2023 15:50,Zone Ouest,Agence du Phare,Accueil,5,3,,,
28/01/2023 13:38,Zone Sud,Agence des Collines,Conseiller clientèle,4,4,Personnel accueillant et souriant,,
28/01/2023 15:03,Zone Est,Agence du Stade,Accueil,3,3,,,Ouvrir l'agence le samedi matin
28/01/2023 15:13,Zone Sud,Agence de la Rivière,Application mobile,5,4,,Conseiller à l'écoute du client,
30/01/2023 09:00,Zone Sud,Agence de la Rivière,Guichet,4,4,,Service rapide et efficace,Proposer plus de services sur l'application mobile
30/01/2023 12:08,Zone Est,Agence des Acacias,Conseiller clientèle,5,4,Très bonne orientation dès l'entrée,Agence propre et bien organisée,
30/01/2023 12:39,Zone Centre,Agence du Marché,Centre d'appels,4,5,Prise en charge rapide au guichet,,Réduire le temps d'attente au guichet
30/01/2023 13:57,Zone Centre,Agence de la Gare,Conseiller clientèle,5,5,,Agence propre et bien organisée,
31/01/2023 12:07,Zone Est,Agence du Stade,Conseiller clientèle,4,3,Service rapide et efficace,,Ouvrir l'agence le samedi matin
31/01/2023 16:23,Zone Nord,Agence des Dunes,GAB,4,4,,Service rapide et efficace,Former le personnel à l'accueil des clients
31/01/2023 16:27,Zone Sud,Agence des Collines,Centre d'appels,5,4,,Agence propre et bien organisée,Réduire le temps d'attente au guichet
31/01/2023 16:36,Zone Nord,Agence des Dunes,Guichet,5,3,,,Climatiser la salle d'attente de l'agence
01/02/2023 09:16,Zone Centre,Agence de la Gare,Accueil,4,5,Conseiller à l'écoute du client,,Climatiser la salle d'attente de l'agence
01/02/2023 10:03,Zone Sud,Agence des Collines,Conseiller clientèle,4,4,Agence propre et bien organisée,Conseiller à l'écoute du client,
01/02/2023 12:17,Zone Centre,Agence de la Gare,Accueil,4,3,Agence propre et bien organisée,,Améliorer l'application mobile de la banque
01/02/2023 14:52,Zone Ouest,Agence de la Corniche,Guichet,3,4,,Prise en charge rapide au guichet,Installer plus de sièges dans la salle d'attente
01/02/2023 15:54,Zone Nord,Agence des Palmiers,Guichet,5,5,Agence propre et bien organisée,,Climatiser la salle d'attente de l'agence
01/02/2023 16:36,Zone Sud,Agence des Collines,Accueil,3,5,,Horaires d'ouverture peu pratiques,Climatiser la salle d'attente de l'agence
01/02/2023 17:57,Zone Sud,Agence de la Rivière,GAB,4,3,,,Ajouter un guichet automatique dans le quartier
02/02/2023 08:02,Zone Est,Agence du Stade,GAB,3,5,,,
02/02/2023 10:27,Zone Nord,Agence des Dunes,Accueil,4,4,,Service rapide et efficace,Proposer plus de services sur l'application mobile
02/02/2023 10:38,Zone Ouest,Agence du Phare,Application mobile,3,3,Personnel accueillant et souriant,Conseiller à l'écoute du client,
02/02/2023 11:22,Zone Centre,Agence de la Gare,Centre d'appels,5,3,,,
02/02/2023 13:09,Zone Est,Agence des Acacias,Application mobile,4,5,,Agence propre et bien organisée,
02/02/2023 16:57,Zone Ouest,Agence de la Corniche,Application mobile,4,5,,,Améliorer le temps d'attente en agence
03/02/2023 10:08,Zone Centre,Agence de la Gare,Guichet,5,5,Personnel accueillant et souriant,Agence propre et bien organisée,
03/02/2023 11:50,Zone Est,Agence de l'Horloge,Accueil,2,5,Peu d'écoute face à ma réclamation,Personnel accueillant et souriant,
03/02/2023 11:54,Zone Nord,Agence du Littoral,Accueil,5,5,Agence propre et bien organisée,Agence propre et bien organisée,Mettre en place un système de tickets plus clair
03/02/2023 12:29,Zone Est,Agence des Acacias,GAB,5,3,,,
03/02/2023 14:43,Zone Est,Agence de l'Horloge,GAB,4,4,,Personnel accueillant et souriant,Améliorer le temps d'attente en agence
03/02/2023 15:40,Zone Centre,Agence du Parc,GAB,4,2,Personnel accueillant et souriant,,Former le personnel à l'accueil des clients
03/02/2023 16:30,Zone Centre,Agence de la Gare,Application mobile,4,5,,Très bonne orientation dès l'entrée,
03/02/2023 17:50,Zone Centre,Agence de la Gare,Guichet,4,2,Très bonne orientation dès l'entrée,,
04/02/2023 10:38,Zone Nord,Agence des Palmiers,GAB,4,5,,,Proposer plus de services sur l'application mobile
04/02/2023 14:01,Zone Est,Agence de l'Horloge,Guichet,5,5,Agence propre et bien organisée,Agence propre et bien organisée,
04/02/2023 16:17,Zone Centre,Agence du Parc,Conseiller clientèle,4,3,Service rapide et efficace,,Installer plus de sièges dans la salle d'attente
06/02/2023 09:49,Zone Nord,Agence du Littoral,Accueil,4,5,,Service rapide et efficace,Ouvrir l'agence le samedi matin
06/02/2023 10:34,Zone Est,Agence des Acacias,Guichet,5,3,,,
06/02/2023 10:46,Zone Est,Agence des Acacias,Conseiller clientèle,5,5,Service rapide et efficace,Conseiller à l'écoute du client,
06/02/2023 12:27,Zone Est,Agence du Stade,Conseiller clientèle,5,4,Service rapide et efficace,,Climatiser la salle d'attente de l'agence
06/02/2023 13:16,Zone Centre,Agence de la Gare,Guichet,5,4,Personnel accueillant et souriant,Personnel accueillant et souriant,Ouvrir l'agence le samedi matin
06/02/2023 14:11,Zone Est,Agence des Acacias,Centre d'appels,5,5,,,
07/02/2023 08:22,Zone Ouest,Agence de la Corniche,Guichet,5,4,Agence propre et bien organisée,Prise en charge rapide au guichet,Former le personnel à l'accueil des clients
07/02/2023 08:30,Zone Sud,Agence des Collines,Guichet,5,4,Personnel accueillant et souriant,Prise en charge rapide au guichet,Former le personnel à l'accueil des clients
07/02/2023 09:04,Zone Sud,Agence des Collines,Conseiller clientèle,3,5,Peu d'écoute face à ma réclamation,,Réduire le temps d'attente au guichet
07/02/2023 10:02,Zone Est,Agence des Acacias,Conseiller clientèle,4,2,Prise en charge rapide au guichet,Peu d'écoute face à ma réclamation,
07/02/2023 10:14,Zone Est,Agence de l'Horloge,Guichet,3,5,,Prise en charge rapide au guichet,Former le personnel à l'accueil des clients
07/02/2023 10:37,Zone Centre,Agence du Parc,Accueil,5,4,Agence propre et bien organisée,Personnel accueillant et souriant,
07/02/2023 10:40,Zone Sud,Agence des Collines,Guichet,1,3,Manque de personnel aux heures de pointe,Peu d'écoute face à ma réclamation,Réduire les frais de tenue de compte
07/02/2023 11:20,Zone Nord,Agence des Palmiers,Guichet,5,4,,Service rapide et efficace,Ouvrir l'agence le samedi matin
07/02/2023 12:08,Zone Est,Agence des Acacias,Accueil,5,5,Agence propre et bien organisée,Conseiller à l'écoute du client,
07/02/2023 15:18,Zone Nord,Agence des Dunes,Guichet,4,4,Service rapide et efficace,,
08/02/2023 08:16,Zone Est,Agence de l'Horloge,Conseiller clientèle,3,4,,Très bonne orientation dès l'entrée,
08/02/2023 08:32,Zone Ouest,Agence du Phare,Guichet,4,5,,Très bonne orientation dès l'entrée,Réduire le temps d'attente au guichet
08/02/2023 08:57,Zone Nord,Agence des Palmiers,GAB,4,3,,,
08/02/2023 10:38,Zone Centre,Agence du Parc,Conseiller clientèle,5,5,,,Réduire les frais de tenue de compte
08/02/2023 11:33,Zone Nord,Agence des Dunes,Guichet,4,5,,,
08/02/2023 13:42,Zone Sud,Agence de la Rivière,Conseiller clientèle,5,3,,,
08/02/2023 14:14,Zone Est,Agence de l'Horloge,Guichet,5,3,Prise en charge rapide au guichet,,
08/02/2023 14:32,Zone Sud,Agence des Collines,Application mobile,5,3,,Personnel accueillant et souriant,Former le personnel à l'accueil des clients
09/02/2023 11:04,Zone Ouest,Agence de la Corniche,GAB,3,2,Peu d'écoute face à ma réclamation,,Mettre en place un système de tickets plus clair
09/02/2023 11:18,Zone Centre,Agence du Marché,Accueil,5,5,Service rapide et efficace,Très bonne orientation dès l'entrée,
09/02/2023 11:53,Zone Ouest,Agence du Phare,Conseiller clientèle,4,4,,Très bonne orientation dès l'entrée,Mettre en place un système de tickets plus clair
09/02/2023 16:05,Zone Est,Agence des Acacias,Accueil,4,3,,,
09/02/2023 16:32,Zone Est,Agence du Stade,Accueil,3,3,,,Ouvrir l'agence le samedi matin
10/02/2023 09:58,Zone Centre,Agence du Parc,Centre d'appels,4,3,Personnel accueillant et souriant,,
10/02/2023 15:59,Zone Nord,Agence des Palmiers,Conseiller clientèle,3,4,,,Ouvrir l'agence le samedi matin
10/02/2023 17:46,Zone Ouest,Agence de la Corniche,GAB,3,4,,Personnel accueillant et souriant,
11/02/2023 08:15,Zone Ouest,Agence de la Corniche,Conseiller clientèle,4,5,,Service rapide et efficace,
11/02/2023 09:42,Zone Ouest,Agence de la Corniche,Conseiller clientèle,3,3,,,Réduire le temps d'attente au guichet
13/02/2023 09:30,Zone Est,Agence de l'Horloge,Centre d'appels,5,3,Temps d'attente trop long au guichet,,
13/02/2023 13:55,Zone Nord,Agence du Littoral,Accueil,3,5,,,Réduire les frais de tenue de compte
13/02/2023 14:56,Zone Centre,Agence de la Gare,Conseiller clientèle,4,4,Guichet automatique souvent en panne,Agence propre et bien organisée,
13/02/2023 15:32,Zone Est,Agence des Acacias,Conseiller clientèle,4,5,Personnel accueillant et souriant,Très bonne orientation dès l'entrée,Améliorer l'application mobile de la banque
14/02/2023 09:31,Zone Est,Agence des Acacias,Accueil,5,5,,,Climatiser la salle d'attente de l'agence
14/02/2023 13:48,Zone Est,Agence de l'Horloge,GAB,5,5,Très bonne orientation dès l'entrée,Très bonne orientation dès l'entrée,Mettre en place un système de tickets plus clair
14/02/2023 15:13,Zone Nord,Agence des Dunes,Accueil,4,2,Très bonne orientation dès l'entrée,Peu d'écoute face à ma réclamation,
14/02/2023 17:42,Zone Centre,Agence de la Gare,GAB,5,5,,Conseiller à l'écoute du client,
15/02/2023 08:46,Zone Est,Agence du Stade,Accueil,4,5,,File d'attente mal organisée,
15/02/2023 10:13,Zone Centre,Agence de la Gare,Accueil,4,5,,,
15/02/2023 10:36,Zone Est,Agence de l'Horloge,Application mobile,4,5,Personnel accueillant et souriant,,Climatiser la salle d'attente de l'agence
15/02/2023 11:50,Zone Centre,Agence de la Gare,Guichet,3,4,,Agence propre et bien organisée,
15/02/2023 11:51,Zone Centre,Agence de la Gare,Guichet,3,5,,Personnel accueillant et souriant,
15/02/2023 15:13,Zone Nord,Agence des Palmiers,GAB,5,3,Prise en charge rapide au guichet,,Améliorer l'application mobile de la banque
15/02/2023 17:31,Zone Est,Agence des Acacias,Guichet,4,4,Très bonne orientation dès l'entrée,,Installer plus de sièges dans la salle d'attente
16/02/2023 11:48,Zone Est,Agence des Acacias,GAB,5,3,Prise en charge rapide au guichet,,Installer plus de sièges dans la salle d'attente
16/02/2023 15:30,Zone Est,Agence des Acacias,Accueil,5,5,Agence propre et bien organisée,,Proposer plus de services sur l'application mobile
17/02/2023 09:36,Zone Centre,Agence du Parc,Accueil,5,4,Personnel accueillant et souriant,,Installer plus de sièges dans la salle d'attente
17/02/2023 10:40,Zone Nord,Agence du Littoral,Accueil,4,5,Agence propre et bien organisée,Agence propre et bien organisée,Former le personnel à l'accueil des clients
17/02/2023 11:04,Zone Nord,Agence du Littoral,Accueil,5,4,,Personnel accueillant et souriant,
17/02/2023 13:01,Zone Est,Agence de l'Horloge,Guichet,5,3,Très bonne orientation dès l'entrée,,Améliorer l'application mobile de la banque
17/02/2023 14:30,Zone Est,Agence du Stade,GAB,3,4,,Très bonne orientation dès l'entrée,Proposer plus de services sur l'application mobile
17/02/2023 16:11,Zone Nord,Agence des Dunes,Conseiller clientèle,4,2,Prise en charge rapide au guichet,Temps d'attente trop long au guichet,
17/02/2023 16:34,Zone Nord,Agence des Palmiers,Conseiller clientèle,5,5,Personnel accueillant et souriant,Service rapide et efficace,
17/02/2023 17:18,Zone Est,Agence de l'Horloge,Conseiller clientèle,5,4,Peu d'écoute face à ma réclamation,Prise en charge rapide au guichet,Améliorer l'application mobile de la banque
18/02/2023 09:32,Zone Nord,Agence du Littoral,Conseiller clientèle,5,3,Agence propre et bien organisée,,Ouvrir l'agence le samedi matin
18/02/2023 10:01,Zone Centre,Agence de la Gare,Accueil,5,4,Service rapide et efficace,Personnel accueillant et souriant,
20/02/2023 09:07,Zone Ouest,Agence du Phare,GAB,3,4,,Agence propre et bien organisée,
20/02/2023 09:22,Zone Sud,Agence de la Rivière,Application mobile,2,4,File d'attente mal organisée,Agence propre et bien organisée,
20/02/2023 11:32,Zone Ouest,Agence de la Corniche,Application mobile,5,3,Service rapide et efficace,,
20/02/2023 11:37,Zone Nord,Agence des Palmiers,Guichet,2,5,Temps d'attente trop long au guichet,,
20/02/2023 12:44,Zone Ouest,Agence de la Corniche,Centre d'appels,4,2,,Horaires d'ouverture peu pratiques,Réduire les frais de tenue de compte
20/02/2023 16:18,Zone Nord,Agence des Palmiers,Accueil,4,5,Très bonne orientation dès l'entrée,Conseiller à l'écoute du client,
20/02/2023 16:49,Zone Centre,Agence du Parc,Centre d'appels,5,5,Agence propre et bien organisée,,Proposer plus de services sur l'application mobile
21/02/2023 09:07,Zone Centre,Agence de la Gare,GAB,3,5,,,
21/02/2023 09:39,Zone Sud,Agence de la Rivière,GAB,5,3,,,Réduire le temps d'attente au guichet
21/02/2023 09:57,Zone Ouest,Agence de la Corniche,GAB,4,3,Prise en charge rapide au guichet,,
21/02/2023 11:22,Zone Centre,Agence de la Gare,Guichet,4,4,,Service rapide et efficace,
21/02/2023 11:35,Zone Centre,Agence du Parc,Application mobile,5,5,,Service rapide et efficace,
21/02/2023 11:40,Zone Sud,Agence des Collines,Conseiller clientèle,4,2,,Horaires d'ouverture peu pratiques,Proposer plus de services sur l'application mobile
21/02/2023 12:40,Zone Centre,Agence du Marché,Guichet,5,4,Temps d'attente trop long au guichet,Personnel accueillant et souriant,
21/02/2023 13:32,Zone Sud,Agence de la Rivière,GAB,4,2,,Temps d'attente trop long au guichet,Proposer plus de services sur l'application mobile
21/02/2023 14:44,Zone Est,Agence des Acacias,Centre d'appels,4,5,Agence propre et bien organisée,,Installer plus de sièges dans la salle d'attente
21/02/2023 15:11,Zone Est,Agence du Stade,Application mobile,4,3,Très bonne orientation dès l'entrée,,Réduire les frais de tenue de compte
21/02/2023 15:54,Zone Nord,Agence des Dunes,Guichet,4,5,Horaires d'ouverture peu pratiques,Personnel accueillant et souriant,Augmenter le personnel aux heures de pointe
21/02/2023 16:07,Zone Nord,Agence du Littoral,GAB,5,4,Temps d'attente trop long au guichet,Très bonne orientation dès l'entrée,Installer plus de sièges dans la salle d'attente
22/02/2023 08:22,Zone Nord,Agence des Palmiers,Conseiller clientèle,3,4,,Conseiller à l'écoute du client,Ouvrir l'agence le samedi matin
22/02/2023 08:59,Zone Sud,Agence de la Rivière,Centre d'appels,4,4,Très bonne orientation dès l'entrée,,Réduire les frais de tenue de compte
22/02/2023 10:50,Zone Ouest,Agence de la Corniche,Conseiller clientèle,3,4,,Personnel accueillant et souriant,
22/02/2023 11:08,Zone Centre,Agence de la Gare,Conseiller clientèle,4,4,,,Former le personnel à l'accueil des clients
22/02/2023 12:13,Zone Centre,Agence du Parc,Conseiller clientèle,5,3,,,
22/02/2023 14:29,Zone Est,Agence du Stade,Accueil,4,2,Service rapide et efficace,Temps d'attente trop long au guichet,
23/02/2023 08:20,Zone Centre,Agence de la Gare,Application mobile,3,4,,Agence propre et bien organisée,
23/02/2023 10:49,Zone Centre,Agence du Marché,Accueil,4,4,Prise en charge rapide au guichet,Prise en charge rapide au guichet,
23/02/2023 11:38,Zone Nord,Agence des Palmiers,Guichet,5,5,,Personnel accueillant et souriant,
23/02/2023 17:59,Zone Nord,Agence du Littoral,Conseiller clientèle,4,5,Temps d'attente trop long au guichet,Service rapide et efficace,Améliorer l'application mobile de la banque
24/02/2023 08:46,Zone Est,Agence de l'Horloge,Guichet,4,3,Conseiller à l'écoute du client,,
24/02/2023 10:10,Zone Nord,Agence des Palmiers,Guichet,5,4,Prise en charge rapide au guichet,Personnel accueillant et souriant,
24/02/2023 12:20,Zone Centre,Agence du Marché,Conseiller clientèle,4,3,Très bonne orientation dès l'entrée,,Augmenter le personnel aux heures de pointe
24/02/2023 12:56,Zone Est,Agence du Stade,GAB,2,3,Manque de personnel aux heures de pointe,,
24/02/2023 13:19,Zone Ouest,Agence du Phare,Accueil,4,3,Agence propre et bien organisée,,
24/02/2023 16:01,Zone Centre,Agence du Marché,Application mobile,4,5,,,
24/02/2023 16:16,Zone Est,Agence de l'Horloge,GAB,5,4,,Prise en charge rapide au guichet,Climatiser la salle d'attente de l'agence
25/02/2023 15:00,Zone Ouest,Agence du Phare,GAB,5,5,Très bonne orientation dès l'entrée,Agence propre et bien organisée,
25/02/2023 17:57,Zone Ouest,Agence de la Corniche,Application mobile,3,5,,,Proposer plus de services sur l'application mobile
27/02/2023 10:15,Zone Sud,Agence des Collines,Guichet,2,4,Guichet automatique souvent en panne,Agence propre et bien organisée,Améliorer le temps d'attente en agence
28/02/2023 08:08,Zone Est,Agence du Stade,Guichet,3,5,,,
28/02/2023 09:43,Zone Est,Agence de l'Horloge,Application mobile,3,4,,,
28/02/2023 10:28,Zone Centre,Agence de la Gare,GAB,4,4,Agence propre et bien organisée,Service rapide et efficace,
28/02/2023 12:32,Zone Est,Agence de l'Horloge,Accueil,5,4,Service rapide et efficace,,Proposer plus de services sur l'application mobile
28/02/2023 13:57,Zone Ouest,Agence de la Corniche,Guichet,4,4,,,
28/02/2023 16:43,Zone Sud,Agence de la Rivière,GAB,3,4,,Service rapide et efficace,
01/03/2023 14:05,Zone Nord,Agence du Littoral,Accueil,5,4,Agence propre et bien organisée,Personnel accueillant et souriant,
02/03/2023 15:06,Zone Sud,Agence de la Rivière,GAB,3,3,Manque de personnel aux heures de pointe,Très bonne orientation dès l'entrée,
03/03/2023 09:43,Zone Nord,Agence des Dunes,Accueil,5,5,Guichet automatique souvent en panne,Conseiller à l'écoute du client,
03/03/2023 11:04,Zone Sud,Agence de la Rivière,Conseiller clientèle,5,3,Service rapide et efficace,,
03/03/2023 14:09,Zone Est,Agence de l'Horloge,Guichet,4,3,Conseiller à l'écoute du client,,
03/03/2023 14:19,Zone Ouest,Agence de la Corniche,Guichet,5,4,Très bonne orientation dès l'entrée,Agence propre et bien organisée,Améliorer l'application mobile de la banque
03/03/2023 14:40,Zone Est,Agence du Stade,Guichet,3,4,,Personnel accueillant et souriant,Mettre en place un système de tickets plus clair
03/03/2023 15:26,Zone Est,Agence des Acacias,Accueil,5,5,,Conseiller à l'écoute du client,Climatiser la salle d'attente de l'agence
03/03/2023 16:35,Zone Ouest,Agence du Phare,Conseiller clientèle,5,2,Très bonne orientation dès l'entrée,Peu d'écoute face à ma réclamation,Climatiser la salle d'attente de l'agence
03/03/2023 17:22,Zone Ouest,Agence de la Corniche,Application mobile,4,3,Prise en charge rapide au guichet,,Ajouter un guichet automatique dans le quartier
04/03/2023 10:03,Zone Nord,Agence des Dunes,Guichet,3,3,Agence propre et bien organisée,,Améliorer l'application mobile de la banque
04/03/2023 10:16,Zone Centre,Agence de la Gare,Centre d'appels,3,4,Manque de personnel aux heures de pointe,,Réduire les frais de tenue de compte
04/03/2023 11:57,Zone Ouest,Agence de la Corniche,Guichet,5,2,,Temps d'attente trop long au guichet,Améliorer le temps d'attente en agence
04/03/2023 15:22,Zone Est,Agence de l'Horloge,Guichet,5,5,Prise en charge rapide au guichet,,Installer plus de sièges dans la salle d'attente
04/03/2023 16:06,Zone Centre,Agence de la Gare,GAB,3,4,,Très bonne orientation dès l'entrée,Réduire le temps d'attente au guichet
04/03/2023 17:16,Zone Est,Agence du Stade,Accueil,4,4,,Service rapide et efficace,
06/03/2023 08:22,Zone Ouest,Agence de la Corniche,Conseiller clientèle,4,4,Service rapide et efficace,,
06/03/2023 08:32,Zone Ouest,Agence de la Corniche,GAB,4,2,,Peu d'écoute face à ma réclamation,Améliorer l'application mobile de la banque
06/03/2023 09:04,Zone Centre,Agence de la Gare,Guichet,4,4,,Très bonne orientation dès l'entrée,Ouvrir l'agence le samedi matin
06/03/2023 09:13,Zone Est,Agence du Stade,Guichet,3,3,,,Améliorer l'application mobile de la banque
06/03/2023 09:41,Zone Ouest,Agence du Phare,Accueil,3,5,Service rapide et efficace,Agence propre et bien organisée,Installer plus de sièges dans la salle d'attente
06/03/2023 14:15,Zone Nord,Agence du Littoral,Guichet,4,5,Service rapide et efficace,Service rapide et efficace,
06/03/2023 14:23,Zone Est,Agence du Stade,GAB,5,2,Service rapide et efficace,Manque de personnel aux heures de pointe,
06/03/2023 16:39,Zone Est,Agence du Stade,Guichet,4,4,,Prise en charge rapide au guichet,Améliorer le temps d'attente en agence
07/03/2023 14:19,Zone Nord,Agence du Littoral,Conseiller clientèle,4,5,Conseiller à l'écoute du client,Personnel accueillant et souriant,
07/03/2023 16:24,Zone Est,Agence des Acacias,Conseiller clientèle,5,5,Prise en charge rapide au guichet,,
07/03/2023 16:47,Zone Est,Agence du Stade,Centre d'appels,4,4,Agence propre et bien organisée,,
08/03/2023 09:37,Zone Sud,Agence des Collines,Application mobile,4,3,Prise en charge rapide au guichet,Très bonne orientation dès l'entrée,Réduire le temps d'attente au guichet
08/03/2023 10:18,Zone Est,Agence du Stade,Conseiller clientèle,4,3,Prise en charge rapide au guichet,,Former le personnel à l'accueil des clients
08/03/2023 11:24,Zone Ouest,Agence de la Corniche,Guichet,4,1,,Manque de personnel aux heures de pointe,Ajouter un guichet automatique dans le quartier
08/03/2023 11:27,Zone Nord,Agence des Dunes,Conseiller clientèle,5,3,Prise en charge rapide au guichet,,Mettre en place un système de tickets plus clair
08/03/2023 13:04,Zone Sud,Agence des Collines,Application mobile,4,4,Agence propre et bien organisée,,
08/03/2023 14:57,Zone Nord,Agence du Littoral,Guichet,5,3,Temps d'attente trop long au guichet,,Proposer plus de services sur l'application mobile
08/03/2023 15:18,Zone Sud,Agence des Collines,Conseiller clientèle,4,4,Agence propre et bien organisée,Horaires d'ouverture peu pratiques,Améliorer l'application mobile de la banque
09/03/2023 09:38,Zone Sud,Agence de la Rivière,Application mobile,2,4,Conseiller à l'écoute du client,,
09/03/2023 12:27,Zone Centre,Agence du Parc,Accueil,3,3,,,Ajouter un guichet automatique dans le quartier
09/03/2023 12:34,Zone Ouest,Agence de la Corniche,Application mobile,3,5,,Service rapide et efficace,Former le personnel à l'accueil des clients
09/03/2023 15:17,Zone Nord,Agence des Dunes,Centre d'appels,5,2,Prise en charge rapide au guichet,Manque de personnel aux heures de pointe,
10/03/2023 08:49,Zone Ouest,Agence de la Corniche,Application mobile,4,2,,,Climatiser la salle d'attente de l'agence
10/03/2023 09:20,Zone Est,Agence des Acacias,Conseiller clientèle,3,5,,Prise en charge rapide au guichet,
10/03/2023 10:20,Zone Sud,Agence de la Rivière,Guichet,4,5,Conseiller à l'écoute du client,,Ouvrir l'agence le samedi matin
10/03/2023 11:01,Zone Centre,Agence du Marché,Conseiller clientèle,4,5,,Agence propre et bien organisée,Ouvrir l'agence le samedi matin
10/03/2023 12:58,Zone Centre,Agence de la Gare,GAB,5,3,,,
10/03/2023 14:56,Zone Centre,Agence du Parc,Accueil,4,4,,Service rapide et efficace,
10/03/2023 16:31,Zone Centre,Agence du Marché,Application mobile,5,2,Conseiller à l'écoute du client,Horaires d'ouverture peu pratiques,Améliorer le temps d'attente en agence
11/03/2023 08:54,Zone Sud,Agence de la Rivière,Conseiller clientèle,3,2,File d'attente mal organisée,Peu d'écoute face à ma réclamation,
11/03/2023 09:07,Zone Nord,Agence des Dunes,Centre d'appels,4,2,Guichet automatique souvent en panne,Temps d'attente trop long au guichet,
11/03/2023 09:20,Zone Sud,Agence des Collines,Conseiller clientèle,2,3,Peu d'écoute face à ma réclamation,Service rapide et efficace,
13/03/2023 09:01,Zone Nord,Agence des Dunes,Guichet,3,4,,Très bonne orientation dès l'entrée,
13/03/2023 10:59,Zone Est,Agence du Stade,Conseiller clientèle,5,5,Personnel accueillant et souriant,Service rapide et efficace,
13/03/2023 11:30,Zone Ouest,Agence de la Corniche,Accueil,4,4,Agence propre et bien organisée,Agence propre et bien organisée,
13/03/2023 15:07,Zone Ouest,Agence de la Corniche,GAB,5,3,Service rapide et efficace,,Former le personnel à l'accueil des clients
13/03/2023 15:38,Zone Ouest,Agence de la Corniche,Guichet,3,5,,,Ajouter un guichet automatique dans le quartier
14/03/2023 11:24,Zone Est,Agence de l'Horloge,Conseiller clientèle,4,5,,Personnel accueillant et souriant,Augmenter le personnel aux heures de pointe
14/03/2023 12:12,Zone Sud,Agence de la Rivière,GAB,5,5,Service rapide et efficace,Très bonne orientation dès l'entrée,Installer plus de sièges dans la salle d'attente
14/03/2023 12:46,Zone Est,Agence des Acacias,Conseiller clientèle,5,5,Très bonne orientation dès l'entrée,,Climatiser la salle d'attente de l'agence
14/03/2023 14:37,Zone Est,Agence des Acacias,Centre d'appels,4,4,,,
14/03/2023 16:02,Zone Ouest,Agence du Phare,Guichet,5,5,Très bonne orientation dès l'entrée,Prise en charge rapide au guichet,Réduire les frais de tenue de compte
14/03/2023 16:30,Zone Centre,Agence du Parc,Conseiller clientèle,4,3,Service rapide et efficace,,Augmenter le personnel aux heures de pointe
14/03/2023 16:41,Zone Est,Agence de l'Horloge,GAB,5,4,,Service rapide et efficace,
15/03/2023 09:26,Zone Sud,Agence de la Rivière,Guichet,4,4,,Personnel accueillant et souriant,
15/03/2023 09:54,Zone Nord,Agence des Palmiers,GAB,5,4,Personnel accueillant et souriant,,Améliorer l'application mobile de la banque
15/03/2023 10:34,Zone Est,Agence des Acacias,Guichet,5,5,Prise en charge rapide au guichet,Conseiller à l'écoute du client,
15/03/2023 11:09,Zone Nord,Agence du Littoral,Guichet,5,5,Conseiller à l'écoute du client,Très bonne orientation dès l'entrée,Proposer plus de services sur l'application mobile
15/03/2023 11:59,Zone Nord,Agence des Dunes,Conseiller clientèle,3,2,,,Réduire le temps d'attente au guichet
15/03/2023 12:40,Zone Nord,Agence des Palmiers,Accueil,5,1,Conseiller à l'écoute du client,Manque de personnel aux heures de pointe,
15/03/2023 13:58,Zone Est,Agence de l'Horloge,Guichet,4,5,Prise en charge rapide au guichet,Prise en charge rapide au guichet,
15/03/2023 14:57,Zone Ouest,Agence de la Corniche,Application mobile,3,3,,,
15/03/2023 15:02,Zone Est,Agence de l'Horloge,Conseiller clientèle,5,5,Service rapide et efficace,Prise en charge rapide au guichet,Réduire les frais de tenue de compte
15/03/2023 17:23,Zone Sud,Agence des Collines,Guichet,5,3,Très bonne orientation dès l'entrée,,Mettre en place un système de tickets plus clair
16/03/2023 12:01,Zone Est,Agence de l'Horloge,Accueil,4,4,Personnel accueillant et souriant,,Améliorer l'application mobile de la banque
16/03/2023 16:02,Zone Est,Agence des Acacias,Centre d'appels,5,3,Très bonne orientation dès l'entrée,,
17/03/2023 08:17,Zone Nord,Agence du Littoral,Guichet,5,4,,Peu d'écoute face à ma réclamation,
17/03/2023 09:26,Zone Nord,Agence du Littoral,Guichet,5,4,Prise en charge rapide au guichet,,Augmenter le personnel aux heures de pointe
17/03/2023 10:39,Zone Ouest,Agence de la Corniche,GAB,3,4,,Service rapide et efficace,
17/03/2023 11:43,Zone Centre,Agence du Marché,Guichet,3,3,,,Mettre en place un système de tickets plus clair
17/03/2023 11:44,Zone Nord,Agence du Littoral,Accueil,5,5,Service rapide et efficace,Agence propre et bien organisée,
17/03/2023 11:53,Zone Est,Agence des Acacias,Guichet,3,4,,,
17/03/2023 12:26,Zone Centre,Agence du Parc,Guichet,4,3,Prise en charge rapide au guichet,,
18/03/2023 08:32,Zone Centre,Agence du Parc,GAB,2,2,Horaires d'ouverture peu pratiques,Peu d'écoute face à ma réclamation,
18/03/2023 08:38,Zone Sud,Agence des Collines,Accueil,4,4,Service rapide et efficace,,
18/03/2023 10:17,Zone Est,Agence des Acacias,Guichet,5,5,Agence propre et bien organisée,,Former le personnel à l'accueil des clients
18/03/2023 11:14,Zone Sud,Agence des Collines,Guichet,2,2,,Guichet automatique souvent en panne,
18/03/2023 11:19,Zone Est,Agence du Stade,Accueil,4,4,Agence propre et bien organisée,Manque de personnel aux heures de pointe,Améliorer l'application mobile de la banque
18/03/2023 11:43,Zone Nord,Agence du Littoral,Accueil,5,5,File d'attente mal organisée,Prise en charge rapide au guichet,
18/03/2023 15:41,Zone Nord,Agence des Dunes,GAB,4,4,,Temps d'attente trop long au guichet,Ajouter un guichet automatique dans le quartier
20/03/2023 09:01,Zone Est,Agence de l'Horloge,GAB,5,3,,,Former le personnel à l'accueil des clients
20/03/2023 10:37,Zone Sud,Agence de la Rivière,GAB,2,4,Agence propre et bien organisée,,
20/03/2023 11:08,Zone Nord,Agence des Palmiers,Application mobile,4,5,Conseiller à l'écoute du client,Temps d'attente trop long au guichet,Ajouter un guichet automatique dans le quartier
20/03/2023 13:33,Zone Est,Agence des Acacias,Conseiller clientèle,5,4,Personnel accueillant et souriant,,Augmenter le personnel aux heures de pointe
20/03/2023 14:44,Zone Ouest,Agence de la Corniche,Conseiller clientèle,5,2,Prise en charge rapide au guichet,,
20/03/2023 17:24,Zone Centre,Agence du Parc,GAB,3,3,,Personnel accueillant et souriant,Augmenter le personnel aux heures de pointe
21/03/2023 09:00,Zone Est,Agence des Acacias,GAB,3,5,,Agence propre et bien organisée,
21/03/2023 11:59,Zone Sud,Agence des Collines,Conseiller clientèle,3,4,,Service rapide et efficace,Former le personnel à l'accueil des clients
21/03/2023 14:36,Zone Ouest,Agence du Phare,Guichet,3,2,,,Mettre en place un système de tickets plus clair
21/03/2023 15:49,Zone Ouest,Agence de la Corniche,Conseiller clientèle,4,4,Personnel accueillant et souriant,Personnel accueillant et souriant,Réduire le temps d'attente au guichet
21/03/2023 16:54,Zone Est,Agence des Acacias,Accueil,5,5,,,
22/03/2023 08:29,Zone Est,Agence de l'Horloge,Application mobile,4,4,,Personnel accueillant et souriant,
22/03/2023 11:38,Zone Est,Agence des Acacias,GAB,4,4,Personnel accueillant et souriant,,Climatiser la salle d'attente de l'agence
22/03/2023 13:32,Zone Ouest,Agence de la Corniche,Conseiller clientèle,4,4,Conseiller à l'écoute du client,,Mettre en place un système de tickets plus clair
22/03/2023 13:39,Zone Sud,Agence des Collines,GAB,5,5,Prise en charge rapide au guichet,Agence propre et bien organisée,
22/03/2023 14:20,Zone Est,Agence des Acacias,GAB,3,5,,,
23/03/2023 08:02,Zone Nord,Agence des Dunes,Guichet,5,3,,File d'attente mal organisée,Former le personnel à l'accueil des clients
23/03/2023 09:34,Zone Est,Agence du Stade,Accueil,4,4,Conseiller à l'écoute du client,Service rapide et efficace,
23/03/2023 12:37,Zone Est,Agence du Stade,Guichet,3,5,,,
23/03/2023 13:34,Zone Ouest,Agence du Phare,Accueil,4,5,,,
23/03/2023 15:52,Zone Sud,Agence des Collines,Conseiller clientèle,4,4,Service rapide et efficace,,
24/03/2023 08:41,Zone Nord,Agence du Littoral,Conseiller clientèle,5,5,,Prise en charge rapide au guichet,Améliorer l'application mobile de la banque
24/03/2023 12:12,Zone Ouest,Agence de la Corniche,Guichet,4,3,Agence propre et bien organisée,,
24/03/2023 13:19,Zone Nord,Agence du Littoral,Accueil,5,4,Peu d'écoute face à ma réclamation,,
24/03/2023 13:21,Zone Ouest,Agence de la Corniche,GAB,3,3,,,
24/03/2023 15:01,Zone Ouest,Agence du Phare,Conseiller clientèle,3,3,,,Ajouter un guichet automatique dans le quartier
25/03/2023 09:17,Zone Ouest,Agence de la Corniche,GAB,3,5,,Agence propre et bien organisée,Augmenter le personnel aux heures de pointe
25/03/2023 09:30,Zone Sud,Agence des Collines,Accueil,3,4,,Très bonne orientation dès l'entrée,Réduire les frais de tenue de compte
25/03/2023 11:09,Zone Nord,Agence du Littoral,Guichet,5,4,Très bonne orientation dès l'entrée,Service rapide et efficace,
25/03/2023 13:02,Zone Ouest,Agence du Phare,Guichet,4,4,,Conseiller à l'écoute du client,
25/03/2023 13:51,Zone Sud,Agence des Collines,Guichet,2,4,Personnel accueillant et souriant,,
25/03/2023 15:25,Zone Est,Agence de l'Horloge,Conseiller clientèle,2,5,Peu d'écoute face à ma réclamation,Très bonne orientation dès l'entrée,
27/03/2023 08:36,Zone Est,Agence de l'Horloge,Accueil,3,4,,Agence propre et bien organisée,
27/03/2023 09:05,Zone Ouest,Agence de la Corniche,Conseiller clientèle,3,2,,File d'attente mal organisée,Améliorer le temps d'attente en agence
27/03/2023 11:49,Zone Est,Agence des Acacias,GAB,5,5,Prise en charge rapide au guichet,Agence propre et bien organisée,
27/03/2023 14:38,Zone Est,Agence du Stade,Conseiller clientèle,3,4,Service rapide et efficace,Conseiller à l'écoute du client,Ouvrir l'agence le samedi matin
27/03/2023 15:26,Zone Ouest,Agence du Phare,Guichet,4,2,Service rapide et efficace,Manque de personnel aux heures de pointe,Installer plus de sièges dans la salle d'attente
28/03/2023 09:17,Zone Est,Agence du Stade,GAB,5,4,,Très bonne orientation dès l'entrée,
28/03/2023 11:02,Zone Est,Agence du Stade,Guichet,5,5,Prise en charge rapide au guichet,Agence propre et bien organisée,Réduire les frais de tenue de compte
28/03/2023 11:21,Zone Est,Agence de l'Horloge,Guichet,2,4,Horaires d'ouverture peu pratiques,Personnel accueillant et souriant,Mettre en place un système de tickets plus clair
28/03/2023 12:11,Zone Nord,Agence des Dunes,Conseiller clientèle,4,5,Agence propre et bien organisée,Conseiller à l'écoute du client,
28/03/2023 14:51,Zone Sud,Agence de la Rivière,Accueil,5,5,Horaires d'ouverture peu pratiques,,
28/03/2023 14:55,Zone Est,Agence de l'Horloge,GAB,3,4,Horaires d'ouverture peu pratiques,Service rapide et efficace,Réduire le temps d'attente au guichet
29/03/2023 08:29,Zone Ouest,Agence du Phare,Guichet,2,3,Temps d'attente trop long au guichet,Peu d'écoute face à ma réclamation,
29/03/2023 09:46,Zone Nord,Agence des Dunes,Accueil,2,3,,,
29/03/2023 11:39,Zone Est,Agence de l'Horloge,Conseiller clientèle,5,4,Agence propre et bien organisée,,
29/03/2023 14:17,Zone Ouest,Agence de la Corniche,Accueil,2,5,File d'attente mal organisée,Service rapide et efficace,Ouvrir l'agence le samedi matin
29/03/2023 14:22,Zone Nord,Agence des Dunes,Application mobile,4,5,,,
29/03/2023 17:10,Zone Est,Agence de l'Horloge,Conseiller clientèle,5,5,,,
30/03/2023 09:31,Zone Nord,Agence des Dunes,Application mobile,3,3,,,Améliorer le temps d'attente en agence
30/03/2023 09:43,Zone Est,Agence du Stade,Application mobile,5,5,Très bonne orientation dès l'entrée,,
30/03/2023 10:15,Zone Sud,Agence des Collines,Centre d'appels,5,5,Très bonne orientation dès l'entrée,Personnel accueillant et souriant,Réduire le temps d'attente au guichet
30/03/2023 10:58,Zone Centre,Agence de la Gare,Guichet,5,5,Service rapide et efficace,Très bonne orientation dès l'entrée,Ouvrir l'agence le samedi matin
30/03/2023 15:34,Zone Est,Agence du Stade,Guichet,4,3,,,
30/03/2023 16:35,Zone Nord,Agence des Dunes,GAB,5,3,Personnel accueillant et souriant,,
30/03/2023 16:56,Zone Nord,Agence des Palmiers,Guichet,5,5,Horaires d'ouverture peu pratiques,Conseiller à l'écoute du client,
31/03/2023 10:29,Zone Nord,Agence des Palmiers,Application mobile,4,3,,,
31/03/2023 10:30,Zone Ouest,Agence du Phare,Accueil,5,3,,,Améliorer le temps d'attente en agence
31/03/2023 11:51,Zone Nord,Agence des Palmiers,Conseiller clientèle,5,4,Service rapide et efficace,Personnel accueillant et souriant,Ouvrir l'agence le samedi matin
31/03/2023 12:16,Zone Nord,Agence du Littoral,Accueil,5,5,Prise en charge rapide au guichet,,
31/03/2023 13:25,Zone Nord,Agence du Littoral,Conseiller clientèle,5,4,Service rapide et efficace,Conseiller à l'écoute du client,
01/04/2023 16:34,Zone Ouest,Agence de la Corniche,Guichet,5,4,Personnel accueillant et souriant,,
03/04/2023 09:40,Zone Nord,Agence du Littoral,Guichet,5,5,,Personnel accueillant et souriant,Ajouter un guichet automatique dans le quartier
03/04/2023 10:30,Zone Nord,Agence des Dunes,Accueil,3,1,,Manque de personnel aux heures de pointe,Améliorer le temps d'attente en agence
03/04/2023 12:33,Zone Ouest,Agence de la Corniche,Guichet,4,3,,,
03/04/2023 12:52,Zone Centre,Agence du Parc,Guichet,5,4,Très bonne orientation dès l'entrée,,
03/04/2023 13:45,Zone Sud,Agence de la Rivière,Conseiller clientèle,4,3,,,
03/04/2023 14:50,Zone Est,Agence des Acacias,Guichet,4,3,Prise en charge rapide au guichet,,Installer plus de sièges dans la salle d'attente
03/04/2023 16:12,Zone Ouest,Agence du Phare,Conseiller clientèle,3,4,,Service rapide et efficace,
03/04/2023 17:04,Zone Nord,Agence des Palmiers,Accueil,3,4,,Personnel accueillant et souriant,Installer plus de sièges dans la salle d'attente
04/04/2023 09:47,Zone Sud,Agence des Collines,Centre d'appels,5,4,Très bonne orientation dès l'entrée,Personnel accueillant et souriant,Installer plus de sièges dans la salle d'attente
04/04/2023 11:43,Zone Centre,Agence de la Gare,Guichet,4,5,Conseiller à l'écoute du client,Personnel accueillant et souriant,
04/04/2023 15:28,Zone Est,Agence de l'Horloge,Conseiller clientèle,4,4,Prise en charge rapide au guichet,,
04/04/2023 17:28,Zone Nord,Agence du Littoral,Guichet,4,2,Conseiller à l'écoute du client,Guichet automatique souvent en panne,
04/04/2023 17:36,Zone Centre,Agence du Parc,Conseiller clientèle,4,4,Personnel accueillant et souriant,,Climatiser la salle d'attente de l'agence
05/04/2023 09:03,Zone Nord,Agence des Dunes,GAB,5,3,Conseiller à l'écoute du client,,
05/04/2023 11:59,Zone Est,Agence de l'Horloge,Application mobile,4,5,Conseiller à l'écoute du client,Service rapide et efficace,
05/04/2023 12:41,Zone Centre,Agence du Marché,Guichet,5,5,Prise en charge rapide au guichet,Conseiller à l'écoute du client,
05/04/2023 15:33,Zone Ouest,Agence de la Corniche,GAB,5,4,Service rapide et efficace,,Augmenter le personnel aux heures de pointe
06/04/2023 09:51,Zone Sud,Agence des Collines,GAB,4,3,,,
06/04/2023 09:53,Zone Sud,Agence des Collines,Accueil,4,3,Personnel accueillant et souriant,,Proposer plus de services sur l'application mobile
06/04/2023 10:50,Zone Nord,Agence des Dunes,Conseiller clientèle,3,4,,,Ajouter un guichet automatique dans le quartier
06/04/2023 12:06,Zone Centre,Agence de la Gare,Accueil,5,3,,,
07/04/2023 12:49,Zone Est,Agence des Acacias,GAB,5,5,Très bonne orientation dès l'entrée,Service rapide et efficace,
07/04/2023 13:27,Zone Est,Agence du Stade,Centre d'appels,3,3,,Temps d'attente trop long au guichet,Installer plus de sièges dans la salle d'attente
07/04/2023 16:31,Zone Est,Agence des Acacias,Centre d'appels,4,4,Agence propre et bien organisée,Conseiller à l'écoute du client,Climatiser la salle d'attente de l'agence
07/04/2023 17:18,Zone Centre,Agence de la Gare,Conseiller clientèle,4,5,Prise en charge rapide au guichet,Personnel accueillant et souriant,
08/04/2023 10:01,Zone Est,Agence du Stade,Centre d'appels,4,3,Service rapide et efficace,Agence propre et bien organisée,Améliorer l'application mobile de la banque
08/04/2023 10:37,Zone Est,Agence de l'Horloge,Guichet,5,5,Conseiller à l'écoute du client,Prise en charge rapide au guichet,Améliorer le temps d'attente en agence
08/04/2023 12:28,Zone Est,Agence du Stade,Centre d'appels,3,5,,Service rapide et efficace,Ajouter un guichet automatique dans le quartier
08/04/2023 14:23,Zone Centre,Agence de la Gare,GAB,4,3,,,Améliorer le temps d'attente en agence
10/04/2023 09:14,Zone Centre,Agence de la Gare,Accueil,5,5,Conseiller à l'écoute du client,Personnel accueillant et souriant,Améliorer l'application mobile de la banque
10/04/2023 10:53,Zone Sud,Agence des Collines,Guichet,4,2,,Peu d'écoute face à ma réclamation,Installer plus de sièges dans la salle d'attente
10/04/2023 15:31,Zone Nord,Agence du Littoral,GAB,5,5,,Personnel accueillant et souriant,Ouvrir l'agence le samedi matin
11/04/2023 09:11,Zone Centre,Agence du Parc,Guichet,3,5,,,Réduire le temps d'attente au guichet
11/04/2023 11:55,Zone Centre,Agence du Parc,GAB,4,5,,Agence propre et bien organisée,
11/04/2023 13:11,Zone Centre,Agence du Parc,Application mobile,5,3,Très bonne orientation dès l'entrée,Peu d'écoute face à ma réclamation,Former le personnel à l'accueil des clients
11/04/2023 14:29,Zone Est,Agence des Acacias,Accueil,4,4,Personnel accueillant et souriant,Service rapide et efficace,
12/04/2023 11:03,Zone Est,Agence de l'Horloge,Guichet,4,5,,Personnel accueillant et souriant,Améliorer le temps d'attente en agence
12/04/2023 12:23,Zone Est,Agence des Acacias,Guichet,5,5,Très bonne orientation dès l'entrée,Prise en charge rapide au guichet,
12/04/2023 16:16,Zone Est,Agence de l'Horloge,Centre d'appels,4,4,Personnel accueillant et souriant,,Installer plus de sièges dans la salle d'attente
13/04/2023 10:03,Zone Ouest,Agence du Phare,GAB,4,4,Agence propre et bien organisée,Personnel accueillant et souriant,Ajouter un guichet automatique dans le quartier
13/04/2023 10:08,Zone Nord,Agence du Littoral,Accueil,5,5,,Agence propre et bien organisée,
13/04/2023 11:02,Zone Centre,Agence du Parc,GAB,4,5,,Prise en charge rapide au guichet,Ajouter un guichet automatique dans le quartier
13/04/2023 11:32,Zone Est,Agence de l'Horloge,Accueil,4,5,Service rapide et efficace,,Ajouter un guichet automatique dans le quartier
13/04/2023 13:56,Zone Est,Agence des Acacias,Guichet,5,5,Service rapide et efficace,Service rapide et efficace,
13/04/2023 16:10,Zone Centre,Agence du Marché,Guichet,5,4,Conseiller à l'écoute du client,Conseiller à l'écoute du client,
14/04/2023 10:48,Zone Nord,Agence du Littoral,Conseiller clientèle,5,5,Prise en charge rapide au guichet,Très bonne orientation dès l'entrée,
14/04/2023 11:03,Zone Nord,Agence du Littoral,Conseiller clientèle,5,5,,Agence propre et bien organisée,Climatiser la salle d'attente de l'agence
14/04/2023 12:49,Zone Ouest,Agence de la Corniche,Guichet,3,2,,,
15/04/2023 13:38,Zone Sud,Agence des Collines,GAB,3,3,,File d'attente mal organisée,
15/04/2023 16:12,Zone Est,Agence du Stade,Conseiller clientèle,5,3,Agence propre et bien organisée,Personnel accueillant et souriant,
15/04/2023 17:40,Zone Sud,Agence des Collines,Guichet,2,5,Manque de personnel aux heures de pointe,,Améliorer l'application mobile de la banque
17/04/2023 08:02,Zone Sud,Agence de la Rivière,GAB,4,2,Service rapide et efficace,,Réduire les frais de tenue de compte
17/04/2023 09:39,Zone Nord,Agence des Dunes,Conseiller clientèle,5,2,Personnel accueillant et souriant,Peu d'écoute face à ma réclamation,
17/04/2023 09:51,Zone Nord,Agence des Palmiers,Guichet,5,4,,Guichet automatique souvent en panne,
17/04/2023 10:40,Zone Ouest,Agence de la Corniche,Accueil,3,4,Agence propre et bien organisée,Personnel accueillant et souriant,Proposer plus de services sur l'application mobile
17/04/2023 14:03,Zone Ouest,Agence de la Corniche,Conseiller clientèle,4,3,,,Proposer plus de services sur l'application mobile
17/04/2023 16:59,Zone Nord,Agence du Littoral,GAB,5,5,Personnel accueillant et souriant,Prise en charge rapide au guichet,Proposer plus de services sur l'application mobile
17/04/2023 17:32,Zone Sud,Agence des Collines,Conseiller clientèle,4,4,Service rapide et efficace,Agence propre et bien organisée,Améliorer le temps d'attente en agence
17/04/2023 17:53,Zone Est,Agence du Stade,Accueil,5,4,Conseiller à l'écoute du client,,Augmenter le personnel aux heures de pointe
18/04/2023 08:38,Zone Nord,Agence des Dunes,Guichet,5,4,Agence propre et bien organisée,Très bonne orientation dès l'entrée,
18/04/2023 09:30,Zone Nord,Agence du Littoral,Conseiller clientèle,5,4,,Prise en charge rapide au guichet,Proposer plus de services sur l'application mobile
18/04/2023 10:08,Zone Est,Agence des Acacias,Conseiller clientèle,5,4,Très bonne orientation dès l'entrée,,
18/04/2023 10:20,Zone Centre,Agence de la Gare,Conseiller clientèle,5,3,,,Ajouter un guichet automatique dans le quartier
18/04/2023 10:26,Zone Est,Agence des Acacias,Conseiller clientèle,3,5,,,Augmenter le personnel aux heures de pointe
18/04/2023 14:19,Zone Est,Agence des Acacias,Application mobile,4,5,,,Augmenter le personnel aux heures de pointe
18/04/2023 15:18,Zone Centre,Agence de la Gare,Guichet,4,4,Agence propre et bien organisée,,
18/04/2023 15:45,Zone Centre,Agence du Parc,Guichet,5,4,Personnel accueillant et souriant,Agence propre et bien organisée,
18/04/2023 16:01,Zone Est,Agence du Stade,Guichet,5,5,Prise en charge rapide au guichet,Service rapide et efficace,Former le personnel à l'accueil des clients
18/04/2023 16:17,Zone Ouest,Agence de la Corniche,Application mobile,3,2,Manque de personnel aux heures de pointe,,
18/04/2023 17:43,Zone Sud,Agence des Collines,Accueil,4,5,Conseiller à l'écoute du client,,
19/04/2023 14:13,Zone Est,Agence du Stade,Guichet,4,5,Conseiller à l'écoute du client,,Ajouter un guichet automatique dans le quartier
20/04/2023 08:29,Zone Centre,Agence du Parc,GAB,4,4,Service rapide et efficace,Service rapide et efficace,Augmenter le personnel aux heures de pointe
20/04/2023 09:05,Zone Sud,Agence des Collines,Guichet,4,4,Service rapide et efficace,,
20/04/2023 09:13,Zone Est,Agence de l'Horloge,Centre d'appels,4,3,Service rapide et efficace,,Proposer plus de services sur l'application mobile
20/04/2023 09:16,Zone Centre,Agence de la Gare,GAB,4,3,Très bonne orientation dès l'entrée,,
20/04/2023 10:09,Zone Ouest,Agence du Phare,Conseiller clientèle,3,4,Guichet automatique souvent en panne,Agence propre et bien organisée,Réduire le temps d'attente au guichet
20/04/2023 11:05,Zone Est,Agence du Stade,Conseiller clientèle,4,4,Très bonne orientation dès l'entrée,Très bonne orientation dès l'entrée,
20/04/2023 11:18,Zone Ouest,Agence de la Corniche,Guichet,4,3,Conseiller à l'écoute du client,,Mettre en place un système de tickets plus clair
20/04/2023 12:08,Zone Nord,Agence des Dunes,Accueil,3,3,Horaires d'ouverture peu pratiques,,
20/04/2023 13:07,Zone Nord,Agence du Littoral,Guichet,5,5,,Personnel accueillant et souriant,Mettre en place un système de tickets plus clair
21/04/2023 09:20,Zone Est,Agence de l'Horloge,Accueil,3,4,,Prise en charge rapide au guichet,Ouvrir l'agence le samedi matin
21/04/2023 09:41,Zone Ouest,Agence de la Corniche,Application mobile,2,4,Manque de personnel aux heures de pointe,Très bonne orientation dès l'entrée,
21/04/2023 11:28,Zone Nord,Agence des Dunes,Conseiller clientèle,5,4,Agence propre et bien organisée,,
21/04/2023 12:59,Zone Ouest,Agence de la Corniche,Guichet,4,5,Service rapide et efficace,,
21/04/2023 16:58,Zone Ouest,Agence de la Corniche,Guichet,5,3,,,
22/04/2023 08:40,Zone Est,Agence du Stade,Conseiller clientèle,2,5,Temps d'attente trop long au guichet,Très bonne orientation dès l'entrée,
24/04/2023 11:10,Zone Est,Agence de l'Horloge,GAB,4,4,Prise en charge rapide au guichet,,Ouvrir l'agence le samedi matin
24/04/2023 11:30,Zone Centre,Agence du Parc,Guichet,4,4,Service rapide et efficace,,Climatiser la salle d'attente de l'agence
24/04/2023 13:40,Zone Nord,Agence des Palmiers,Centre d'appels,5,4,Agence propre et bien organisée,,Améliorer le temps d'attente en agence
24/04/2023 15:55,Zone Nord,Agence des Palmiers,Guichet,5,3,Conseiller à l'écoute du client,Temps d'attente trop long au guichet,Climatiser la salle d'attente de l'agence
25/04/2023 10:22,Zone Centre,Agence de la Gare,Application mobile,2,4,Horaires d'ouverture peu pratiques,Prise en charge rapide au guichet,Installer plus de sièges dans la salle d'attente
25/04/2023 11:29,Zone Sud,Agence de la Rivière,Guichet,4,5,,,
25/04/2023 16:16,Zone Nord,Agence des Dunes,Application mobile,3,2,Peu d'écoute face à ma réclamation,Guichet automatique souvent en panne,
26/04/2023 08:39,Zone Sud,Agence de la Rivière,Guichet,5,5,Très bonne orientation dès l'entrée,Agence propre et bien organisée,Améliorer le temps d'attente en agence
26/04/2023 08:44,Zone Sud,Agence de la Rivière,Guichet,4,5,Service rapide et efficace,,Réduire les frais de tenue de compte
26/04/2023 09:48,Zone Nord,Agence du Littoral,Application mobile,5,5,Personnel accueillant et souriant,Agence propre et bien organisée,Mettre en place un système de tickets plus clair
26/04/2023 13:44,Zone Ouest,Agence du Phare,Guichet,4,5,,,
26/04/2023 14:08,Zone Centre,Agence du Parc,Application mobile,4,3,,,
26/04/2023 14:59,Zone Centre,Agence de la Gare,Guichet,5,5,File d'attente mal organisée,Service rapide et efficace,Ouvrir l'agence le samedi matin
26/04/2023 15:35,Zone Est,Agence de l'Horloge,Application mobile,5,5,Prise en charge rapide au guichet,,Mettre en place un système de tickets plus clair
26/04/2023 15:45,Zone Centre,Agence de la Gare,Accueil,5,4,Agence propre et bien organisée,,
26/04/2023 16:02,Zone Ouest,Agence du Phare,Accueil,5,2,Service rapide et efficace,Manque de personnel aux heures de pointe,
27/04/2023 08:06,Zone Centre,Agence du Parc,GAB,4,5,Personnel accueillant et souriant,Très bonne orientation dès l'entrée,
27/04/2023 09:48,Zone Sud,Agence de la Rivière,GAB,5,1,Très bonne orientation dès l'entrée,Temps d'attente trop long au guichet,
28/04/2023 09:15,Zone Centre,Agence du Marché,GAB,4,5,Très bonne orientation dès l'entrée,,Ajouter un guichet automatique dans le quartier
28/04/2023 09:43,Zone Est,Agence de l'Horloge,Guichet,4,4,,Peu d'écoute face à ma réclamation,Réduire les frais de tenue de compte
28/04/2023 10:06,Zone Ouest,Agence de la Corniche,Conseiller clientèle,4,3,,,Climatiser la salle d'attente de l'agence
28/04/2023 10:08,Zone Est,Agence du Stade,Accueil,5,3,Horaires d'ouverture peu pratiques,,
28/04/2023 11:27,Zone Sud,Agence de la Rivière,Conseiller clientèle,3,3,,,Climatiser la salle d'attente de l'agence
28/04/2023 14:45,Zone Est,Agence de l'Horloge,Conseiller clientèle,4,5,,,Former le personnel à l'accueil des clients
29/04/2023 08:08,Zone Nord,Agence des Dunes,Guichet,4,4,Très bonne orientation dès l'entrée,Service rapide et efficace,Proposer plus de services sur l'application mobile
29/04/2023 13:42,Zone Sud,Agence de la Rivière,Guichet,1,4,,Prise en charge rapide au guichet,
01/05/2023 08:36,Zone Centre,Agence du Parc,Guichet,4,5,Conseiller à l'écoute du client,Personnel accueillant et souriant,Former le personnel à l'accueil des clients
01/05/2023 10:07,Zone Nord,Agence des Palmiers,Guichet,4,4,,,Ajouter un guichet automatique dans le quartier
01/05/2023 15:16,Zone Est,Agence du Stade,Centre d'appels,3,4,,Prise en charge rapide au guichet,Réduire le temps d'attente au guichet
02/05/2023 08:43,Zone Centre,Agence de la Gare,Guichet,4,4,Prise en charge rapide au guichet,,
02/05/2023 09:16,Zone Sud,Agence de la Rivière,Conseiller clientèle,3,4,,,Augmenter le personnel aux heures de pointe
03/05/2023 08:02,Zone Sud,Agence de la Rivière,GAB,4,3,,,
03/05/2023 08:09,Zone Centre,Agence du Marché,Accueil,3,3,Peu d'écoute face à ma réclamation,,Proposer plus de services sur l'application mobile
03/05/2023 09:34,Zone Est,Agence du Stade,Centre d'appels,4,5,,,Proposer plus de services sur l'application mobile
03/05/2023 10:36,Zone Sud,Agence de la Rivière,Centre d'appels,4,5,Conseiller à l'écoute du client,Prise en charge rapide au guichet,Former le personnel à l'accueil des clients
03/05/2023 13:49,Zone Est,Agence de l'Horloge,Guichet,3,5,,,
03/05/2023 14:41,Zone Est,Agence de l'Horloge,Centre d'appels,5,4,,Agence propre et bien organisée,Augmenter le personnel aux heures de pointe
03/05/2023 16:35,Zone Nord,Agence du Littoral,Conseiller clientèle,4,5,Service rapide et efficace,Service rapide et efficace,Installer plus de sièges dans la salle d'attente
04/05/2023 10:41,Zone Nord,Agence des Palmiers,Guichet,4,4,Prise en charge rapide au guichet,Très bonne orientation dès l'entrée,Mettre en place un système de tickets plus clair
04/05/2023 11:31,Zone Est,Agence du Stade,Application mobile,5,4,,File d'attente mal organisée,Ajouter un guichet automatique dans le quartier
04/05/2023 11:57,Zone Sud,Agence de la Rivière,Guichet,4,4,,Très bonne orientation dès l'entrée,
04/05/2023 15:10,Zone Ouest,Agence de la Corniche,Guichet,5,4,Horaires d'ouverture peu pratiques,Très bonne orientation dès l'entrée,
05/05/2023 08:43,Zone Ouest,Agence de la Corniche,Guichet,4,5,,,Améliorer le temps d'attente en agence
05/05/2023 11:40,Zone Sud,Agence de la Rivière,Centre d'appels,4,4,Prise en charge rapide au guichet,,
05/05/2023 11:43,Zone Nord,Agence des Dunes,Guichet,3,4,,Service rapide et efficace,Ajouter un guichet automatique dans le quartier
05/05/2023 16:45,Zone Sud,Agence de la Rivière,Application mobile,5,5,,Personnel accueillant et souriant,Ajouter un guichet automatique dans le quartier
06/05/2023 12:11,Zone Ouest,Agence de la Corniche,GAB,4,4,Très bonne orientation dès l'entrée,Conseiller à l'écoute du client,
06/05/2023 16:17,Zone Est,Agence des Acacias,Centre d'appels,5,5,Très bonne orientation dès l'entrée,Personnel accueillant et souriant,
08/05/2023 08:40,Zone Ouest,Agence du Phare,GAB,3,4,,,Installer plus de sièges dans la salle d'attente
08/05/2023 10:53,Zone Sud,Agence des Collines,Guichet,5,5,Prise en charge rapide au guichet,,
08/05/2023 11:58,Zone Sud,Agence de la Rivière,Application mobile,5,3,,,
08/05/2023 14:36,Zone Nord,Agence des Dunes,Guichet,3,3,Service rapide et efficace,,Augmenter le personnel aux heures de pointe
08/05/2023 16:41,Zone Sud,Agence des Collines,Conseiller clientèle,4,2,Très bonne orientation dès l'entrée,Manque de personnel aux heures de pointe,
09/05/2023 11:23,Zone Est,Agence du Stade,GAB,2,3,Temps d'attente trop long au guichet,,Réduire le temps d'attente au guichet
09/05/2023 13:21,Zone Ouest,Agence du Phare,Application mobile,2,4,Manque de personnel aux heures de pointe,Service rapide et efficace,
09/05/2023 15:06,Zone Centre,Agence de la Gare,Accueil,5,4,Conseiller à l'écoute du client,,
09/05/2023 15:37,Zone Nord,Agence du Littoral,Conseiller clientèle,5,4,,,
10/05/2023 09:36,Zone Ouest,Agence de la Corniche,Conseiller clientèle,4,4,,Agence propre et bien organisée,
10/05/2023 12:29,Zone Nord,Agence du Littoral,GAB,5,3,,Guichet automatique souvent en panne,Réduire les frais de tenue de compte
10/05/2023 14:30,Zone Centre,Agence de la Gare,Guichet,5,4,,,
10/05/2023 15:17,Zone Nord,Agence des Dunes,Centre d'appels,4,3,Agence propre et bien organisée,Agence propre et bien organisée,Réduire le temps d'attente au guichet
11/05/2023 13:14,Zone Nord,Agence du Littoral,Application mobile,5,5,Conseiller à l'écoute du client,Agence propre et bien organisée,
11/05/2023 14:12,Zone Est,Agence des Acacias,Centre d'appels,3,5,,Service rapide et efficace,
11/05/2023 14:42,Zone Ouest,Agence de la Corniche,Conseiller clientèle,3,3,,Temps d'attente trop long au guichet,
11/05/2023 15:13,Zone Sud,Agence de la Rivière,Guichet,5,4,Personnel accueillant et souriant,,Améliorer l'application mobile de la banque
11/05/2023 15:19,Zone Est,Agence du Stade,Centre d'appels,5,5,Conseiller à l'écoute du client,Prise en charge rapide au guichet,Former le personnel à l'accueil des clients
11/05/2023 16:43,Zone Nord,Agence des Palmiers,Application mobile,5,2,Très bonne orientation dès l'entrée,Horaires d'ouverture peu pratiques,
11/05/2023 17:36,Zone Centre,Agence du Parc,Application mobile,2,5,File d'attente mal organisée,,
12/05/2023 08:09,Zone Nord,Agence du Littoral,Conseiller clientèle,5,4,Conseiller à l'écoute du client,Très bonne orientation dès l'entrée,
12/05/2023 10:21,Zone Nord,Agence du Littoral,Accueil,5,5,Prise en charge rapide au guichet,Conseiller à l'écoute du client,Installer plus de sièges dans la salle d'attente
12/05/2023 10:58,Zone Est,Agence de l'Horloge,Conseiller clientèle,3,1,,Manque de personnel aux heures de pointe,Mettre en place un système de tickets plus clair
12/05/2023 11:47,Zone Ouest,Agence du Phare,Conseiller clientèle,3,4,,Très bonne orientation dès l'entrée,Mettre en place un système de tickets plus clair
12/05/2023 13:31,Zone Nord,Agence des Palmiers,Centre d'appels,4,4,Personnel accueillant et souriant,,
12/05/2023 15:45,Zone Ouest,Agence de la Corniche,Centre d'appels,2,4,Manque de personnel aux heures de pointe,,
12/05/2023 16:00,Zone Centre,Agence du Parc,GAB,4,2,,Peu d'écoute face à ma réclamation,Réduire les frais de tenue de compte
12/05/2023 17:24,Zone Ouest,Agence du Phare,Accueil,3,3,,,Proposer plus de services sur l'application mobile
13/05/2023 12:08,Zone Ouest,Agence du Phare,Application mobile,4,5,,Très bonne orientation dès l'entrée,
13/05/2023 14:32,Zone Sud,Agence de la Rivière,Application mobile,4,4,,File d'attente mal organisée,Réduire les frais de tenue de compte
15/05/2023 08:48,Zone Nord,Agence du Littoral,GAB,4,5,,,Augmenter le personnel aux heures de pointe
15/05/2023 09:05,Zone Est,Agence de l'Horloge,Guichet,3,4,,Conseiller à l'écoute du client,Ajouter un guichet automatique dans le quartier
15/05/2023 11:10,Zone Sud,Agence de la Rivière,Application mobile,2,5,Guichet automatique souvent en panne,Prise en charge rapide au guichet,
15/05/2023 16:16,Zone Centre,Agence du Parc,Conseiller clientèle,4,4,Conseiller à l'écoute du client,Conseiller à l'écoute du client,Proposer plus de services sur l'application mobile
16/05/2023 08:01,Zone Sud,Agence de la Rivière,GAB,4,2,Conseiller à l'écoute du client,Horaires d'ouverture peu pratiques,Ouvrir l'agence le samedi matin
16/05/2023 15:57,Zone Centre,Agence du Parc,Centre d'appels,5,4,Agence propre et bien organisée,,Climatiser la salle d'attente de l'agence
16/05/2023 16:00,Zone Sud,Agence des Collines,Conseiller clientèle,2,5,Peu d'écoute face à ma réclamation,Service rapide et efficace,
17/05/2023 12:03,Zone Centre,Agence de la Gare,Guichet,2,3,Horaires d'ouverture peu pratiques,,Augmenter le personnel aux heures de pointe
18/05/2023 09:54,Zone Est,Agence de l'Horloge,Guichet,5,2,,Guichet automatique souvent en panne,Améliorer le temps d'attente en agence
18/05/2023 15:53,Zone Nord,Agence des Palmiers,Guichet,4,5,Service rapide et efficace,Prise en charge rapide au guichet,Mettre en place un système de tickets plus clair
18/05/2023 16:54,Zone Ouest,Agence de la Corniche,Conseiller clientèle,4,3,Agence propre et bien organisée,,Installer plus de sièges dans la salle d'attente
19/05/2023 08:45,Zone Centre,Agence du Marché,Guichet,5,4,Service rapide et efficace,Prise en charge rapide au guichet,Climatiser la salle d'attente de l'agence
19/05/2023 09:18,Zone Est,Agence des Acacias,Accueil,4,3,Personnel accueillant et souriant,,
19/05/2023 11:03,Zone Est,Agence du Stade,GAB,4,2,Conseiller à l'écoute du client,Très bonne orientation dès l'entrée,Réduire le temps d'attente au guichet
19/05/2023 11:14,Zone Sud,Agence des Collines,Centre d'appels,4,2,Conseiller à l'écoute du client,Temps d'attente trop long au guichet,
19/05/2023 12:41,Zone Ouest,Agence de la Corniche,Application mobile,4,3,Très bonne orientation dès l'entrée,,
19/05/2023 16:47,Zone Nord,Agence des Dunes,Guichet,3,3,,Conseiller à l'écoute du client,
20/05/2023 09:13,Zone Sud,Agence de la Rivière,Guichet,3,5,,Agence propre et bien organisée,
20/05/2023 11:55,Zone Nord,Agence des Dunes,Conseiller clientèle,2,4,Temps d'attente trop long au guichet,Prise en charge rapide au guichet,Améliorer l'application mobile de la banque
22/05/2023 09:07,Zone Sud,Agence des Collines,Guichet,4,4,Temps d'attente trop long au guichet,,Proposer plus de services sur l'application mobile
22/05/2023 09:56,Zone Est,Agence de l'Horloge,Guichet,5,4,,Personnel accueillant et souriant,
22/05/2023 10:32,Zone Centre,Agence de la Gare,Guichet,4,4,Très bonne orientation dès l'entrée,Service rapide et efficace,Améliorer le temps d'attente en agence
22/05/2023 12:03,Zone Nord,Agence des Palmiers,Centre d'appels,4,3,Très bonne orientation dès l'entrée,,Ajouter un guichet automatique dans le quartier
22/05/2023 13:11,Zone Sud,Agence des Collines,Centre d'appels,2,5,Manque de personnel aux heures de pointe,Conseiller à l'écoute du client,
22/05/2023 16:48,Zone Nord,Agence du Littoral,Guichet,4,5,,,
22/05/2023 16:58,Zone Sud,Agence des Collines,Conseiller clientèle,4,5,,Conseiller à l'écoute du client,
23/05/2023 11:51,Zone Est,Agence du Stade,Guichet,3,4,,,Ouvrir l'agence le samedi matin
23/05/2023 14:07,Zone Nord,Agence du Littoral,Guichet,4,5,Conseiller à l'écoute du client,Agence propre et bien organisée,Améliorer l'application mobile de la banque
23/05/2023 16:17,Zone Ouest,Agence du Phare,Guichet,4,4,Personnel accueillant et souriant,,
23/05/2023 17:38,Zone Est,Agence des Acacias,Application mobile,5,4,,Personnel accueillant et souriant,
24/05/2023 10:02,Zone Ouest,Agence de la Corniche,Conseiller clientèle,4,3,Conseiller à l'écoute du client,,
24/05/2023 11:54,Zone Nord,Agence des Dunes,Conseiller clientèle,4,3,,,Proposer plus de services sur l'application mobile
24/05/2023 15:39,Zone Ouest,Agence de la Corniche,Guichet,4,5,Très bonne orientation dès l'entrée,Très bonne orientation dès l'entrée,
24/05/2023 17:43,Zone Nord,Agence du Littoral,Centre d'appels,5,5,Agence propre et bien organisée,,Ajouter un guichet automatique dans le quartier
25/05/2023 08:16,Zone Centre,Agence du Marché,Guichet,3,3,,,Installer plus de sièges dans la salle d'attente
25/05/2023 08:47,Zone Sud,Agence de la Rivière,Guichet,5,5,Service rapide et efficace,,
25/05/2023 09:15,Zone Ouest,Agence de la Corniche,Conseiller clientèle,2,2,Horaires d'ouverture peu pratiques,Horaires d'ouverture peu pratiques,
25/05/2023 09:51,Zone Centre,Agence de la Gare,Centre d'appels,5,3,,,
25/05/2023 10:39,Zone Est,Agence des Acacias,GAB,4,5,Service rapide et efficace,Conseiller à l'écoute du client,Climatiser la salle d'attente de l'agence
25/05/2023 10:42,Zone Sud,Agence des Collines,Application mobile,4,5,Conseiller à l'écoute du client,Service rapide et efficace,Mettre en place un système de tickets plus clair
25/05/2023 12:46,Zone Nord,Agence des Palmiers,Application mobile,4,5,Personnel accueillant et souriant,Personnel accueillant et souriant,
25/05/2023 13:08,Zone Nord,Agence des Palmiers,Conseiller clientèle,5,4,,Service rapide et efficace,Former le personnel à l'accueil des clients
25/05/2023 13:36,Zone Sud,Agence de la Rivière,Conseiller clientèle,3,4,Peu d'écoute face à ma réclamation,Conseiller à l'écoute du client,
25/05/2023 15:20,Zone Est,Agence du Stade,Application mobile,4,5,Prise en charge rapide au guichet,,Augmenter le personnel aux heures de pointe
25/05/2023 17:40,Zone Est,Agence de l'Horloge,Guichet,3,5,,Guichet automatique souvent en panne,Améliorer le temps d'attente en agence
26/05/2023 08:01,Zone Est,Agence des Acacias,Conseiller clientèle,5,5,Agence propre et bien organisée,Conseiller à l'écoute du client,
26/05/2023 08:57,Zone Nord,Agence des Dunes,Conseiller clientèle,4,4,Prise en charge rapide au guichet,,Augmenter le personnel aux heures de pointe
26/05/2023 14:07,Zone Centre,Agence de la Gare,GAB,3,4,Agence propre et bien organisée,,
26/05/2023 15:52,Zone Est,Agence du Stade,Accueil,4,4,Agence propre et bien organisée,Guichet automatique souvent en panne,
26/05/2023 16:22,Zone Est,Agence de l'Horloge,Accueil,5,4,Prise en charge rapide au guichet,Prise en charge rapide au guichet,
27/05/2023 10:49,Zone Centre,Agence du Parc,Guichet,5,4,,Conseiller à l'écoute du client,Ajouter un guichet automatique dans le quartier
27/05/2023 14:39,Zone Centre,Agence de la Gare,Application mobile,5,4,Conseiller à l'écoute du client,Agence propre et bien organisée,Réduire les frais de tenue de compte
27/05/2023 16:36,Zone Est,Agence du Stade,Application mobile,3,5,,Personnel accueillant et souriant,Ajouter un guichet automatique dans le quartier
29/05/2023 08:52,Zone Centre,Agence du Parc,GAB,4,4,Très bonne orientation dès l'entrée,,
29/05/2023 08:58,Zone Est,Agence de l'Horloge,GAB,3,4,,Conseiller à l'écoute du client,Améliorer le temps d'attente en agence
29/05/2023 09:42,Zone Est,Agence de l'Horloge,Centre d'appels,4,4,Très bonne orientation dès l'entrée,Personnel accueillant et souriant,Améliorer l'application mobile de la banque
29/05/2023 09:47,Zone Sud,Agence des Collines,GAB,4,5,Agence propre et bien organisée,Très bonne orientation dès l'entrée,Réduire les frais de tenue de compte
29/05/2023 10:24,Zone Est,Agence des Acacias,Application mobile,4,5,Guichet automatique souvent en panne,Agence propre et bien organisée,
29/05/2023 10:26,Zone Est,Agence des Acacias,Conseiller clientèle,4,4,Agence propre et bien organisée,Conseiller à l'écoute du client,Climatiser la salle d'attente de l'agence
29/05/2023 11:24,Zone Est,Agence du Stade,Guichet,4,4,Personnel accueillant et souriant,Conseiller à l'écoute du client,Augmenter le personnel aux heures de pointe
29/05/2023 14:45,Zone Centre,Agence de la Gare,Accueil,5,4,Peu d'écoute face à ma réclamation,Service rapide et efficace,Améliorer le temps d'attente en agence
29/05/2023 15:58,Zone Sud,Agence de la Rivière,Conseiller clientèle,2,3,,,Climatiser la salle d'attente de l'agence
29/05/2023 16:09,Zone Sud,Agence des Collines,Guichet,4,5,Prise en charge rapide au guichet,,
30/05/2023 08:03,Zone Nord,Agence des Palmiers,GAB,3,4,Très bonne orientation dès l'entrée,Agence propre et bien organisée,Augmenter le personnel aux heures de pointe
30/05/2023 09:41,Zone Est,Agence des Acacias,GAB,3,5,,,Réduire les frais de tenue de compte
30/05/2023 09:42,Zone Ouest,Agence de la Corniche,Conseiller clientèle,4,5,Agence propre et bien organisée,Très bonne orientation dès l'entrée,
30/05/2023 09:59,Zone Ouest,Agence de la Corniche,Accueil,2,2,Temps d'attente trop long au guichet,Temps d'attente trop long au guichet,
30/05/2023 10:45,Zone Sud,Agence des Collines,GAB,3,4,,Très bonne orientation dès l'entrée,
30/05/2023 14:04,Zone Sud,Agence des Collines,Accueil,3,2,,Horaires d'ouverture peu pratiques,Réduire les frais de tenue de compte
30/05/2023 15:45,Zone Nord,Agence des Dunes,Conseiller clientèle,5,2,Conseiller à l'écoute du client,File d'attente mal organisée,Mettre en place un système de tickets plus clair
30/05/2023 15:51,Zone Nord,Agence des Palmiers,Accueil,4,4,,Guichet automatique souvent en panne,Améliorer le temps d'attente en agence
31/05/2023 10:19,Zone Sud,Agence des Collines,Guichet,4,3,,,
31/05/2023 10:57,Zone Sud,Agence des Collines,Guichet,4,2,Conseiller à l'écoute du client,Guichet automatique souvent en panne,Former le personnel à l'accueil des clients
31/05/2023 11:25,Zone Ouest,Agence de la Corniche,Accueil,5,5,,,
31/05/2023 13:46,Zone Sud,Agence des Collines,Centre d'appels,4,3,,,Réduire le temps d'attente au guichet
01/06/2023 08:13,Zone Centre,Agence de la Gare,Application mobile,5,3,Prise en charge rapide au guichet,,Climatiser la salle d'attente de l'agence
01/06/2023 10:06,Zone Ouest,Agence du Phare,Guichet,5,3,Manque de personnel aux heures de pointe,,Proposer plus de services sur l'application mobile
01/06/2023 10:28,Zone Est,Agence du Stade,Conseiller clientèle,4,5,,,
01/06/2023 10:38,Zone Centre,Agence du Marché,Guichet,5,5,,,
01/06/2023 11:03,Zone Est,Agence de l'Horloge,Conseiller clientèle,3,3,,,Améliorer le temps d'attente en agence
01/06/2023 11:34,Zone Nord,Agence des Dunes,Conseiller clientèle,4,4,Prise en charge rapide au guichet,Très bonne orientation dès l'entrée,Former le personnel à l'accueil des clients
01/06/2023 11:43,Zone Centre,Agence du Marché,Guichet,4,3,Conseiller à l'écoute du client,Horaires d'ouverture peu pratiques,Ouvrir l'agence le samedi matin
01/06/2023 13:03,Zone Nord,Agence des Palmiers,Guichet,4,3,Personnel accueillant et souriant,,Former le personnel à l'accueil des clients
01/06/2023 15:17,Zone Nord,Agence du Littoral,Guichet,3,3,Peu d'écoute face à ma réclamation,,Améliorer l'application mobile de la banque
01/06/2023 16:47,Zone Sud,Agence des Collines,GAB,3,5,Temps d'attente trop long au guichet,File d'attente mal organisée,
02/06/2023 10:59,Zone Nord,Agence du Littoral,Accueil,5,4,Agence propre et bien organisée,,
02/06/2023 12:11,Zone Sud,Agence des Collines,Conseiller clientèle,4,3,Agence propre et bien organisée,,Climatiser la salle d'attente de l'agence
02/06/2023 14:48,Zone Ouest,Agence du Phare,GAB,4,4,Personnel accueillant et souriant,,Proposer plus de services sur l'application mobile
02/06/2023 17:16,Zone Centre,Agence du Parc,Accueil,5,4,Prise en charge rapide au guichet,Guichet automatique souvent en panne,
03/06/2023 12:19,Zone Sud,Agence de la Rivière,GAB,3,3,,Manque de personnel aux heures de pointe,
03/06/2023 12:49,Zone Ouest,Agence de la Corniche,Guichet,4,4,Personnel accueillant et souriant,Horaires d'ouverture peu pratiques,Ajouter un guichet automatique dans le quartier
03/06/2023 16:01,Zone Est,Agence des Acacias,GAB,5,5,Très bonne orientation dès l'entrée,Conseiller à l'écoute du client,Améliorer l'application mobile de la banque
03/06/2023 16:55,Zone Centre,Agence du Marché,GAB,4,3,Guichet automatique souvent en panne,,
05/06/2023 09:12,Zone Ouest,Agence de la Corniche,Guichet,5,4,,,Climatiser la salle d'attente de l'agence
05/06/2023 12:06,Zone Ouest,Agence du Phare,Application mobile,5,2,Service rapide et efficace,Temps d'attente trop long au guichet,
05/06/2023 14:04,Zone Est,Agence des Acacias,Centre d'appels,5,5,Personnel accueillant et souriant,,
06/06/2023 10:11,Zone Sud,Agence des Collines,Guichet,5,4,,,Réduire le temps d'attente au guichet
06/06/2023 10:11,Zone Nord,Agence des Dunes,Guichet,4,3,Personnel accueillant et souriant,,Ajouter un guichet automatique dans le quartier
06/06/2023 12:29,Zone Nord,Agence du Littoral,Conseiller clientèle,5,4,,Service rapide et efficace,
06/06/2023 13:46,Zone Nord,Agence des Palmiers,Conseiller clientèle,3,4,,,
06/06/2023 15:54,Zone Nord,Agence des Palmiers,Guichet,5,5,Prise en charge rapide au guichet,Très bonne orientation dès l'entrée,
06/06/2023 16:02,Zone Est,Agence des Acacias,Centre d'appels,4,5,,Très bonne orientation dès l'entrée,
07/06/2023 08:42,Zone Centre,Agence de la Gare,Accueil,5,4,,Personnel accueillant et souriant,
07/06/2023 11:42,Zone Sud,Agence de la Rivière,Conseiller clientèle,3,3,,Conseiller à l'écoute du client,Proposer plus de services sur l'application mobile
07/06/2023 14:18,Zone Est,Agence de l'Horloge,Guichet,5,2,Conseiller à l'écoute du client,Guichet automatique souvent en panne,
07/06/2023 16:16,Zone Nord,Agence des Palmiers,Conseiller clientèle,5,5,Horaires d'ouverture peu pratiques,Service rapide et efficace,Réduire les frais de tenue de compte
07/06/2023 17:10,Zone Sud,Agence de la Rivière,Application mobile,3,4,Prise en charge rapide au guichet,Horaires d'ouverture peu pratiques,Améliorer l'application mobile de la banque
08/06/2023 09:37,Zone Est,Agence des Acacias,Application mobile,5,4,,Très bonne orientation dès l'entrée,Ouvrir l'agence le samedi matin
08/06/2023 15:04,Zone Ouest,Agence du Phare,Conseiller clientèle,3,2,Service rapide et efficace,Guichet automatique souvent en panne,
08/06/2023 16:04,Zone Sud,Agence des Collines,Centre d'appels,2,5,Manque de personnel aux heures de pointe,Agence propre et bien organisée,Proposer plus de services sur l'application mobile
08/06/2023 17:03,Zone Nord,Agence du Littoral,Conseiller clientèle,5,5,Très bonne orientation dès l'entrée,Très bonne orientation dès l'entrée,
09/06/2023 09:37,Zone Est,Agence de l'Horloge,Application mobile,3,5,,Très bonne orientation dès l'entrée,Installer plus de sièges dans la salle d'attente
09/06/2023 10:03,Zone Est,Agence de l'Horloge,Centre d'appels,4,2,Peu d'écoute face à ma réclamation,Guichet automatique souvent en panne,Réduire les frais de tenue de compte
09/06/2023 10:26,Zone Nord,Agence du Littoral,Centre d'appels,5,5,Agence propre et bien organisée,Agence propre et bien organisée,
09/06/2023 11:23,Zone Nord,Agence des Dunes,Conseiller clientèle,4,3,Prise en charge rapide au guichet,,
09/06/2023 11:25,Zone Est,Agence des Acacias,Application mobile,5,4,Prise en charge rapide au guichet,Très bonne orientation dès l'entrée,
09/06/2023 16:45,Zone Sud,Agence des Collines,Accueil,4,3,,,Améliorer l'application mobile de la banque
09/06/2023 16:47,Zone Nord,Agence des Palmiers,Conseiller clientèle,5,5,Temps d'attente trop long au guichet,Manque de personnel aux heures de pointe,Augmenter le personnel aux heures de pointe
10/06/2023 08:12,Zone Est,Agence des Acacias,Application mobile,4,3,,,Ouvrir l'agence le samedi matin
10/06/2023 09:36,Zone Centre,Agence du Marché,GAB,4,3,,,
10/06/2023 09:50,Zone Ouest,Agence de la Corniche,GAB,4,3,,,Améliorer l'application mobile de la banque
10/06/2023 10:01,Zone Sud,Agence des Collines,Centre d'appels,4,2,,File d'attente mal organisée,Augmenter le personnel aux heures de pointe
10/06/2023 14:43,Zone Ouest,Agence de la Corniche,Guichet,4,5,Conseiller à l'écoute du client,Prise en charge rapide au guichet,Installer plus de sièges dans la salle d'attente
10/06/2023 15:12,Zone Sud,Agence des Collines,Guichet,4,4,Conseiller à l'écoute du client,,Installer plus de sièges dans la salle d'attente
12/06/2023 08:02,Zone Est,Agence des Acacias,Accueil,4,5,Service rapide et efficace,Personnel accueillant et souriant,Augmenter le personnel aux heures de pointe
12/06/2023 09:35,Zone Nord,Agence du Littoral,Guichet,5,5,,Agence propre et bien organisée,
12/06/2023 09:41,Zone Nord,Agence des Palmiers,Guichet,4,5,Conseiller à l'écoute du client,Prise en charge rapide au guichet,Proposer plus de services sur l'application mobile
12/06/2023 11:58,Zone Nord,Agence du Littoral,Guichet,5,5,,,
12/06/2023 13:27,Zone Ouest,Agence du Phare,Conseiller clientèle,4,4,,,
13/06/2023 08:47,Zone Centre,Agence du Marché,Conseiller clientèle,3,4,Service rapide et efficace,Conseiller à l'écoute du client,Réduire les frais de tenue de compte
13/06/2023 08:50,Zone Centre,Agence du Parc,Accueil,3,2,,File d'attente mal organisée,
13/06/2023 09:35,Zone Sud,Agence de la Rivière,Conseiller clientèle,5,5,Prise en charge rapide au guichet,,
13/06/2023 10:04,Zone Est,Agence des Acacias,Accueil,5,5,Personnel accueillant et souriant,,
13/06/2023 12:07,Zone Est,Agence des Acacias,Guichet,4,5,,,
13/06/2023 13:28,Zone Est,Agence des Acacias,Conseiller clientèle,3,4,,Très bonne orientation dès l'entrée,Mettre en place un système de tickets plus clair
13/06/2023 15:12,Zone Ouest,Agence de la Corniche,Accueil,3,5,,Temps d'attente trop long au guichet,Mettre en place un système de tickets plus clair
13/06/2023 16:18,Zone Nord,Agence des Palmiers,Guichet,3,4,,,Ouvrir l'agence le samedi matin
13/06/2023 16:29,Zone Centre,Agence de la Gare,Accueil,4,5,,Conseiller à l'écoute du client,Réduire les frais de tenue de compte
13/06/2023 16:53,Zone Centre,Agence de la Gare,GAB,4,3,Agence propre et bien organisée,,Former le personnel à l'accueil des clients
14/06/2023 16:00,Zone Nord,Agence du Littoral,GAB,5,5,,,
15/06/2023 08:41,Zone Est,Agence des Acacias,GAB,5,4,,,
15/06/2023 10:22,Zone Centre,Agence de la Gare,Centre d'appels,5,4,Agence propre et bien organisée,Prise en charge rapide au guichet,
15/06/2023 14:15,Zone Ouest,Agence de la Corniche,Guichet,4,3,,Très bonne orientation dès l'entrée,
16/06/2023 10:31,Zone Est,Agence de l'Horloge,Conseiller clientèle,4,3,,,Améliorer le temps d'attente en agence
16/06/2023 10:49,Zone Sud,Agence des Collines,Accueil,3,5,,,
16/06/2023 10:54,Zone Nord,Agence du Littoral,GAB,5,5,Agence propre et bien organisée,Personnel accueillant et souriant,Réduire les frais de tenue de compte
16/06/2023 11:05,Zone Nord,Agence des Dunes,Guichet,4,5,,,Ouvrir l'agence le samedi matin
16/06/2023 11:39,Zone Ouest,Agence de la Corniche,Accueil,2,2,,Horaires d'ouverture peu pratiques,Climatiser la salle d'attente de l'agence
16/06/2023 15:18,Zone Sud,Agence des Collines,GAB,3,3,,,
16/06/2023 15:32,Zone Ouest,Agence de la Corniche,Guichet,5,4,Personnel accueillant et souriant,Très bonne orientation dès l'entrée,
17/06/2023 09:06,Zone Nord,Agence des Dunes,Guichet,5,4,Agence propre et bien organisée,,Climatiser la salle d'attente de l'agence
17/06/2023 09:10,Zone Ouest,Agence de la Corniche,GAB,4,3,Personnel accueillant et souriant,,Améliorer le temps d'attente en agence
17/06/2023 10:09,Zone Est,Agence du Stade,GAB,4,5,Agence propre et bien organisée,Service rapide et efficace,
17/06/2023 11:13,Zone Est,Agence du Stade,Conseiller clientèle,5,4,Agence propre et bien organisée,,Installer plus de sièges dans la salle d'attente
17/06/2023 12:18,Zone Ouest,Agence de la Corniche,Guichet,4,3,Conseiller à l'écoute du client,,Améliorer l'application mobile de la banque
17/06/2023 12:33,Zone Centre,Agence de la Gare,Conseiller clientèle,5,5,,Très bonne orientation dès l'entrée,Augmenter le personnel aux heures de pointe
19/06/2023 10:07,Zone Nord,Agence du Littoral,GAB,5,5,Très bonne orientation dès l'entrée,Prise en charge rapide au guichet,
19/06/2023 13:24,Zone Centre,Agence du Marché,Guichet,5,4,,Agence propre et bien organisée,Proposer plus de services sur l'application mobile
20/06/2023 11:25,Zone Est,Agence de l'Horloge,Accueil,5,5,Service rapide et efficace,Très bonne orientation dès l'entrée,Ajouter un guichet automatique dans le quartier
20/06/2023 13:41,Zone Nord,Agence des Palmiers,Application mobile,3,5,,Service rapide et efficace,Réduire le temps d'attente au guichet
20/06/2023 14:48,Zone Est,Agence des Acacias,Guichet,3,4,,Service rapide et efficace,Installer plus de sièges dans la salle d'attente
20/06/2023 15:15,Zone Est,Agence des Acacias,GAB,5,4,Très bonne orientation dès l'entrée,Prise en charge rapide au guichet,
20/06/2023 16:44,Zone Nord,Agence des Dunes,Application mobile,4,4,,Conseiller à l'écoute du client,
20/06/2023 17:11,Zone Est,Agence de l'Horloge,Conseiller clientèle,5,4,Personnel accueillant et souriant,Guichet automatique souvent en panne,Réduire le temps d'attente au guichet
21/06/2023 09:10,Zone Centre,Agence de la Gare,Guichet,3,5,,Service rapide et efficace,Ouvrir l'agence le samedi matin
21/06/2023 09:29,Zone Nord,Agence des Palmiers,Application mobile,5,5,Personnel accueillant et souriant,Personnel accueillant et souriant,
21/06/2023 09:38,Zone Centre,Agence du Parc,Application mobile,3,4,,,
21/06/2023 09:53,Zone Nord,Agence des Dunes,Conseiller clientèle,4,4,,Conseiller à l'écoute du client,
21/06/2023 10:55,Zone Est,Agence des Acacias,Guichet,5,5,Peu d'écoute face à ma réclamation,Personnel accueillant et souriant,
21/06/2023 11:26,Zone Centre,Agence du Parc,GAB,4,5,,,
21/06/2023 11:52,Zone Ouest,Agence du Phare,Conseiller clientèle,2,5,,Manque de personnel aux heures de pointe,
21/06/2023 13:56,Zone Ouest,Agence de la Corniche,Guichet,4,3,Horaires d'ouverture peu pratiques,,
21/06/2023 14:28,Zone Est,Agence de l'Horloge,Accueil,4,4,Temps d'attente trop long au guichet,Prise en charge rapide au guichet,
22/06/2023 09:24,Zone Centre,Agence du Parc,Conseiller clientèle,5,5,,Très bonne orientation dès l'entrée,
22/06/2023 10:51,Zone Centre,Agence du Parc,Application mobile,5,4,Temps d'attente trop long au guichet,,Proposer plus de services sur l'application mobile
22/06/2023 11:23,Zone Est,Agence de l'Horloge,Guichet,5,4,Agence propre et bien organisée,,
22/06/2023 11:53,Zone Ouest,Agence du Phare,Guichet,2,3,Temps d'attente trop long au guichet,,
22/06/2023 16:06,Zone Est,Agence des Acacias,GAB,4,5,,Agence propre et bien organisée,Ouvrir l'agence le samedi matin
22/06/2023 17:13,Zone Sud,Agence des Collines,Guichet,3,4,,Conseiller à l'écoute du client,Mettre en place un système de tickets plus clair
22/06/2023 17:36,Zone Sud,Agence de la Rivière,Guichet,4,3,Service rapide et efficace,,Améliorer l'application mobile de la banque
23/06/2023 10:45,Zone Ouest,Agence de la Corniche,GAB,4,5,,Service rapide et efficace,Installer plus de sièges dans la salle d'attente
23/06/2023 12:36,Zone Ouest,Agence du Phare,GAB,4,3,Temps d'attente trop long au guichet,,Proposer plus de services sur l'application mobile
23/06/2023 13:16,Zone Est,Agence du Stade,Guichet,5,4,Service rapide et efficace,Guichet automatique souvent en panne,Installer plus de sièges dans la salle d'attente
23/06/2023 13:34,Zone Centre,Agence de la Gare,Guichet,5,4,Horaires d'ouverture peu pratiques,Personnel accueillant et souriant,Climatiser la salle d'attente de l'agence
23/06/2023 14:40,Zone Centre,Agence du Parc,Centre d'appels,5,5,,Temps d'attente trop long au guichet,Climatiser la salle d'attente de l'agence
23/06/2023 14:50,Zone Centre,Agence du Parc,Conseiller clientèle,5,3,Prise en charge rapide au guichet,,Améliorer l'application mobile de la banque
23/06/2023 15:49,Zone Nord,Agence du Littoral,GAB,3,4,,Prise en charge rapide au guichet,Ajouter un guichet automatique dans le quartier
23/06/2023 16:57,Zone Centre,Agence du Parc,Accueil,5,2,Prise en charge rapide au guichet,Peu d'écoute face à ma réclamation,Proposer plus de services sur l'application mobile
24/06/2023 09:02,Zone Nord,Agence des Palmiers,Guichet,4,3,Prise en charge rapide au guichet,,
24/06/2023 10:58,Zone Est,Agence du Stade,Conseiller clientèle,4,3,,Service rapide et efficace,
24/06/2023 17:07,Zone Ouest,Agence du Phare,GAB,4,3,Service rapide et efficace,,
24/06/2023 17:19,Zone Ouest,Agence du Phare,Centre d'appels,4,5,,Service rapide et efficace,Proposer plus de services sur l'application mobile
26/06/2023 10:17,Zone Centre,Agence de la Gare,Guichet,4,5,,,Installer plus de sièges dans la salle d'attente
26/06/2023 14:30,Zone Centre,Agence de la Gare,GAB,5,5,Très bonne orientation dès l'entrée,,
26/06/2023 14:49,Zone Est,Agence des Acacias,Conseiller clientèle,5,4,Conseiller à l'écoute du client,Conseiller à l'écoute du client,Former le personnel à l'accueil des clients
26/06/2023 16:35,Zone Nord,Agence des Palmiers,GAB,3,4,Guichet automatique souvent en panne,,
27/06/2023 09:35,Zone Ouest,Agence de la Corniche,Conseiller clientèle,3,5,Guichet automatique souvent en panne,Service rapide et efficace,
27/06/2023 13:45,Zone Nord,Agence des Palmiers,Accueil,5,5,Service rapide et efficace,Très bonne orientation dès l'entrée,Ajouter un guichet automatique dans le quartier
27/06/2023 13:58,Zone Ouest,Agence de la Corniche,Conseiller clientèle,3,4,,,Réduire les frais de tenue de compte
28/06/2023 08:04,Zone Est,Agence des Acacias,Conseiller clientèle,5,4,,,Ajouter un guichet automatique dans le quartier
28/06/2023 09:16,Zone Nord,Agence des Dunes,Conseiller clientèle,4,4,Agence propre et bien organisée,,Ajouter un guichet automatique dans le quartier
28/06/2023 14:15,Zone Centre,Agence du Parc,Conseiller clientèle,3,3,,Conseiller à l'écoute du client,
28/06/2023 14:30,Zone Ouest,Agence de la Corniche,GAB,2,3,File d'attente mal organisée,,
28/06/2023 14:49,Zone Est,Agence des Acacias,Application mobile,5,3,Agence propre et bien organisée,,
28/06/2023 14:53,Zone Est,Agence des Acacias,Conseiller clientèle,4,4,Agence propre et bien organisée,Agence propre et bien organisée,
28/06/2023 17:44,Zone Est,Agence de l'Horloge,GAB,5,4,,File d'attente mal organisée,
29/06/2023 08:11,Zone Nord,Agence des Palmiers,Accueil,5,5,Conseiller à l'écoute du client,,Améliorer le temps d'attente en agence
29/06/2023 08:16,Zone Est,Agence des Acacias,Application mobile,5,4,,Agence propre et bien organisée,Améliorer le temps d'attente en agence
29/06/2023 10:04,Zone Nord,Agence du Littoral,GAB,4,5,Personnel accueillant et souriant,Personnel accueillant et souriant,Former le personnel à l'accueil des clients
29/06/2023 10:42,Zone Est,Agence de l'Horloge,Conseiller clientèle,4,4,,,
29/06/2023 10:57,Zone Centre,Agence du Marché,Conseiller clientèle,4,4,Prise en charge rapide au guichet,Conseiller à l'écoute du client,Mettre en place un système de tickets plus clair
29/06/2023 11:06,Zone Nord,Agence des Palmiers,Accueil,5,4,Peu d'écoute face à ma réclamation,,Climatiser la salle d'attente de l'agence
30/06/2023 09:05,Zone Centre,Agence du Parc,Centre d'appels,5,3,Agence propre et bien organisée,,
30/06/2023 10:32,Zone Sud,Agence de la Rivière,Conseiller clientèle,5,3,Conseiller à l'écoute du client,,Climatiser la salle d'attente de l'agence
30/06/2023 13:14,Zone Ouest,Agence du Phare,Guichet,5,3,,,
30/06/2023 14:26,Zone Centre,Agence de la Gare,Conseiller clientèle,2,5,Temps d'attente trop long au guichet,Agence propre et bien organisée,
30/06/2023 16:19,Zone Sud,Agence des Collines,Guichet,4,5,Conseiller à l'écoute du client,,Améliorer l'application mobile de la banque
01/07/2023 13:03,Zone Est,Agence du Stade,Conseiller clientèle,5,3,Conseiller à l'écoute du client,,Climatiser la salle d'attente de l'agence
03/07/2023 09:02,Zone Sud,Agence de la Rivière,GAB,4,4,Très bonne orientation dès l'entrée,,
03/07/2023 09:14,Zone Nord,Agence des Palmiers,GAB,5,5,Conseiller à l'écoute du client,,Ouvrir l'agence le samedi matin
03/07/2023 09:25,Zone Est,Agence de l'Horloge,Centre d'appels,5,5,,Personnel accueillant et souriant,Climatiser la salle d'attente de l'agence
03/07/2023 10:09,Zone Est,Agence des Acacias,Conseiller clientèle,3,4,,Personnel accueillant et souriant,Ouvrir l'agence le samedi matin
03/07/2023 10:18,Zone Nord,Agence du Littoral,Centre d'appels,5,5,,Prise en charge rapide au guichet,
03/07/2023 12:24,Zone Centre,Agence du Marché,GAB,5,3,,,Installer plus de sièges dans la salle d'attente
03/07/2023 14:33,Zone Est,Agence du Stade,Conseiller clientèle,5,5,Personnel accueillant et souriant,Service rapide et efficace,Ajouter un guichet automatique dans le quartier
03/07/2023 15:20,Zone Est,Agence des Acacias,Guichet,5,5,Très bonne orientation dès l'entrée,,Climatiser la salle d'attente de l'agence
03/07/2023 16:34,Zone Est,Agence du Stade,Accueil,5,2,,Horaires d'ouverture peu pratiques,
03/07/2023 17:27,Zone Ouest,Agence de la Corniche,GAB,4,3,,,Réduire les frais de tenue de compte
04/07/2023 08:07,Zone Est,Agence des Acacias,GAB,4,4,Agence propre et bien organisée,,
04/07/2023 08:48,Zone Sud,Agence des Collines,Conseiller clientèle,5,3,,,
04/07/2023 09:59,Zone Nord,Agence des Dunes,GAB,5,4,,Personnel accueillant et souriant,Améliorer l'application mobile de la banque
04/07/2023 10:53,Zone Est,Agence de l'Horloge,Conseiller clientèle,4,5,,,Améliorer le temps d'attente en agence
04/07/2023 11:28,Zone Est,Agence du Stade,Conseiller clientèle,2,5,Horaires d'ouverture peu pratiques,Très bonne orientation dès l'entrée,
04/07/2023 12:37,Zone Centre,Agence du Parc,Accueil,4,5,,Service rapide et efficace,Former le personnel à l'accueil des clients
04/07/2023 13:31,Zone Nord,Agence des Dunes,Accueil,4,3,Agence propre et bien organisée,,Former le personnel à l'accueil des clients
04/07/2023 14:23,Zone Est,Agence de l'Horloge,GAB,5,5,Personnel accueillant et souriant,,
04/07/2023 15:05,Zone Nord,Agence du Littoral,GAB,4,5,Prise en charge rapide au guichet,,Améliorer le temps d'attente en agence
05/07/2023 11:54,Zone Nord,Agence des Dunes,Guichet,4,5,Agence propre et bien organisée,Très bonne orientation dès l'entrée,Améliorer le temps d'attente en agence
05/07/2023 15:56,Zone Est,Agence des Acacias,Centre d'appels,4,3,Personnel accueillant et souriant,,Augmenter le personnel aux heures de pointe
05/07/2023 16:18,Zone Centre,Agence de la Gare,Guichet,4,5,Conseiller à l'écoute du client,Personnel accueillant et souriant,
05/07/2023 16:25,Zone Ouest,Agence de la Corniche,Guichet,4,4,Conseiller à l'écoute du client,Agence propre et bien organisée,
05/07/2023 16:29,Zone Est,Agence du Stade,Guichet,5,5,Agence propre et bien organisée,Prise en charge rapide au guichet,
05/07/2023 17:29,Zone Nord,Agence des Dunes,Conseiller clientèle,3,4,,,Mettre en place un système de tickets plus clair
05/07/2023 17:38,Zone Centre,Agence de la Gare,Accueil,3,4,,,
05/07/2023 17:50,Zone Nord,Agence des Palmiers,Guichet,4,3,Service rapide et efficace,,Ajouter un guichet automatique dans le quartier
06/07/2023 09:22,Zone Est,Agence du Stade,GAB,4,3,Service rapide et efficace,Personnel accueillant et souriant,Ouvrir l'agence le samedi matin
06/07/2023 11:59,Zone Est,Agence du Stade,Guichet,3,4,Personnel accueillant et souriant,,Augmenter le personnel aux heures de pointe
06/07/2023 12:54,Zone Ouest,Agence du Phare,Conseiller clientèle,4,4,,Personnel accueillant et souriant,
06/07/2023 15:22,Zone Est,Agence de l'Horloge,Conseiller clientèle,4,3,Prise en charge rapide au guichet,,Améliorer le temps d'attente en agence
07/07/2023 08:38,Zone Nord,Agence du Littoral,Centre d'appels,5,4,Prise en charge rapide au guichet,Agence propre et bien organisée,
07/07/2023 08:51,Zone Centre,Agence de la Gare,Centre d'appels,4,4,,Personnel accueillant et souriant,
07/07/2023 11:26,Zone Est,Agence des Acacias,Centre d'appels,5,4,Agence propre et bien organisée,,
07/07/2023 12:49,Zone Nord,Agence du Littoral,Application mobile,5,5,Conseiller à l'écoute du client,,Ouvrir l'agence le samedi matin
07/07/2023 13:27,Zone Ouest,Agence du Phare,Guichet,3,3,,Prise en charge rapide au guichet,
07/07/2023 14:28,Zone Centre,Agence de la Gare,Guichet,3,4,,Peu d'écoute face à ma réclamation,
07/07/2023 14:46,Zone Nord,Agence du Littoral,Guichet,5,5,Prise en charge rapide au guichet,Prise en charge rapide au guichet,
07/07/2023 15:51,Zone Ouest,Agence de la Corniche,Centre d'appels,4,4,Très bonne orientation dès l'entrée,,
07/07/2023 16:15,Zone Sud,Agence de la Rivière,Guichet,5,4,Agence propre et bien organisée,Service rapide et efficace,Réduire le temps d'attente au guichet
07/07/2023 16:26,Zone Est,Agence de l'Horloge,GAB,4,4,Prise en charge rapide au guichet,Prise en charge rapide au guichet,
07/07/2023 16:29,Zone Nord,Agence des Palmiers,GAB,4,3,Service rapide et efficace,Conseiller à l'écoute du client,
08/07/2023 12:39,Zone Nord,Agence des Palmiers,Conseiller clientèle,5,5,,Très bonne orientation dès l'entrée,
10/07/2023 08:00,Zone Centre,Agence du Marché,Accueil,4,3,Prise en charge rapide au guichet,,Former le personnel à l'accueil des clients
10/07/2023 08:38,Zone Sud,Agence de la Rivière,Conseiller clientèle,4,4,,Conseiller à l'écoute du client,Réduire les frais de tenue de compte
10/07/2023 09:15,Zone Nord,Agence du Littoral,Accueil,5,5,,Agence propre et bien organisée,Proposer plus de services sur l'application mobile
10/07/2023 09:30,Zone Centre,Agence du Marché,Guichet,3,4,Conseiller à l'écoute du client,,Réduire le temps d'attente au guichet
10/07/2023 15:52,Zone Sud,Agence des Collines,Accueil,3,5,,,Ouvrir l'agence le samedi matin
10/07/2023 16:06,Zone Ouest,Agence de la Corniche,Application mobile,4,4,Très bonne orientation dès l'entrée,Agence propre et bien organisée,
10/07/2023 16:41,Zone Centre,Agence du Parc,Conseiller clientèle,3,4,,,
11/07/2023 09:39,Zone Nord,Agence du Littoral,GAB,5,3,Temps d'attente trop long au guichet,Très bonne orientation dès l'entrée,
11/07/2023 10:08,Zone Centre,Agence du Parc,Application mobile,3,5,Horaires d'ouverture peu pratiques,Personnel accueillant et souriant,Ajouter un guichet automatique dans le quartier
11/07/2023 13:57,Zone Nord,Agence des Dunes,Accueil,3,2,,,
11/07/2023 14:10,Zone Sud,Agence de la Rivière,Conseiller clientèle,5,2,,File d'attente mal organisée,Réduire les frais de tenue de compte
11/07/2023 14:21,Zone Nord,Agence du Littoral,Guichet,5,3,Prise en charge rapide au guichet,,
11/07/2023 16:37,Zone Est,Agence de l'Horloge,Guichet,4,5,Service rapide et efficace,Très bonne orientation dès l'entrée,
12/07/2023 11:47,Zone Centre,Agence de la Gare,Centre d'appels,4,3,Agence propre et bien organisée,,
12/07/2023 13:44,Zone Est,Agence des Acacias,GAB,4,5,Prise en charge rapide au guichet,Agence propre et bien organisée,
12/07/2023 13:55,Zone Est,Agence des Acacias,GAB,4,4,Personnel accueillant et souriant,Conseiller à l'écoute du client,
13/07/2023 09:26,Zone Sud,Agence des Collines,Guichet,2,4,Manque de personnel aux heures de pointe,Très bonne orientation dès l'entrée,Climatiser la salle d'attente de l'agence
13/07/2023 09:52,Zone Nord,Agence du Littoral,Guichet,5,3,Personnel accueillant et souriant,,
13/07/2023 10:00,Zone Sud,Agence de la Rivière,Conseiller clientèle,4,4,,Prise en charge rapide au guichet,Mettre en place un système de tickets plus clair
13/07/2023 14:59,Zone Nord,Agence des Palmiers,Guichet,4,3,Prise en charge rapide au guichet,,Installer plus de sièges dans la salle d'attente
14/07/2023 10:09,Zone Centre,Agence de la Gare,Guichet,5,5,Prise en charge rapide au guichet,Horaires d'ouverture peu pratiques,
14/07/2023 11:34,Zone Nord,Agence des Dunes,Conseiller clientèle,4,4,,,Climatiser la salle d'attente de l'agence
14/07/2023 11:54,Zone Nord,Agence des Dunes,Guichet,4,5,Très bonne orientation dès l'entrée,,Réduire les frais de tenue de compte
14/07/2023 14:07,Zone Est,Agence des Acacias,Application mobile,4,4,,Service rapide et efficace,
14/07/2023 15:27,Zone Ouest,Agence de la Corniche,Accueil,3,4,,Service rapide et efficace,Augmenter le personnel aux heures de pointe
14/07/2023 17:40,Zone Est,Agence du Stade,Guichet,3,4,,Très bonne orientation dès l'entrée,
15/07/2023 08:45,Zone Centre,Agence de la Gare,Conseiller clientèle,4,5,,Agence propre et bien organisée,
15/07/2023 11:13,Zone Centre,Agence du Parc,Guichet,5,3,Agence propre et bien organisée,Conseiller à l'écoute du client,
15/07/2023 14:13,Zone Ouest,Agence du Phare,Guichet,4,4,,,Augmenter le personnel aux heures de pointe
15/07/2023 14:42,Zone Nord,Agence du Littoral,Conseiller clientèle,5,4,Très bonne orientation dès l'entrée,Très bonne orientation dès l'entrée,
15/07/2023 15:10,Zone Nord,Agence des Dunes,Guichet,3,4,Personnel accueillant et souriant,Personnel accueillant et souriant,Proposer plus de services sur l'application mobile
15/07/2023 16:43,Zone Centre,Agence de la Gare,Guichet,4,2,Service rapide et efficace,Manque de personnel aux heures de pointe,Climatiser la salle d'attente de l'agence
17/07/2023 09:00,Zone Centre,Agence du Marché,Application mobile,5,3,Très bonne orientation dès l'entrée,,Améliorer l'application mobile de la banque
17/07/2023 09:21,Zone Sud,Agence des Collines,Conseiller clientèle,3,2,,Guichet automatique souvent en panne,
17/07/2023 09:46,Zone Est,Agence de l'Horloge,Centre d'appels,5,4,Personnel accueillant et souriant,Personnel accueillant et souriant,Augmenter le personnel aux heures de pointe
17/07/2023 10:01,Zone Nord,Agence des Dunes,Accueil,4,2,Très bonne orientation dès l'entrée,,Climatiser la salle d'attente de l'agence
17/07/2023 10:30,Zone Ouest,Agence de la Corniche,Application mobile,4,2,Conseiller à l'écoute du client,Temps d'attente trop long au guichet,
17/07/2023 11:19,Zone Centre,Agence du Parc,Application mobile,3,3,,,Réduire le temps d'attente au guichet
17/07/2023 13:46,Zone Sud,Agence de la Rivière,Guichet,2,5,File d'attente mal organisée,Prise en charge rapide au guichet,
17/07/2023 14:05,Zone Nord,Agence des Palmiers,Guichet,5,4,,Agence propre et bien organisée,
17/07/2023 14:49,Zone Nord,Agence du Littoral,Guichet,5,5,,,Ajouter un guichet automatique dans le quartier
17/07/2023 16:17,Zone Sud,Agence de la Rivière,Centre d'appels,3,3,,,Améliorer le temps d'attente en agence
18/07/2023 09:25,Zone Ouest,Agence de la Corniche,Conseiller clientèle,4,3,Personnel accueillant et souriant,Service rapide et efficace,
18/07/2023 11:30,Zone Ouest,Agence de la Corniche,Accueil,3,5,,Prise en charge rapide au guichet,Réduire les frais de tenue de compte
18/07/2023 14:05,Zone Ouest,Agence de la Corniche,Accueil,4,2,Service rapide et efficace,Manque de personnel aux heures de pointe,Réduire les frais de tenue de compte
19/07/2023 10:16,Zone Ouest,Agence de la Corniche,Accueil,4,4,Très bonne orientation dès l'entrée,Très bonne orientation dès l'entrée,
19/07/2023 10:44,Zone Centre,Agence de la Gare,Conseiller clientèle,2,5,Peu d'écoute face à ma réclamation,File d'attente mal organisée,
19/07/2023 11:19,Zone Nord,Agence du Littoral,GAB,3,5,,Service rapide et efficace,Mettre en place un système de tickets plus clair
19/07/2023 11:35,Zone Centre,Agence du Parc,Centre d'appels,4,4,,Conseiller à l'écoute du client,Former le personnel à l'accueil des clients
19/07/2023 15:59,Zone Est,Agence des Acacias,Conseiller clientèle,4,5,,Agence propre et bien organisée,
20/07/2023 09:37,Zone Ouest,Agence de la Corniche,GAB,4,5,Très bonne orientation dès l'entrée,Personnel accueillant et souriant,
20/07/2023 09:53,Zone Est,Agence du Stade,Accueil,5,3,Service rapide et efficace,,
20/07/2023 10:37,Zone Ouest,Agence du Phare,Accueil,2,4,File d'attente mal organisée,Horaires d'ouverture peu pratiques,
20/07/2023 11:56,Zone Centre,Agence du Parc,Conseiller clientèle,4,4,Agence propre et bien organisée,Très bonne orientation dès l'entrée,Climatiser la salle d'attente de l'agence
20/07/2023 14:26,Zone Nord,Agence des Dunes,GAB,4,4,Prise en charge rapide au guichet,Conseiller à l'écoute du client,Climatiser la salle d'attente de l'agence
21/07/2023 09:11,Zone Nord,Agence du Littoral,Conseiller clientèle,4,4,Service rapide et efficace,,Améliorer le temps d'attente en agence
21/07/2023 09:16,Zone Nord,Agence du Littoral,GAB,5,4,,,Former le personnel à l'accueil des clients
21/07/2023 14:32,Zone Centre,Agence de la Gare,Application mobile,5,3,Service rapide et efficace,,Réduire les frais de tenue de compte
22/07/2023 16:45,Zone Nord,Agence des Dunes,Guichet,3,2,,Horaires d'ouverture peu pratiques,
24/07/2023 08:07,Zone Est,Agence de l'Horloge,Conseiller clientèle,3,5,,Personnel accueillant et souriant,
24/07/2023 09:13,Zone Est,Agence des Acacias,Conseiller clientèle,5,3,Service rapide et efficace,,Mettre en place un système de tickets plus clair
24/07/2023 10:36,Zone Est,Agence des Acacias,Application mobile,3,4,Peu d'écoute face à ma réclamation,Service rapide et efficace,Améliorer le temps d'attente en agence
24/07/2023 10:54,Zone Sud,Agence de la Rivière,Guichet,5,4,Service rapide et efficace,,Ajouter un guichet automatique dans le quartier
24/07/2023 11:01,Zone Nord,Agence des Dunes,GAB,4,2,File d'attente mal organisée,Temps d'attente trop long au guichet,
24/07/2023 13:55,Zone Centre,Agence du Parc,Guichet,4,5,Personnel accueillant et souriant,Très bonne orientation dès l'entrée,Former le personnel à l'accueil des clients
24/07/2023 14:06,Zone Nord,Agence des Palmiers,Application mobile,5,2,Peu d'écoute face à ma réclamation,Guichet automatique souvent en panne,
24/07/2023 14:33,Zone Nord,Agence des Palmiers,Accueil,4,4,,Prise en charge rapide au guichet,
24/07/2023 14:58,Zone Ouest,Agence du Phare,Guichet,4,3,,,
24/07/2023 17:33,Zone Nord,Agence des Dunes,GAB,3,3,,,Réduire les frais de tenue de compte
25/07/2023 11:17,Zone Sud,Agence des Collines,Guichet,4,5,Très bonne orientation dès l'entrée,,Installer plus de sièges dans la salle d'attente
25/07/2023 13:59,Zone Ouest,Agence de la Corniche,GAB,5,3,,Temps d'attente trop long au guichet,Ajouter un guichet automatique dans le quartier
25/07/2023 15:33,Zone Centre,Agence du Parc,Centre d'appels,4,5,Temps d'attente trop long au guichet,Personnel accueillant et souriant,Améliorer l'application mobile de la banque
25/07/2023 16:33,Zone Centre,Agence du Parc,Application mobile,5,5,Agence propre et bien organisée,Agence propre et bien organisée,
26/07/2023 08:57,Zone Ouest,Agence de la Corniche,Centre d'appels,5,2,Prise en charge rapide au guichet,Peu d'écoute face à ma réclamation,Mettre en place un système de tickets plus clair
26/07/2023 12:15,Zone Nord,Agence des Palmiers,Guichet,3,4,Très bonne orientation dès l'entrée,Prise en charge rapide au guichet,
26/07/2023 13:16,Zone Est,Agence des Acacias,Conseiller clientèle,4,5,,Personnel accueillant et souriant,Former le personnel à l'accueil des clients
26/07/2023 14:01,Zone Ouest,Agence du Phare,Application mobile,5,2,Très bonne orientation dès l'entrée,Peu d'écoute face à ma réclamation,
26/07/2023 14:32,Zone Nord,Agence des Palmiers,GAB,4,4,Conseiller à l'écoute du client,Très bonne orientation dès l'entrée,Réduire les frais de tenue de compte
26/07/2023 14:55,Zone Sud,Agence des Collines,Accueil,5,3,Agence propre et bien organisée,,Augmenter le personnel aux heures de pointe
27/07/2023 08:13,Zone Est,Agence des Acacias,Guichet,4,5,Conseiller à l'écoute du client,Prise en charge rapide au guichet,
27/07/2023 08:37,Zone Centre,Agence de la Gare,Application mobile,5,4,,,Installer plus de sièges dans la salle d'attente
27/07/2023 09:04,Zone Nord,Agence des Dunes,GAB,5,5,Service rapide et efficace,Très bonne orientation dès l'entrée,
27/07/2023 10:27,Zone Nord,Agence du Littoral,Guichet,5,5,Service rapide et efficace,,
28/07/2023 10:19,Zone Ouest,Agence de la Corniche,Guichet,5,4,,Manque de personnel aux heures de pointe,Proposer plus de services sur l'application mobile
28/07/2023 10:50,Zone Sud,Agence de la Rivière,Conseiller clientèle,4,5,Conseiller à l'écoute du client,Prise en charge rapide au guichet,Améliorer l'application mobile de la banque
28/07/2023 12:48,Zone Ouest,Agence de la Corniche,Guichet,4,3,Prise en charge rapide au guichet,,
28/07/2023 13:38,Zone Centre,Agence de la Gare,Accueil,5,5,Service rapide et efficace,Très bonne orientation dès l'entrée,
28/07/2023 13:53,Zone Sud,Agence de la Rivière,Conseiller clientèle,3,3,,,Proposer plus de services sur l'application mobile
28/07/2023 15:09,Zone Est,Agence de l'Horloge,Guichet,5,5,Conseiller à l'écoute du client,,
28/07/2023 15:58,Zone Est,Agence de l'Horloge,Accueil,2,4,,Service rapide et efficace,Installer plus de sièges dans la salle d'attente
28/07/2023 16:22,Zone Sud,Agence de la Rivière,Guichet,5,4,Service rapide et efficace,,Proposer plus de services sur l'application mobile
28/07/2023 16:39,Zone Est,Agence du Stade,Conseiller clientèle,3,3,,,Ouvrir l'agence le samedi matin
28/07/2023 17:14,Zone Centre,Agence du Marché,Guichet,5,5,,,Améliorer l'application mobile de la banque
29/07/2023 08:59,Zone Nord,Agence du Littoral,Conseiller clientèle,5,5,,Très bonne orientation dès l'entrée,Installer plus de sièges dans la salle d'attente
29/07/2023 10:49,Zone Sud,Agence de la Rivière,GAB,4,3,Personnel accueillant et souriant,,
29/07/2023 16:35,Zone Ouest,Agence de la Corniche,Application mobile,4,4,Agence propre et bien organisée,Prise en charge rapide au guichet,Former le personnel à l'accueil des clients
29/07/2023 17:09,Zone Ouest,Agence de la Corniche,GAB,5,5,Guichet automatique souvent en panne,Agence propre et bien organisée,
29/07/2023 17:48,Zone Nord,Agence des Palmiers,Conseiller clientèle,5,4,,Très bonne orientation dès l'entrée,
31/07/2023 08:50,Zone Est,Agence du Stade,Guichet,2,5,Horaires d'ouverture peu pratiques,Prise en charge rapide au guichet,
31/07/2023 11:33,Zone Nord,Agence des Dunes,Conseiller clientèle,5,3,Personnel accueillant et souriant,,
31/07/2023 11:49,Zone Ouest,Agence de la Corniche,Accueil,4,4,Très bonne orientation dès l'entrée,Agence propre et bien organisée,Augmenter le personnel aux heures de pointe
31/07/2023 13:09,Zone Est,Agence des Acacias,GAB,5,5,Personnel accueillant et souriant,,Former le personnel à l'accueil des clients
31/07/2023 17:34,Zone Nord,Agence des Dunes,Centre d'appels,3,3,,,
01/08/2023 09:40,Zone Est,Agence des Acacias,GAB,3,4,,Service rapide et efficace,Réduire les frais de tenue de compte
01/08/2023 12:06,Zone Centre,Agence de la Gare,GAB,3,4,,,
01/08/2023 16:16,Zone Centre,Agence du Parc,Accueil,5,3,Conseiller à l'écoute du client,,
01/08/2023 16:56,Zone Sud,Agence de la Rivière,Guichet,5,5,Personnel accueillant et souriant,Agence propre et bien organisée,
01/08/2023 17:26,Zone Sud,Agence des Collines,Guichet,3,3,,,Augmenter le personnel aux heures de pointe
02/08/2023 10:49,Zone Ouest,Agence du Phare,Application mobile,3,3,,,Climatiser la salle d'attente de l'agence
02/08/2023 11:52,Zone Centre,Agence de la Gare,Conseiller clientèle,5,5,Personnel accueillant et souriant,,Climatiser la salle d'attente de l'agence
02/08/2023 12:18,Zone Ouest,Agence de la Corniche,GAB,5,4,Conseiller à l'écoute du client,Agence propre et bien organisée,Mettre en place un système de tickets plus clair
02/08/2023 13:45,Zone Nord,Agence des Dunes,Application mobile,4,3,Prise en charge rapide au guichet,,Réduire les frais de tenue de compte
02/08/2023 14:43,Zone Est,Agence du Stade,GAB,5,5,,Personnel accueillant et souriant,Réduire le temps d'attente au guichet
02/08/2023 15:39,Zone Ouest,Agence du Phare,Guichet,4,3,Très bonne orientation dès l'entrée,Agence propre et bien organisée,Former le personnel à l'accueil des clients
02/08/2023 15:46,Zone Nord,Agence du Littoral,Conseiller clientèle,4,4,Conseiller à l'écoute du client,Conseiller à l'écoute du client,Installer plus de sièges dans la salle d'attente
02/08/2023 15:58,Zone Est,Agence des Acacias,GAB,5,5,Très bonne orientation dès l'entrée,,
02/08/2023 16:06,Zone Ouest,Agence de la Corniche,Guichet,2,5,,Prise en charge rapide au guichet,Ajouter un guichet automatique dans le quartier
03/08/2023 09:03,Zone Sud,Agence de la Rivière,Conseiller clientèle,3,4,Manque de personnel aux heures de pointe,Service rapide et efficace,Mettre en place un système de tickets plus clair
03/08/2023 09:18,Zone Centre,Agence du Parc,GAB,4,3,Prise en charge rapide au guichet,,
03/08/2023 11:02,Zone Ouest,Agence du Phare,Conseiller clientèle,5,3,,Conseiller à l'écoute du client,
03/08/2023 11:20,Zone Sud,Agence des Collines,Accueil,3,4,,Conseiller à l'écoute du client,
03/08/2023 11:51,Zone Centre,Agence du Parc,Conseiller clientèle,5,4,Prise en charge rapide au guichet,File d'attente mal organisée,
03/08/2023 14:14,Zone Nord,Agence du Littoral,Application mobile,4,5,,Agence propre et bien organisée,Climatiser la salle d'attente de l'agence
03/08/2023 17:25,Zone Est,Agence de l'Horloge,GAB,4,3,Très bonne orientation dès l'entrée,,
04/08/2023 08:13,Zone Nord,Agence des Palmiers,Conseiller clientèle,4,3,Très bonne orientation dès l'entrée,,
04/08/2023 08:42,Zone Est,Agence des Acacias,Application mobile,3,3,,Guichet automatique souvent en panne,
04/08/2023 08:53,Zone Centre,Agence de la Gare,Conseiller clientèle,4,3,Très bonne orientation dès l'entrée,,Améliorer le temps d'attente en agence
04/08/2023 09:33,Zone Centre,Agence du Parc,Centre d'appels,3,4,,Prise en charge rapide au guichet,
04/08/2023 09:50,Zone Sud,Agence des Collines,Centre d'appels,3,4,,,
04/08/2023 10:07,Zone Ouest,Agence de la Corniche,GAB,5,1,Guichet automatique souvent en panne,Horaires d'ouverture peu pratiques,
04/08/2023 10:23,Zone Centre,Agence du Parc,Centre d'appels,5,5,,Prise en charge rapide au guichet,Améliorer le temps d'attente en agence
04/08/2023 11:29,Zone Nord,Agence du Littoral,Guichet,3,5,Guichet automatique souvent en panne,,Améliorer le temps d'attente en agence
04/08/2023 13:01,Zone Centre,Agence du Parc,Guichet,3,5,Conseiller à l'écoute du client,,Améliorer le temps d'attente en agence
04/08/2023 16:00,Zone Centre,Agence du Parc,GAB,5,4,Conseiller à l'écoute du client,Personnel accueillant et souriant,Réduire les frais de tenue de compte
04/08/2023 17:12,Zone Nord,Agence des Dunes,Application mobile,5,3,Conseiller à l'écoute du client,Guichet automatique souvent en panne,
05/08/2023 13:38,Zone Ouest,Agence du Phare,Guichet,4,4,Conseiller à l'écoute du client,Personnel accueillant et souriant,
05/08/2023 15:21,Zone Nord,Agence du Littoral,Guichet,4,5,Guichet automatique souvent en panne,Service rapide et efficace,
07/08/2023 09:09,Zone Est,Agence de l'Horloge,Guichet,5,5,Très bonne orientation dès l'entrée,,
07/08/2023 13:33,Zone Centre,Agence du Marché,Guichet,3,5,,Personnel accueillant et souriant,
07/08/2023 16:54,Zone Est,Agence du Stade,GAB,4,5,,,
07/08/2023 17:50,Zone Ouest,Agence de la Corniche,Accueil,4,4,Guichet automatique souvent en panne,Conseiller à l'écoute du client,Réduire le temps d'attente au guichet
08/08/2023 08:06,Zone Nord,Agence des Palmiers,Guichet,4,4,Prise en charge rapide au guichet,Personnel accueillant et souriant,
08/08/2023 08:36,Zone Est,Agence du Stade,Guichet,4,5,,Conseiller à l'écoute du client,Ouvrir l'agence le samedi matin
08/08/2023 10:15,Zone Sud,Agence de la Rivière,Guichet,4,3,Conseiller à l'écoute du client,,
08/08/2023 11:15,Zone Nord,Agence des Dunes,Conseiller clientèle,5,4,,Personnel accueillant et souriant,Ajouter un guichet automatique dans le quartier
08/08/2023 11:52,Zone Nord,Agence des Dunes,Guichet,3,5,Agence propre et bien organisée,Conseiller à l'écoute du client,
08/08/2023 11:52,Zone Est,Agence des Acacias,Accueil,5,5,,Agence propre et bien organisée,
09/08/2023 08:11,Zone Est,Agence de l'Horloge,Accueil,3,3,Agence propre et bien organisée,File d'attente mal organisée,Installer plus de sièges dans la salle d'attente
09/08/2023 08:18,Zone Nord,Agence des Dunes,Guichet,1,4,,Service rapide et efficace,
09/08/2023 11:40,Zone Est,Agence de l'Horloge,Application mobile,4,5,Très bonne orientation dès l'entrée,Service rapide et efficace,
09/08/2023 11:59,Zone Est,Agence de l'Horloge,Application mobile,5,5,Peu d'écoute face à ma réclamation,,
09/08/2023 16:04,Zone Est,Agence des Acacias,GAB,5,5,Conseiller à l'écoute du client,Conseiller à l'écoute du client,
10/08/2023 09:38,Zone Est,Agence des Acacias,Application mobile,5,3,,,
10/08/2023 09:53,Zone Centre,Agence de la Gare,Conseiller clientèle,4,5,,Très bonne orientation dès l'entrée,Climatiser la salle d'attente de l'agence
10/08/2023 09:57,Zone Est,Agence du Stade,GAB,4,3,Service rapide et efficace,,Améliorer l'application mobile de la banque
10/08/2023 14:39,Zone Sud,Agence des Collines,Guichet,4,4,File d'attente mal organisée,Service rapide et efficace,
10/08/2023 15:08,Zone Nord,Agence des Palmiers,Guichet,4,2,Prise en charge rapide au guichet,Manque de personnel aux heures de pointe,Climatiser la salle d'attente de l'agence
10/08/2023 16:29,Zone Est,Agence de l'Horloge,Guichet,4,5,Personnel accueillant et souriant,Très bonne orientation dès l'entrée,Climatiser la salle d'attente de l'agence
11/08/2023 13:18,Zone Centre,Agence du Marché,Guichet,3,4,,Très bonne orientation dès l'entrée,
11/08/2023 13:41,Zone Sud,Agence de la Rivière,Application mobile,5,3,Conseiller à l'écoute du client,,
11/08/2023 14:40,Zone Centre,Agence du Parc,Accueil,4,4,Conseiller à l'écoute du client,Conseiller à l'écoute du client,Proposer plus de services sur l'application mobile
11/08/2023 16:52,Zone Est,Agence de l'Horloge,Guichet,5,5,,Service rapide et efficace,Installer plus de sièges dans la salle d'attente
12/08/2023 08:31,Zone Nord,Agence des Palmiers,Conseiller clientèle,4,4,Prise en charge rapide au guichet,,
12/08/2023 14:53,Zone Centre,Agence du Parc,Centre d'appels,5,5,,Agence propre et bien organisée,Réduire le temps d'attente au guichet
14/08/2023 08:30,Zone Nord,Agence du Littoral,Conseiller clientèle,4,5,,Très bonne orientation dès l'entrée,
14/08/2023 09:05,Zone Est,Agence des Acacias,Guichet,5,3,Prise en charge rapide au guichet,Service rapide et efficace,
14/08/2023 09:16,Zone Nord,Agence des Palmiers,GAB,5,4,,Service rapide et efficace,
14/08/2023 09:34,Zone Est,Agence de l'Horloge,Guichet,5,2,,Manque de personnel aux heures de pointe,
14/08/2023 10:40,Zone Est,Agence du Stade,Guichet,4,5,Très bonne orientation dès l'entrée,Personnel accueillant et souriant,Réduire les frais de tenue de compte
14/08/2023 11:56,Zone Nord,Agence des Palmiers,Guichet,5,4,Très bonne orientation dès l'entrée,Très bonne orientation dès l'entrée,
14/08/2023 12:46,Zone Nord,Agence du Littoral,Conseiller clientèle,4,4,,Conseiller à l'écoute du client,
14/08/2023 15:18,Zone Centre,Agence du Marché,GAB,4,5,,Conseiller à l'écoute du client,Augmenter le personnel aux heures de pointe
15/08/2023 09:42,Zone Ouest,Agence de la Corniche,Application mobile,3,3,,File d'attente mal organisée,
15/08/2023 09:45,Zone Est,Agence de l'Horloge,Application mobile,4,4,Personnel accueillant et souriant,Agence propre et bien organisée,Climatiser la salle d'attente de l'agence
15/08/2023 10:42,Zone Ouest,Agence du Phare,Accueil,3,4,,Personnel accueillant et souriant,Augmenter le personnel aux heures de pointe
15/08/2023 11:01,Zone Est,Agence du Stade,Guichet,4,4,Conseiller à l'écoute du client,,Augmenter le personnel aux heures de pointe
15/08/2023 11:04,Zone Ouest,Agence du Phare,GAB,2,4,Guichet automatique souvent en panne,,
15/08/2023 11:39,Zone Centre,Agence de la Gare,GAB,4,4,,,
16/08/2023 08:14,Zone Centre,Agence du Parc,Application mobile,2,5,Guichet automatique souvent en panne,Conseiller à l'écoute du client,
16/08/2023 08:42,Zone Sud,Agence des Collines,Guichet,4,4,,,
16/08/2023 09:22,Zone Est,Agence du Stade,Guichet,5,5,Service rapide et efficace,,
16/08/2023 11:36,Zone Nord,Agence du Littoral,Guichet,5,5,Prise en charge rapide au guichet,Personnel accueillant et souriant,
16/08/2023 12:50,Zone Nord,Agence des Palmiers,Guichet,4,5,Personnel accueillant et souriant,Agence propre et bien organisée,
16/08/2023 13:11,Zone Nord,Agence du Littoral,Conseiller clientèle,5,5,Service rapide et efficace,,
16/08/2023 14:03,Zone Centre,Agence de la Gare,Conseiller clientèle,5,3,Très bonne orientation dès l'entrée,,Climatiser la salle d'attente de l'agence
16/08/2023 14:44,Zone Est,Agence des Acacias,Guichet,5,3,Prise en charge rapide au guichet,,
16/08/2023 16:31,Zone Ouest,Agence du Phare,Guichet,4,3,Conseiller à l'écoute du client,,Augmenter le personnel aux heures de pointe
16/08/2023 16:32,Zone Nord,Agence des Dunes,Conseiller clientèle,3,3,Horaires d'ouverture peu pratiques,,Ajouter un guichet automatique dans le quartier
16/08/2023 17:20,Zone Nord,Agence des Palmiers,GAB,3,4,Très bonne orientation dès l'entrée,,Climatiser la salle d'attente de l'agence
16/08/2023 17:24,Zone Nord,Agence du Littoral,Application mobile,3,5,,,
17/08/2023 08:54,Zone Nord,Agence des Dunes,GAB,4,4,Très bonne orientation dès l'entrée,Service rapide et efficace,Réduire le temps d'attente au guichet
17/08/2023 09:08,Zone Centre,Agence de la Gare,Conseiller clientèle,5,5,,Prise en charge rapide au guichet,
17/08/2023 09:27,Zone Sud,Agence de la Rivière,Guichet,5,2,Conseiller à l'écoute du client,Guichet automatique souvent en panne,Former le personnel à l'accueil des clients
17/08/2023 10:52,Zone Centre,Agence de la Gare,Conseiller clientèle,4,3,Conseiller à l'écoute du client,,Augmenter le personnel aux heures de pointe
17/08/2023 10:52,Zone Est,Agence des Acacias,Accueil,3,5,,Très bonne orientation dès l'entrée,
17/08/2023 11:24,Zone Sud,Agence de la Rivière,Conseiller clientèle,2,4,Horaires d'ouverture peu pratiques,Agence propre et bien organisée,
17/08/2023 12:45,Zone Nord,Agence des Dunes,Guichet,4,4,Peu d'écoute face à ma réclamation,Prise en charge rapide au guichet,Proposer plus de services sur l'application mobile
17/08/2023 17:53,Zone Ouest,Agence de la Corniche,Guichet,4,4,Agence propre et bien organisée,Agence propre et bien organisée,Améliorer l'application mobile de la banque
18/08/2023 09:29,Zone Est,Agence des Acacias,Conseiller clientèle,5,4,,Service rapide et efficace,
18/08/2023 10:53,Zone Nord,Agence des Dunes,Application mobile,4,4,,Conseiller à l'écoute du client,Mettre en place un système de tickets plus clair
18/08/2023 12:13,Zone Nord,Agence des Dunes,GAB,4,1,Très bonne orientation dès l'entrée,File d'attente mal organisée,Installer plus de sièges dans la salle d'attente
18/08/2023 12:35,Zone Nord,Agence des Palmiers,Accueil,3,5,Service rapide et efficace,Très bonne orientation dès l'entrée,
18/08/2023 14:31,Zone Nord,Agence des Palmiers,Conseiller clientèle,3,5,,,Former le personnel à l'accueil des clients
18/08/2023 15:26,Zone Nord,Agence des Dunes,Guichet,5,5,,Manque de personnel aux heures de pointe,Proposer plus de services sur l'application mobile
18/08/2023 16:09,Zone Est,Agence de l'Horloge,GAB,4,4,,,
18/08/2023 16:52,Zone Sud,Agence des Collines,Centre d'appels,3,4,Peu d'écoute face à ma réclamation,Personnel accueillant et souriant,
19/08/2023 08:50,Zone Ouest,Agence de la Corniche,Conseiller clientèle,5,3,Guichet automatique souvent en panne,,Proposer plus de services sur l'application mobile
19/08/2023 10:06,Zone Sud,Agence des Collines,Guichet,3,2,Conseiller à l'écoute du client,Guichet automatique souvent en panne,
19/08/2023 13:05,Zone Nord,Agence des Dunes,Centre d'appels,4,3,Service rapide et efficace,,Ajouter un guichet automatique dans le quartier
19/08/2023 16:59,Zone Centre,Agence du Parc,GAB,4,4,,Conseiller à l'écoute du client,
21/08/2023 08:46,Zone Centre,Agence de la Gare,Application mobile,5,4,,,Installer plus de sièges dans la salle d'attente
21/08/2023 09:18,Zone Ouest,Agence de la Corniche,GAB,5,3,Personnel accueillant et souriant,,Former le personnel à l'accueil des clients
21/08/2023 09:41,Zone Centre,Agence de la Gare,Accueil,5,5,Peu d'écoute face à ma réclamation,Agence propre et bien organisée,Réduire le temps d'attente au guichet
21/08/2023 10:33,Zone Est,Agence des Acacias,Conseiller clientèle,4,5,,Prise en charge rapide au guichet,Réduire le temps d'attente au guichet
21/08/2023 12:39,Zone Ouest,Agence de la Corniche,Guichet,3,5,,,
21/08/2023 13:01,Zone Centre,Agence du Parc,Application mobile,4,4,Prise en charge rapide au guichet,Service rapide et efficace,
21/08/2023 13:18,Zone Nord,Agence des Dunes,GAB,3,4,,Prise en charge rapide au guichet,
21/08/2023 16:25,Zone Est,Agence de l'Horloge,Guichet,4,5,Très bonne orientation dès l'entrée,,Réduire les frais de tenue de compte
22/08/2023 10:08,Zone Nord,Agence des Palmiers,GAB,4,4,Service rapide et efficace,Guichet automatique souvent en panne,
22/08/2023 11:50,Zone Ouest,Agence de la Corniche,Guichet,5,3,,,Améliorer le temps d'attente en agence
22/08/2023 14:52,Zone Sud,Agence des Collines,Guichet,5,3,,Personnel accueillant et souriant,Climatiser la salle d'attente de l'agence
23/08/2023 08:51,Zone Ouest,Agence du Phare,GAB,4,4,Personnel accueillant et souriant,Horaires d'ouverture peu pratiques,Installer plus de sièges dans la salle d'attente
23/08/2023 09:25,Zone Est,Agence du Stade,Guichet,4,3,Personnel accueillant et souriant,,Installer plus de sièges dans la salle d'attente
23/08/2023 11:13,Zone Est,Agence du Stade,Application mobile,5,2,Conseiller à l'écoute du client,Guichet automatique souvent en panne,
23/08/2023 13:05,Zone Ouest,Agence de la Corniche,Conseiller clientèle,5,3,Agence propre et bien organisée,Temps d'attente trop long au guichet,Réduire le temps d'attente au guichet
23/08/2023 13:17,Zone Est,Agence de l'Horloge,Guichet,5,1,Prise en charge rapide au guichet,File d'attente mal organisée,
23/08/2023 15:10,Zone Nord,Agence des Dunes,GAB,3,3,,,Climatiser la salle d'attente de l'agence
23/08/2023 15:43,Zone Centre,Agence de la Gare,GAB,5,4,Conseiller à l'écoute du client,Très bonne orientation dès l'entrée,
23/08/2023 16:22,Zone Centre,Agence de la Gare,Conseiller clientèle,4,4,,Personnel accueillant et souriant,Réduire le temps d'attente au guichet
24/08/2023 08:12,Zone Est,Agence du Stade,Conseiller clientèle,4,5,Très bonne orientation dès l'entrée,Conseiller à l'écoute du client,Ouvrir l'agence le samedi matin
24/08/2023 09:13,Zone Sud,Agence de la Rivière,Centre d'appels,3,5,,,Former le personnel à l'accueil des clients
24/08/2023 10:00,Zone Ouest,Agence de la Corniche,GAB,4,4,,Agence propre et bien organisée,Installer plus de sièges dans la salle d'attente
24/08/2023 11:02,Zone Est,Agence du Stade,Guichet,3,4,,,Former le personnel à l'accueil des clients
24/08/2023 13:55,Zone Est,Agence de l'Horloge,Accueil,5,4,,,
24/08/2023 14:40,Zone Sud,Agence de la Rivière,Application mobile,5,4,Guichet automatique souvent en panne,Personnel accueillant et souriant,Installer plus de sièges dans la salle d'attente
25/08/2023 08:14,Zone Nord,Agence des Dunes,Conseiller clientèle,5,4,,Conseiller à l'écoute du client,Augmenter le personnel aux heures de pointe
25/08/2023 08:49,Zone Nord,Agence des Dunes,Application mobile,5,5,Agence propre et bien organisée,,
25/08/2023 10:17,Zone Centre,Agence du Parc,Conseiller clientèle,5,5,Agence propre et bien organisée,Prise en charge rapide au guichet,
25/08/2023 10:58,Zone Centre,Agence de la Gare,Conseiller clientèle,4,5,Conseiller à l'écoute du client,Personnel accueillant et souriant,Installer plus de sièges dans la salle d'attente
25/08/2023 11:03,Zone Ouest,Agence de la Corniche,Guichet,5,3,Personnel accueillant et souriant,,
25/08/2023 14:06,Zone Nord,Agence des Palmiers,GAB,4,4,Conseiller à l'écoute du client,Agence propre et bien organisée,Réduire les frais de tenue de compte
26/08/2023 09:46,Zone Est,Agence du Stade,Guichet,5,3,Très bonne orientation dès l'entrée,,Ajouter un guichet automatique dans le quartier
26/08/2023 14:11,Zone Nord,Agence des Dunes,Conseiller clientèle,4,3,Prise en charge rapide au guichet,Peu d'écoute face à ma réclamation,Climatiser la salle d'attente de l'agence
26/08/2023 17:45,Zone Est,Agence des Acacias,GAB,5,5,,,
28/08/2023 08:20,Zone Centre,Agence de la Gare,GAB,4,4,Agence propre et bien organisée,,Former le personnel à l'accueil des clients
28/08/2023 08:22,Zone Ouest,Agence de la Corniche,GAB,4,3,Temps d'attente trop long au guichet,,Réduire les frais de tenue de compte
28/08/2023 08:43,Zone Centre,Agence de la Gare,Conseiller clientèle,4,3,Conseiller à l'écoute du client,,
28/08/2023 09:39,Zone Nord,Agence des Palmiers,Accueil,2,5,Temps d'attente trop long au guichet,,
28/08/2023 10:07,Zone Centre,Agence de la Gare,Guichet,5,3,Très bonne orientation dès l'entrée,,
28/08/2023 10:52,Zone Centre,Agence du Parc,Application mobile,4,4,,,Mettre en place un système de tickets plus clair
28/08/2023 11:04,Zone Nord,Agence du Littoral,Guichet,5,4,Prise en charge rapide au guichet,Service rapide et efficace,Améliorer le temps d'attente en agence
28/08/2023 11:38,Zone Nord,Agence des Palmiers,Guichet,3,3,,Personnel accueillant et souriant,Ajouter un guichet automatique dans le quartier
28/08/2023 12:01,Zone Centre,Agence de la Gare,Accueil,5,5,Prise en charge rapide au guichet,,
28/08/2023 16:00,Zone Sud,Agence de la Rivière,GAB,5,5,Service rapide et efficace,,
28/08/2023 16:09,Zone Nord,Agence des Palmiers,GAB,5,4,Personnel accueillant et souriant,Très bonne orientation dès l'entrée,
29/08/2023 08:15,Zone Nord,Agence des Palmiers,Guichet,4,5,,Conseiller à l'écoute du client,
29/08/2023 11:20,Zone Sud,Agence de la Rivière,Accueil,5,3,Très bonne orientation dès l'entrée,,Augmenter le personnel aux heures de pointe
29/08/2023 12:10,Zone Ouest,Agence de la Corniche,Guichet,5,4,Prise en charge rapide au guichet,Service rapide et efficace,
29/08/2023 15:08,Zone Sud,Agence de la Rivière,Guichet,2,5,Peu d'écoute face à ma réclamation,Prise en charge rapide au guichet,Ajouter un guichet automatique dans le quartier
29/08/2023 17:44,Zone Nord,Agence du Littoral,Application mobile,5,5,,,
30/08/2023 12:54,Zone Centre,Agence du Marché,Conseiller clientèle,5,4,Personnel accueillant et souriant,Très bonne orientation dès l'entrée,Améliorer le temps d'attente en agence
30/08/2023 14:17,Zone Est,Agence de l'Horloge,Conseiller clientèle,4,4,Prise en charge rapide au guichet,Personnel accueillant et souriant,Proposer plus de services sur l'application mobile
30/08/2023 15:25,Zone Est,Agence du Stade,Accueil,4,4,Très bonne orientation dès l'entrée,,
31/08/2023 09:56,Zone Est,Agence de l'Horloge,GAB,5,3,,Très bonne orientation dès l'entrée,Réduire les frais de tenue de compte
31/08/2023 10:41,Zone Sud,Agence de la Rivière,GAB,3,3,Peu d'écoute face à ma réclamation,,
31/08/2023 11:01,Zone Nord,Agence des Dunes,GAB,3,4,,,
31/08/2023 11:59,Zone Est,Agence de l'Horloge,Conseiller clientèle,4,2,Prise en charge rapide au guichet,Peu d'écoute face à ma réclamation,Mettre en place un système de tickets plus clair
31/08/2023 13:04,Zone Ouest,Agence de la Corniche,Conseiller clientèle,4,3,,,Climatiser la salle d'attente de l'agence
31/08/2023 14:52,Zone Centre,Agence du Parc,Application mobile,3,4,,Personnel accueillant et souriant,
31/08/2023 15:43,Zone Nord,Agence des Palmiers,Application mobile,5,3,Service rapide et efficace,Horaires d'ouverture peu pratiques,Améliorer l'application mobile de la banque
31/08/2023 17:46,Zone Sud,Agence de la Rivière,Conseiller clientèle,3,4,File d'attente mal organisée,Prise en charge rapide au guichet,
01/09/2023 08:02,Zone Sud,Agence de la Rivière,Application mobile,3,3,,,Former le personnel à l'accueil des clients
01/09/2023 09:48,Zone Est,Agence de l'Horloge,Guichet,3,4,,Temps d'attente trop long au guichet,
01/09/2023 14:02,Zone Centre,Agence de la Gare,GAB,5,3,Très bonne orientation dès l'entrée,,
01/09/2023 14:16,Zone Est,Agence du Stade,Guichet,4,4,,Personnel accueillant et souriant,Former le personnel à l'accueil des clients
01/09/2023 14:50,Zone Sud,Agence de la Rivière,Conseiller clientèle,5,4,,Prise en charge rapide au guichet,
01/09/2023 16:32,Zone Sud,Agence de la Rivière,Accueil,3,2,,File d'attente mal organisée,
01/09/2023 16:48,Zone Centre,Agence de la Gare,Conseiller clientèle,4,5,Agence propre et bien organisée,,
02/09/2023 10:10,Zone Nord,Agence des Dunes,GAB,2,3,File d'attente mal organisée,,Améliorer le temps d'attente en agence
04/09/2023 14:45,Zone Centre,Agence de la Gare,Conseiller clientèle,4,4,Agence propre et bien organisée,,Former le personnel à l'accueil des clients
04/09/2023 14:48,Zone Centre,Agence du Marché,Guichet,5,5,,Service rapide et efficace,Proposer plus de services sur l'application mobile
04/09/2023 16:26,Zone Sud,Agence de la Rivière,Application mobile,4,5,Personnel accueillant et souriant,File d'attente mal organisée,
04/09/2023 17:03,Zone Nord,Agence des Dunes,Guichet,3,3,Service rapide et efficace,,Installer plus de sièges dans la salle d'attente
04/09/2023 17:45,Zone Sud,Agence des Collines,Conseiller clientèle,4,3,,,
05/09/2023 09:49,Zone Sud,Agence de la Rivière,Guichet,4,4,Agence propre et bien organisée,Prise en charge rapide au guichet,Améliorer l'application mobile de la banque
05/09/2023 10:07,Zone Nord,Agence des Palmiers,Application mobile,3,5,Conseiller à l'écoute du client,Très bonne orientation dès l'entrée,
05/09/2023 10:52,Zone Nord,Agence des Dunes,GAB,3,5,,,
05/09/2023 12:28,Zone Nord,Agence des Dunes,Accueil,5,3,Personnel accueillant et souriant,,
05/09/2023 14:06,Zone Ouest,Agence de la Corniche,GAB,2,3,,,Améliorer l'application mobile de la banque
05/09/2023 14:19,Zone Est,Agence du Stade,GAB,5,3,Conseiller à l'écoute du client,,Réduire les frais de tenue de compte
05/09/2023 15:18,Zone Nord,Agence des Dunes,Conseiller clientèle,4,3,Prise en charge rapide au guichet,,
05/09/2023 15:32,Zone Ouest,Agence du Phare,Accueil,3,3,Manque de personnel aux heures de pointe,,
06/09/2023 08:59,Zone Nord,Agence du Littoral,Conseiller clientèle,5,5,Très bonne orientation dès l'entrée,Service rapide et efficace,Proposer plus de services sur l'application mobile
06/09/2023 10:20,Zone Sud,Agence des Collines,Accueil,3,3,,Très bonne orientation dès l'entrée,
06/09/2023 10:22,Zone Sud,Agence de la Rivière,GAB,4,3,Agence propre et bien organisée,Très bonne orientation dès l'entrée,Mettre en place un système de tickets plus clair
06/09/2023 10:57,Zone Est,Agence des Acacias,Application mobile,5,3,,Horaires d'ouverture peu pratiques,Réduire les frais de tenue de compte
06/09/2023 13:36,Zone Centre,Agence du Marché,Guichet,4,5,Service rapide et efficace,Service rapide et efficace,Ajouter un guichet automatique dans le quartier
07/09/2023 08:07,Zone Sud,Agence des Collines,Centre d'appels,4,2,Personnel accueillant et souriant,Guichet automatique souvent en panne,
07/09/2023 08:21,Zone Centre,Agence de la Gare,Guichet,5,3,Agence propre et bien organisée,,Améliorer l'application mobile de la banque
07/09/2023 15:24,Zone Sud,Agence des Collines,Application mobile,3,2,,,
07/09/2023 15:27,Zone Sud,Agence de la Rivière,Centre d'appels,3,4,Personnel accueillant et souriant,,
07/09/2023 17:44,Zone Sud,Agence des Collines,Application mobile,2,4,Peu d'écoute face à ma réclamation,Prise en charge rapide au guichet,Améliorer le temps d'attente en agence
08/09/2023 09:02,Zone Ouest,Agence de la Corniche,GAB,3,3,,Peu d'écoute face à ma réclamation,Réduire le temps d'attente au guichet
08/09/2023 09:52,Zone Sud,Agence des Collines,Centre d'appels,4,3,,,Améliorer le temps d'attente en agence
08/09/2023 11:02,Zone Sud,Agence des Collines,Guichet,5,4,Conseiller à l'écoute du client,,
08/09/2023 11:30,Zone Est,Agence du Stade,Guichet,5,4,Agence propre et bien organisée,,Réduire les frais de tenue de compte
08/09/2023 16:49,Zone Est,Agence de l'Horloge,Accueil,5,3,Personnel accueillant et souriant,,Améliorer le temps d'attente en agence
09/09/2023 10:36,Zone Ouest,Agence de la Corniche,GAB,5,4,Très bonne orientation dès l'entrée,Prise en charge rapide au guichet,Améliorer l'application mobile de la banque
09/09/2023 11:26,Zone Nord,Agence du Littoral,Guichet,5,5,Très bonne orientation dès l'entrée,Conseiller à l'écoute du client,Mettre en place un système de tickets plus clair
09/09/2023 11:33,Zone Est,Agence des Acacias,Conseiller clientèle,5,3,Agence propre et bien organisée,Conseiller à l'écoute du client,
11/09/2023 11:07,Zone Sud,Agence des Collines,Guichet,2,4,Horaires d'ouverture peu pratiques,,Augmenter le personnel aux heures de pointe
11/09/2023 11:18,Zone Sud,Agence des Collines,GAB,4,3,,,Augmenter le personnel aux heures de pointe
11/09/2023 11:26,Zone Centre,Agence du Parc,Application mobile,4,5,Peu d'écoute face à ma réclamation,Très bonne orientation dès l'entrée,
11/09/2023 11:59,Zone Nord,Agence des Dunes,Conseiller clientèle,4,3,Horaires d'ouverture peu pratiques,,Améliorer le temps d'attente en agence
11/09/2023 13:47,Zone Est,Agence des Acacias,Accueil,5,5,Conseiller à l'écoute du client,Horaires d'ouverture peu pratiques,
11/09/2023 16:08,Zone Nord,Agence des Dunes,Guichet,3,4,Guichet automatique souvent en panne,Très bonne orientation dès l'entrée,Mettre en place un système de tickets plus clair
11/09/2023 16:17,Zone Est,Agence de l'Horloge,Guichet,5,3,Personnel accueillant et souriant,Guichet automatique souvent en panne,
12/09/2023 10:20,Zone Nord,Agence du Littoral,Guichet,4,5,Personnel accueillant et souriant,Agence propre et bien organisée,Améliorer le temps d'attente en agence
12/09/2023 10:38,Zone Nord,Agence des Dunes,Guichet,5,4,Conseiller à l'écoute du client,,
12/09/2023 15:42,Zone Sud,Agence de la Rivière,Guichet,5,5,Prise en charge rapide au guichet,Prise en charge rapide au guichet,
12/09/2023 16:46,Zone Ouest,Agence du Phare,Conseiller clientèle,4,4,,Horaires d'ouverture peu pratiques,Ajouter un guichet automatique dans le quartier
13/09/2023 08:03,Zone Centre,Agence de la Gare,GAB,5,4,Très bonne orientation dès l'entrée,Agence propre et bien organisée,Ouvrir l'agence le samedi matin
13/09/2023 09:06,Zone Centre,Agence de la Gare,Conseiller clientèle,3,4,,Prise en charge rapide au guichet,Former le personnel à l'accueil des clients
13/09/2023 10:26,Zone Est,Agence de l'Horloge,Centre d'appels,5,4,Très bonne orientation dès l'entrée,,Améliorer le temps d'attente en agence
13/09/2023 11:03,Zone Nord,Agence des Dunes,Conseiller clientèle,5,5,Très bonne orientation dès l'entrée,,Réduire les frais de tenue de compte
13/09/2023 11:34,Zone Centre,Agence du Parc,GAB,3,4,,Peu d'écoute face à ma réclamation,Réduire le temps d'attente au guichet
13/09/2023 12:26,Zone Centre,Agence du Marché,GAB,4,4,Agence propre et bien organisée,Conseiller à l'écoute du client,
13/09/2023 12:52,Zone Sud,Agence des Collines,Conseiller clientèle,3,2,,Guichet automatique souvent en panne,
13/09/2023 12:56,Zone Sud,Agence de la Rivière,Conseiller clientèle,4,2,,File d'attente mal organisée,
13/09/2023 14:49,Zone Est,Agence de l'Horloge,GAB,4,3,,,Améliorer le temps d'attente en agence
13/09/2023 17:58,Zone Ouest,Agence de la Corniche,Conseiller clientèle,3,3,,,
14/09/2023 10:48,Zone Sud,Agence des Collines,Guichet,2,3,Horaires d'ouverture peu pratiques,,Former le personnel à l'accueil des clients
14/09/2023 11:45,Zone Nord,Agence des Dunes,GAB,4,3,Guichet automatique souvent en panne,,
14/09/2023 12:29,Zone Centre,Agence du Parc,Conseiller clientèle,4,4,Conseiller à l'écoute du client,,
14/09/2023 12:51,Zone Est,Agence des Acacias,GAB,5,5,,Temps d'attente trop long au guichet,
14/09/2023 14:47,Zone Centre,Agence du Marché,Centre d'appels,3,4,,Très bonne orientation dès l'entrée,Améliorer l'application mobile de la banque
14/09/2023 15:19,Zone Nord,Agence du Littoral,Conseiller clientèle,5,5,Agence propre et bien organisée,Personnel accueillant et souriant,
14/09/2023 16:12,Zone Nord,Agence des Palmiers,Conseiller clientèle,4,4,Conseiller à l'écoute du client,,Proposer plus de services sur l'application mobile
14/09/2023 17:03,Zone Centre,Agence de la Gare,GAB,4,4,,Conseiller à l'écoute du client,Proposer plus de services sur l'application mobile
14/09/2023 17:43,Zone Nord,Agence des Palmiers,Accueil,4,5,,Personnel accueillant et souriant,
15/09/2023 09:22,Zone Centre,Agence du Parc,Guichet,4,5,,Prise en charge rapide au guichet,
15/09/2023 09:41,Zone Nord,Agence des Palmiers,GAB,4,5,Agence propre et bien organisée,Service rapide et efficace,
15/09/2023 11:05,Zone Est,Agence de l'Horloge,Guichet,4,5,,Personnel accueillant et souriant,Climatiser la salle d'attente de l'agence
15/09/2023 11:53,Zone Est,Agence des Acacias,Application mobile,5,5,Conseiller à l'écoute du client,Conseiller à l'écoute du client,
15/09/2023 11:55,Zone Est,Agence de l'Horloge,Guichet,5,3,,,
15/09/2023 14:01,Zone Est,Agence de l'Horloge,Accueil,3,4,,Service rapide et efficace,Ouvrir l'agence le samedi matin
15/09/2023 14:11,Zone Est,Agence du Stade,Accueil,4,4,Horaires d'ouverture peu pratiques,Personnel accueillant et souriant,Ouvrir l'agence le samedi matin
15/09/2023 15:02,Zone Sud,Agence de la Rivière,Guichet,5,3,Prise en charge rapide au guichet,,
16/09/2023 13:56,Zone Est,Agence du Stade,Conseiller clientèle,5,3,Prise en charge rapide au guichet,,
16/09/2023 14:52,Zone Nord,Agence des Palmiers,Guichet,4,3,Conseiller à l'écoute du client,,
18/09/2023 08:30,Zone Est,Agence des Acacias,Accueil,5,5,,,Proposer plus de services sur l'application mobile
18/09/2023 08:40,Zone Sud,Agence des Collines,Accueil,3,4,,,
18/09/2023 10:06,Zone Centre,Agence du Parc,GAB,3,5,,Prise en charge rapide au guichet,Climatiser la salle d'attente de l'agence
18/09/2023 14:03,Zone Ouest,Agence de la Corniche,Guichet,3,4,,,
18/09/2023 17:16,Zone Est,Agence de l'Horloge,Conseiller clientèle,5,4,Conseiller à l'écoute du client,Agence propre et bien organisée,Augmenter le personnel aux heures de pointe
19/09/2023 09:17,Zone Est,Agence du Stade,Conseiller clientèle,3,3,,,
19/09/2023 09:46,Zone Centre,Agence de la Gare,Conseiller clientèle,5,4,Conseiller à l'écoute du client,Très bonne orientation dès l'entrée,
19/09/2023 11:13,Zone Est,Agence des Acacias,Conseiller clientèle,5,5,Agence propre et bien organisée,,Augmenter le personnel aux heures de pointe
19/09/2023 13:31,Zone Nord,Agence des Palmiers,Application mobile,5,4,,,
19/09/2023 13:56,Zone Nord,Agence des Dunes,Conseiller clientèle,5,3,,,Mettre en place un système de tickets plus clair
19/09/2023 17:16,Zone Sud,Agence des Collines,Application mobile,3,5,Horaires d'ouverture peu pratiques,Prise en charge rapide au guichet,Mettre en place un système de tickets plus clair
19/09/2023 17:35,Zone Sud,Agence des Collines,GAB,2,4,File d'attente mal organisée,Prise en charge rapide au guichet,
19/09/2023 17:55,Zone Centre,Agence du Parc,GAB,4,4,Personnel accueillant et souriant,,Améliorer le temps d'attente en agence
20/09/2023 08:33,Zone Centre,Agence de la Gare,Guichet,2,4,Horaires d'ouverture peu pratiques,Personnel accueillant et souriant,
20/09/2023 09:10,Zone Nord,Agence des Dunes,Guichet,4,4,,,
20/09/2023 10:47,Zone Est,Agence de l'Horloge,Guichet,4,5,Prise en charge rapide au guichet,,Réduire les frais de tenue de compte
20/09/2023 10:58,Zone Sud,Agence des Collines,GAB,4,3,,,Climatiser la salle d'attente de l'agence
20/09/2023 11:51,Zone Nord,Agence du Littoral,Accueil,5,5,Guichet automatique souvent en panne,,Proposer plus de services sur l'application mobile
20/09/2023 15:27,Zone Ouest,Agence de la Corniche,Conseiller clientèle,5,3,Service rapide et efficace,,
20/09/2023 16:12,Zone Est,Agence de l'Horloge,Application mobile,5,4,Service rapide et efficace,Personnel accueillant et souriant,Proposer plus de services sur l'application mobile
21/09/2023 08:07,Zone Sud,Agence des Collines,Conseiller clientèle,4,4,,Temps d'attente trop long au guichet,Ajouter un guichet automatique dans le quartier
21/09/2023 09:52,Zone Ouest,Agence de la Corniche,Centre d'appels,3,4,,Très bonne orientation dès l'entrée,
21/09/2023 10:06,Zone Est,Agence du Stade,Centre d'appels,5,4,,Prise en charge rapide au guichet,
21/09/2023 10:29,Zone Ouest,Agence de la Corniche,Conseiller clientèle,5,4,,Service rapide et efficace,
21/09/2023 12:39,Zone Nord,Agence du Littoral,Accueil,5,5,Très bonne orientation dès l'entrée,Conseiller à l'écoute du client,
21/09/2023 12:55,Zone Est,Agence de l'Horloge,Conseiller clientèle,5,5,Manque de personnel aux heures de pointe,Conseiller à l'écoute du client,
21/09/2023 17:04,Zone Ouest,Agence du Phare,Conseiller clientèle,2,3,Peu d'écoute face à ma réclamation,,Proposer plus de services sur l'application mobile
22/09/2023 08:01,Zone Nord,Agence des Dunes,Conseiller clientèle,3,5,,Service rapide et efficace,
22/09/2023 08:57,Zone Est,Agence du Stade,Guichet,5,4,,Prise en charge rapide au guichet,
22/09/2023 13:58,Zone Ouest,Agence de la Corniche,Accueil,2,5,Horaires d'ouverture peu pratiques,Agence propre et bien organisée,Augmenter le personnel aux heures de pointe
23/09/2023 09:47,Zone Est,Agence du Stade,Conseiller clientèle,3,5,,,
23/09/2023 09:58,Zone Centre,Agence de la Gare,GAB,5,5,,Service rapide et efficace,Ajouter un guichet automatique dans le quartier
23/09/2023 10:54,Zone Ouest,Agence de la Corniche,Conseiller clientèle,4,5,File d'attente mal organisée,Agence propre et bien organisée,
23/09/2023 16:09,Zone Nord,Agence du Littoral,Conseiller clientèle,5,5,,Conseiller à l'écoute du client,Ajouter un guichet automatique dans le quartier
25/09/2023 08:20,Zone Nord,Agence des Palmiers,Guichet,5,4,Personnel accueillant et souriant,Personnel accueillant et souriant,Réduire les frais de tenue de compte
25/09/2023 09:15,Zone Ouest,Agence de la Corniche,Accueil,5,4,Prise en charge rapide au guichet,,Améliorer l'application mobile de la banque
25/09/2023 10:13,Zone Centre,Agence du Parc,GAB,3,4,,Très bonne orientation dès l'entrée,Ajouter un guichet automatique dans le quartier
25/09/2023 15:22,Zone Ouest,Agence de la Corniche,Accueil,3,5,,Très bonne orientation dès l'entrée,Améliorer l'application mobile de la banque
25/09/2023 17:26,Zone Centre,Agence du Parc,Guichet,4,4,Service rapide et efficace,Service rapide et efficace,Proposer plus de services sur l'application mobile
25/09/2023 17:41,Zone Nord,Agence des Dunes,Conseiller clientèle,4,4,Personnel accueillant et souriant,Agence propre et bien organisée,
26/09/2023 09:20,Zone Centre,Agence du Parc,Conseiller clientèle,2,3,,,
26/09/2023 09:58,Zone Est,Agence de l'Horloge,Guichet,4,4,,,Installer plus de sièges dans la salle d'attente
26/09/2023 10:22,Zone Centre,Agence du Parc,Conseiller clientèle,5,5,Personnel accueillant et souriant,,Améliorer le temps d'attente en agence
26/09/2023 14:11,Zone Sud,Agence des Collines,GAB,2,3,Horaires d'ouverture peu pratiques,,Améliorer l'application mobile de la banque
26/09/2023 16:13,Zone Sud,Agence des Collines,Accueil,4,5,,Service rapide et efficace,Climatiser la salle d'attente de l'agence
26/09/2023 16:29,Zone Ouest,Agence du Phare,Conseiller clientèle,5,4,Service rapide et efficace,Prise en charge rapide au guichet,
26/09/2023 16:47,Zone Nord,Agence du Littoral,Guichet,5,5,,Agence propre et bien organisée,Réduire le temps d'attente au guichet
26/09/2023 17:21,Zone Est,Agence de l'Horloge,Conseiller clientèle,5,3,Prise en charge rapide au guichet,,
27/09/2023 11:09,Zone Sud,Agence de la Rivière,GAB,3,5,,,
27/09/2023 13:28,Zone Nord,Agence du Littoral,Guichet,4,5,Conseiller à l'écoute du client,,Améliorer l'application mobile de la banque
27/09/2023 14:07,Zone Centre,Agence du Parc,GAB,5,5,,,
27/09/2023 15:05,Zone Ouest,Agence du Phare,GAB,4,3,Conseiller à l'écoute du client,,Améliorer le temps d'attente en agence
27/09/2023 15:42,Zone Est,Agence du Stade,Conseiller clientèle,4,4,Très bonne orientation dès l'entrée,Conseiller à l'écoute du client,Former le personnel à l'accueil des clients
27/09/2023 15:58,Zone Ouest,Agence de la Corniche,Accueil,3,3,,,
28/09/2023 09:11,Zone Ouest,Agence de la Corniche,Application mobile,4,3,Agence propre et bien organisée,Prise en charge rapide au guichet,
28/09/2023 09:35,Zone Ouest,Agence de la Corniche,GAB,3,3,,,Ouvrir l'agence le samedi matin
28/09/2023 09:39,Zone Est,Agence du Stade,Accueil,5,3,Temps d'attente trop long au guichet,File d'attente mal organisée,Réduire le temps d'attente au guichet
28/09/2023 13:43,Zone Ouest,Agence de la Corniche,Conseiller clientèle,5,4,Personnel accueillant et souriant,,
29/09/2023 08:35,Zone Est,Agence du Stade,Conseiller clientèle,4,4,Conseiller à l'écoute du client,,Réduire les frais de tenue de compte
29/09/2023 09:04,Zone Est,Agence de l'Horloge,Guichet,4,4,Très bonne orientation dès l'entrée,Agence propre et bien organisée,Augmenter le personnel aux heures de pointe
29/09/2023 09:41,Zone Est,Agence de l'Horloge,Accueil,3,4,,,
29/09/2023 10:32,Zone Centre,Agence du Parc,Accueil,4,3,,,
29/09/2023 11:09,Zone Est,Agence des Acacias,Application mobile,5,5,Agence propre et bien organisée,Très bonne orientation dès l'entrée,Ouvrir l'agence le samedi matin
30/09/2023 09:04,Zone Sud,Agence de la Rivière,Centre d'appels,5,3,Horaires d'ouverture peu pratiques,,Proposer plus de services sur l'application mobile
30/09/2023 09:50,Zone Est,Agence des Acacias,Guichet,2,5,Peu d'écoute face à ma réclamation,,Ajouter un guichet automatique dans le quartier
30/09/2023 09:51,Zone Centre,Agence de la Gare,Conseiller clientèle,2,5,,Prise en charge rapide au guichet,Proposer plus de services sur l'application mobile
30/09/2023 11:46,Zone Sud,Agence de la Rivière,GAB,5,3,,,Améliorer l'application mobile de la banque
30/09/2023 12:36,Zone Nord,Agence des Dunes,Accueil,2,4,Manque de personnel aux heures de pointe,Personnel accueillant et souriant,Augmenter le personnel aux heures de pointe
30/09/2023 14:59,Zone Centre,Agence du Parc,Application mobile,4,5,,Très bonne orientation dès l'entrée,Mettre en place un système de tickets plus clair
30/09/2023 16:41,Zone Ouest,Agence du Phare,GAB,3,4,,Service rapide et efficace,
30/09/2023 16:43,Zone Nord,Agence du Littoral,GAB,4,4,Personnel accueillant et souriant,Conseiller à l'écoute du client,Réduire les frais de tenue de compte
02/10/2023 09:10,Zone Centre,Agence du Parc,Application mobile,5,4,Très bonne orientation dès l'entrée,,
02/10/2023 09:17,Zone Est,Agence des Acacias,Guichet,5,5,,Très bonne orientation dès l'entrée,Réduire les frais de tenue de compte
02/10/2023 09:21,Zone Nord,Agence du Littoral,Conseiller clientèle,5,3,,,Climatiser la salle d'attente de l'agence
02/10/2023 10:54,Zone Est,Agence du Stade,Conseiller clientèle,3,4,,Prise en charge rapide au guichet,
02/10/2023 11:19,Zone Nord,Agence des Dunes,Conseiller clientèle,5,4,Prise en charge rapide au guichet,,Installer plus de sièges dans la salle d'attente
02/10/2023 12:39,Zone Centre,Agence du Parc,Conseiller clientèle,5,5,Personnel accueillant et souriant,Prise en charge rapide au guichet,Climatiser la salle d'attente de l'agence
03/10/2023 08:39,Zone Est,Agence de l'Horloge,Accueil,5,3,,,
03/10/2023 09:13,Zone Ouest,Agence de la Corniche,Accueil,3,3,Temps d'attente trop long au guichet,,
03/10/2023 11:54,Zone Est,Agence des Acacias,Guichet,5,4,,Agence propre et bien organisée,
03/10/2023 12:05,Zone Ouest,Agence du Phare,Conseiller clientèle,3,2,,,Former le personnel à l'accueil des clients
03/10/2023 13:23,Zone Est,Agence de l'Horloge,Conseiller clientèle,5,5,,,
04/10/2023 08:59,Zone Nord,Agence des Dunes,GAB,4,4,Agence propre et bien organisée,,Ouvrir l'agence le samedi matin
04/10/2023 09:40,Zone Nord,Agence du Littoral,Accueil,5,5,,Service rapide et efficace,
04/10/2023 09:55,Zone Nord,Agence des Dunes,Conseiller clientèle,2,5,Horaires d'ouverture peu pratiques,,Réduire le temps d'attente au guichet
04/10/2023 10:15,Zone Sud,Agence des Collines,Guichet,4,2,Service rapide et efficace,,Proposer plus de services sur l'application mobile
05/10/2023 09:59,Zone Nord,Agence des Dunes,Accueil,5,4,Conseiller à l'écoute du client,Prise en charge rapide au guichet,Mettre en place un système de tickets plus clair
05/10/2023 10:14,Zone Ouest,Agence de la Corniche,Application mobile,4,4,Très bonne orientation dès l'entrée,Agence propre et bien organisée,Installer plus de sièges dans la salle d'attente
05/10/2023 10:51,Zone Ouest,Agence du Phare,Application mobile,5,3,Service rapide et efficace,,Proposer plus de services sur l'application mobile
05/10/2023 12:48,Zone Centre,Agence du Parc,Conseiller clientèle,4,4,Prise en charge rapide au guichet,Agence propre et bien organisée,Améliorer l'application mobile de la banque
05/10/2023 13:02,Zone Ouest,Agence du Phare,Conseiller clientèle,4,2,Prise en charge rapide au guichet,Peu d'écoute face à ma réclamation,Augmenter le personnel aux heures de pointe
05/10/2023 13:04,Zone Est,Agence des Acacias,Guichet,3,5,,,Mettre en place un système de tickets plus clair
05/10/2023 15:20,Zone Sud,Agence de la Rivière,Conseiller clientèle,3,5,Agence propre et bien organisée,Service rapide et efficace,Mettre en place un système de tickets plus clair
05/10/2023 15:47,Zone Nord,Agence des Dunes,Conseiller clientèle,3,4,Peu d'écoute face à ma réclamation,,
05/10/2023 15:53,Zone Nord,Agence du Littoral,GAB,5,5,Service rapide et efficace,Conseiller à l'écoute du client,
05/10/2023 17:14,Zone Ouest,Agence du Phare,Conseiller clientèle,5,5,Prise en charge rapide au guichet,Prise en charge rapide au guichet,Mettre en place un système de tickets plus clair
05/10/2023 17:30,Zone Est,Agence du Stade,Conseiller clientèle,4,3,Très bonne orientation dès l'entrée,Agence propre et bien organisée,Ajouter un guichet automatique dans le quartier
06/10/2023 10:21,Zone Ouest,Agence de la Corniche,Conseiller clientèle,1,4,Temps d'attente trop long au guichet,,Améliorer le temps d'attente en agence
06/10/2023 14:30,Zone Nord,Agence des Palmiers,Centre d'appels,4,5,,,Installer plus de sièges dans la salle d'attente
06/10/2023 15:25,Zone Nord,Agence des Dunes,Guichet,2,1,Temps d'attente trop long au guichet,,Réduire le temps d'attente au guichet
06/10/2023 15:28,Zone Sud,Agence des Collines,Conseiller clientèle,5,2,Personnel accueillant et souriant,,Améliorer l'application mobile de la banque
06/10/2023 16:34,Zone Nord,Agence des Dunes,Conseiller clientèle,2,3,Peu d'écoute face à ma réclamation,Temps d'attente trop long au guichet,Installer plus de sièges dans la salle d'attente
07/10/2023 08:12,Zone Centre,Agence du Parc,Guichet,4,3,Personnel accueillant et souriant,,Améliorer l'application mobile de la banque
07/10/2023 11:28,Zone Sud,Agence de la Rivière,Centre d'appels,3,4,,Très bonne orientation dès l'entrée,
07/10/2023 11:49,Zone Nord,Agence des Dunes,Conseiller clientèle,3,5,,Personnel accueillant et souriant,
07/10/2023 15:53,Zone Centre,Agence de la Gare,Application mobile,5,5,Service rapide et efficace,,
09/10/2023 08:48,Zone Nord,Agence du Littoral,Accueil,4,4,Temps d'attente trop long au guichet,,Réduire le temps d'attente au guichet
09/10/2023 09:43,Zone Est,Agence de l'Horloge,GAB,5,3,Conseiller à l'écoute du client,Guichet automatique souvent en panne,Réduire les frais de tenue de compte
09/10/2023 09:52,Zone Nord,Agence du Littoral,Guichet,3,5,,Service rapide et efficace,Ouvrir l'agence le samedi matin
09/10/2023 10:14,Zone Nord,Agence des Dunes,Conseiller clientèle,3,4,,Peu d'écoute face à ma réclamation,
09/10/2023 12:20,Zone Est,Agence des Acacias,GAB,5,5,Prise en charge rapide au guichet,Peu d'écoute face à ma réclamation,
09/10/2023 15:55,Zone Centre,Agence du Marché,Guichet,5,5,Service rapide et efficace,,Installer plus de sièges dans la salle d'attente
10/10/2023 09:44,Zone Nord,Agence des Palmiers,Guichet,3,4,,,Augmenter le personnel aux heures de pointe
10/10/2023 12:39,Zone Nord,Agence du Littoral,Guichet,5,5,Personnel accueillant et souriant,Conseiller à l'écoute du client,Augmenter le personnel aux heures de pointe
10/10/2023 12:41,Zone Ouest,Agence du Phare,Conseiller clientèle,4,3,Temps d'attente trop long au guichet,,Augmenter le personnel aux heures de pointe
10/10/2023 16:15,Zone Centre,Agence de la Gare,Conseiller clientèle,5,4,Conseiller à l'écoute du client,Très bonne orientation dès l'entrée,Ajouter un guichet automatique dans le quartier
11/10/2023 08:04,Zone Centre,Agence de la Gare,Guichet,2,5,File d'attente mal organisée,Agence propre et bien organisée,
11/10/2023 08:19,Zone Est,Agence des Acacias,Conseiller clientèle,3,3,,,
11/10/2023 09:18,Zone Sud,Agence de la Rivière,GAB,4,2,Conseiller à l'écoute du client,Temps d'attente trop long au guichet,Ajouter un guichet automatique dans le quartier
11/10/2023 09:24,Zone Est,Agence de l'Horloge,Conseiller clientèle,4,5,Prise en charge rapide au guichet,Conseiller à l'écoute du client,
11/10/2023 10:00,Zone Ouest,Agence de la Corniche,Accueil,2,4,Temps d'attente trop long au guichet,Service rapide et efficace,
11/10/2023 13:46,Zone Sud,Agence de la Rivière,Accueil,4,3,,,
11/10/2023 16:36,Zone Centre,Agence du Marché,Accueil,5,3,Agence propre et bien organisée,,Installer plus de sièges dans la salle d'attente
12/10/2023 09:16,Zone Ouest,Agence de la Corniche,GAB,4,3,Service rapide et efficace,,Améliorer le temps d'attente en agence
12/10/2023 09:26,Zone Nord,Agence des Dunes,Accueil,2,5,Horaires d'ouverture peu pratiques,Prise en charge rapide au guichet,
12/10/2023 10:04,Zone Ouest,Agence de la Corniche,Accueil,4,5,Agence propre et bien organisée,Personnel accueillant et souriant,
12/10/2023 14:22,Zone Nord,Agence des Palmiers,Conseiller clientèle,4,2,Très bonne orientation dès l'entrée,Guichet automatique souvent en panne,Proposer plus de services sur l'application mobile
12/10/2023 16:28,Zone Est,Agence du Stade,Application mobile,4,4,Très bonne orientation dès l'entrée,,Ajouter un guichet automatique dans le quartier
13/10/2023 09:45,Zone Centre,Agence du Marché,Guichet,5,5,Très bonne orientation dès l'entrée,Service rapide et efficace,
13/10/2023 11:06,Zone Nord,Agence des Dunes,Conseiller clientèle,4,3,Très bonne orientation dès l'entrée,,
13/10/2023 11:50,Zone Nord,Agence du Littoral,Conseiller clientèle,5,4,Conseiller à l'écoute du client,Très bonne orientation dès l'entrée,Ouvrir l'agence le samedi matin
13/10/2023 15:00,Zone Centre,Agence de la Gare,Conseiller clientèle,3,3,Service rapide et efficace,,Proposer plus de services sur l'application mobile
13/10/2023 16:30,Zone Ouest,Agence de la Corniche,Guichet,3,3,,,
13/10/2023 16:36,Zone Centre,Agence de la Gare,GAB,4,4,Prise en charge rapide au guichet,Conseiller à l'écoute du client,Améliorer le temps d'attente en agence
13/10/2023 17:51,Zone Nord,Agence des Dunes,Guichet,3,5,,,Ouvrir l'agence le samedi matin
14/10/2023 09:34,Zone Est,Agence de l'Horloge,Guichet,3,2,Manque de personnel aux heures de pointe,,Améliorer l'application mobile de la banque
14/10/2023 10:23,Zone Nord,Agence des Palmiers,Conseiller clientèle,5,5,,Très bonne orientation dès l'entrée,
14/10/2023 12:40,Zone Sud,Agence des Collines,GAB,3,3,,,Réduire les frais de tenue de compte
14/10/2023 14:00,Zone Nord,Agence des Dunes,GAB,3,3,,Peu d'écoute face à ma réclamation,
14/10/2023 16:54,Zone Nord,Agence des Dunes,Application mobile,4,5,Conseiller à l'écoute du client,Prise en charge rapide au guichet,
16/10/2023 08:47,Zone Centre,Agence de la Gare,Accueil,3,4,Temps d'attente trop long au guichet,,Réduire les frais de tenue de compte
16/10/2023 09:36,Zone Est,Agence de l'Horloge,Guichet,5,4,,Service rapide et efficace,
16/10/2023 12:04,Zone Est,Agence des Acacias,GAB,5,4,Service rapide et efficace,,
16/10/2023 12:38,Zone Est,Agence des Acacias,Conseiller clientèle,5,3,Conseiller à l'écoute du client,,
16/10/2023 12:59,Zone Sud,Agence de la Rivière,Conseiller clientèle,3,2,,Horaires d'ouverture peu pratiques,Ajouter un guichet automatique dans le quartier
16/10/2023 14:02,Zone Centre,Agence du Parc,GAB,5,4,Personnel accueillant et souriant,Conseiller à l'écoute du client,Réduire le temps d'attente au guichet
16/10/2023 14:11,Zone Centre,Agence du Marché,Centre d'appels,5,2,Très bonne orientation dès l'entrée,,Proposer plus de services sur l'application mobile
16/10/2023 14:29,Zone Sud,Agence des Collines,GAB,2,4,Guichet automatique souvent en panne,Temps d'attente trop long au guichet,Climatiser la salle d'attente de l'agence
16/10/2023 14:43,Zone Nord,Agence des Palmiers,Guichet,5,4,Agence propre et bien organisée,,Installer plus de sièges dans la salle d'attente
16/10/2023 14:45,Zone Sud,Agence des Collines,Application mobile,4,4,Service rapide et efficace,,
16/10/2023 15:05,Zone Ouest,Agence du Phare,Centre d'appels,2,2,Temps d'attente trop long au guichet,Manque de personnel aux heures de pointe,Augmenter le personnel aux heures de pointe
16/10/2023 15:47,Zone Est,Agence des Acacias,Centre d'appels,5,4,,Service rapide et efficace,
17/10/2023 09:08,Zone Est,Agence de l'Horloge,Application mobile,4,3,Personnel accueillant et souriant,Prise en charge rapide au guichet,
17/10/2023 09:19,Zone Ouest,Agence de la Corniche,Application mobile,2,4,Manque de personnel aux heures de pointe,Personnel accueillant et souriant,
17/10/2023 09:59,Zone Nord,Agence des Palmiers,Guichet,4,4,,Temps d'attente trop long au guichet,Améliorer le temps d'attente en agence
17/10/2023 10:19,Zone Ouest,Agence de la Corniche,Centre d'appels,4,2,Personnel accueillant et souriant,Peu d'écoute face à ma réclamation,
17/10/2023 10:59,Zone Est,Agence de l'Horloge,Application mobile,3,5,,Très bonne orientation dès l'entrée,Mettre en place un système de tickets plus clair
17/10/2023 11:37,Zone Ouest,Agence de la Corniche,Conseiller clientèle,2,5,Guichet automatique souvent en panne,Prise en charge rapide au guichet,Former le personnel à l'accueil des clients
17/10/2023 14:23,Zone Nord,Agence des Dunes,Conseiller clientèle,5,4,Agence propre et bien organisée,Personnel accueillant et souriant,
17/10/2023 14:52,Zone Centre,Agence du Parc,Conseiller clientèle,5,5,,Agence propre et bien organisée,
17/10/2023 17:20,Zone Est,Agence du Stade,Application mobile,4,5,,Très bonne orientation dès l'entrée,
17/10/2023 17:31,Zone Centre,Agence du Parc,Centre d'appels,3,5,,,Mettre en place un système de tickets plus clair
18/10/2023 08:21,Zone Est,Agence de l'Horloge,Centre d'appels,2,3,,,
18/10/2023 09:13,Zone Centre,Agence de la Gare,Accueil,5,4,Conseiller à l'écoute du client,,
18/10/2023 09:15,Zone Est,Agence des Acacias,Application mobile,3,5,,,
18/10/2023 11:02,Zone Nord,Agence des Palmiers,Guichet,5,4,Personnel accueillant et souriant,,Augmenter le personnel aux heures de pointe
18/10/2023 11:29,Zone Est,Agence de l'Horloge,Conseiller clientèle,4,4,Personnel accueillant et souriant,,
18/10/2023 14:10,Zone Ouest,Agence du Phare,Centre d'appels,2,4,Temps d'attente trop long au guichet,Conseiller à l'écoute du client,Réduire le temps d'attente au guichet
18/10/2023 14:31,Zone Nord,Agence du Littoral,Guichet,5,5,,Service rapide et efficace,Mettre en place un système de tickets plus clair
18/10/2023 15:17,Zone Sud,Agence des Collines,Conseiller clientèle,1,3,Manque de personnel aux heures de pointe,Manque de personnel aux heures de pointe,Améliorer l'application mobile de la banque
19/10/2023 09:57,Zone Ouest,Agence du Phare,Guichet,5,4,,,Ajouter un guichet automatique dans le quartier
19/10/2023 10:44,Zone Est,Agence des Acacias,Accueil,4,5,Personnel accueillant et souriant,Prise en charge rapide au guichet,
19/10/2023 12:43,Zone Ouest,Agence de la Corniche,Conseiller clientèle,3,3,,File d'attente mal organisée,
19/10/2023 13:18,Zone Centre,Agence du Parc,Guichet,3,5,,Très bonne orientation dès l'entrée,
19/10/2023 15:48,Zone Nord,Agence des Palmiers,Application mobile,4,5,Personnel accueillant et souriant,Service rapide et efficace,
19/10/2023 17:38,Zone Nord,Agence du Littoral,Application mobile,5,5,Guichet automatique souvent en panne,Agence propre et bien organisée,Améliorer le temps d'attente en agence
20/10/2023 08:02,Zone Ouest,Agence du Phare,Guichet,4,3,,,Proposer plus de services sur l'application mobile
20/10/2023 10:35,Zone Nord,Agence des Dunes,Guichet,3,3,,,Réduire le temps d'attente au guichet
20/10/2023 11:13,Zone Sud,Agence des Collines,Conseiller clientèle,3,5,,Prise en charge rapide au guichet,Mettre en place un système de tickets plus clair
20/10/2023 11:32,Zone Nord,Agence du Littoral,Conseiller clientèle,4,5,Personnel accueillant et souriant,,
20/10/2023 14:56,Zone Est,Agence de l'Horloge,Guichet,5,4,Prise en charge rapide au guichet,Conseiller à l'écoute du client,Mettre en place un système de tickets plus clair
20/10/2023 15:39,Zone Nord,Agence des Dunes,GAB,4,4,Conseiller à l'écoute du client,Très bonne orientation dès l'entrée,
20/10/2023 16:35,Zone Nord,Agence du Littoral,Guichet,5,5,Guichet automatique souvent en panne,Service rapide et efficace,
21/10/2023 09:43,Zone Nord,Agence des Dunes,Conseiller clientèle,4,4,Très bonne orientation dès l'entrée,Agence propre et bien organisée,Ajouter un guichet automatique dans le quartier
21/10/2023 12:09,Zone Est,Agence de l'Horloge,Guichet,4,3,Prise en charge rapide au guichet,,
23/10/2023 10:45,Zone Est,Agence des Acacias,Accueil,5,5,Conseiller à l'écoute du client,Service rapide et efficace,Améliorer le temps d'attente en agence
23/10/2023 10:52,Zone Est,Agence de l'Horloge,GAB,5,5,Très bonne orientation dès l'entrée,,
23/10/2023 11:45,Zone Est,Agence de l'Horloge,Application mobile,4,4,Prise en charge rapide au guichet,,
23/10/2023 13:10,Zone Centre,Agence du Marché,Application mobile,3,5,,,
23/10/2023 13:14,Zone Nord,Agence des Dunes,Guichet,2,3,Temps d'attente trop long au guichet,,
24/10/2023 09:33,Zone Centre,Agence du Marché,GAB,4,4,Prise en charge rapide au guichet,Personnel accueillant et souriant,
24/10/2023 10:05,Zone Sud,Agence de la Rivière,Centre d'appels,5,3,,,Réduire le temps d'attente au guichet
24/10/2023 10:20,Zone Centre,Agence de la Gare,Guichet,4,4,,Personnel accueillant et souriant,Former le personnel à l'accueil des clients
24/10/2023 10:32,Zone Ouest,Agence de la Corniche,Guichet,3,3,Temps d'attente trop long au guichet,,
24/10/2023 12:54,Zone Nord,Agence des Palmiers,GAB,4,4,Service rapide et efficace,Prise en charge rapide au guichet,Réduire le temps d'attente au guichet
24/10/2023 13:22,Zone Sud,Agence des Collines,GAB,5,3,Conseiller à l'écoute du client,,
24/10/2023 13:33,Zone Ouest,Agence de la Corniche,Conseiller clientèle,4,4,,,Climatiser la salle d'attente de l'agence
24/10/2023 13:34,Zone Sud,Agence de la Rivière,Conseiller clientèle,5,5,,,
24/10/2023 15:05,Zone Nord,Agence du Littoral,GAB,5,4,Très bonne orientation dès l'entrée,Conseiller à l'écoute du client,Mettre en place un système de tickets plus clair
25/10/2023 09:45,Zone Est,Agence de l'Horloge,Guichet,4,5,Personnel accueillant et souriant,Prise en charge rapide au guichet,
25/10/2023 10:16,Zone Nord,Agence du Littoral,Guichet,5,5,Personnel accueillant et souriant,Service rapide et efficace,Former le personnel à l'accueil des clients
25/10/2023 11:02,Zone Est,Agence des Acacias,Accueil,4,5,,Très bonne orientation dès l'entrée,Proposer plus de services sur l'application mobile
25/10/2023 11:50,Zone Ouest,Agence de la Corniche,Application mobile,4,3,Agence propre et bien organisée,Horaires d'ouverture peu pratiques,
25/10/2023 11:59,Zone Est,Agence du Stade,GAB,4,5,,Agence propre et bien organisée,Former le personnel à l'accueil des clients
25/10/2023 15:27,Zone Centre,Agence du Parc,Centre d'appels,5,3,Service rapide et efficace,Guichet automatique souvent en panne,
25/10/2023 16:14,Zone Nord,Agence du Littoral,Centre d'appels,5,5,Prise en charge rapide au guichet,Très bonne orientation dès l'entrée,Former le personnel à l'accueil des clients
25/10/2023 17:16,Zone Sud,Agence de la Rivière,Guichet,3,4,,,
26/10/2023 09:37,Zone Nord,Agence des Dunes,Centre d'appels,3,3,,,
26/10/2023 10:10,Zone Ouest,Agence de la Corniche,Conseiller clientèle,4,4,Très bonne orientation dès l'entrée,Prise en charge rapide au guichet,Climatiser la salle d'attente de l'agence
26/10/2023 14:14,Zone Est,Agence de l'Horloge,Application mobile,4,4,Conseiller à l'écoute du client,,
26/10/2023 14:45,Zone Nord,Agence des Palmiers,GAB,5,5,Conseiller à l'écoute du client,Agence propre et bien organisée,
26/10/2023 15:03,Zone Nord,Agence des Dunes,Accueil,3,5,Horaires d'ouverture peu pratiques,Très bonne orientation dès l'entrée,
26/10/2023 17:21,Zone Ouest,Agence de la Corniche,Accueil,3,2,Très bonne orientation dès l'entrée,Manque de personnel aux heures de pointe,Augmenter le personnel aux heures de pointe
27/10/2023 08:04,Zone Est,Agence des Acacias,GAB,5,4,,,Former le personnel à l'accueil des clients
27/10/2023 09:49,Zone Est,Agence des Acacias,GAB,4,5,,Agence propre et bien organisée,Réduire le temps d'attente au guichet
27/10/2023 09:54,Zone Nord,Agence des Palmiers,Conseiller clientèle,5,5,,Conseiller à l'écoute du client,
27/10/2023 12:36,Zone Sud,Agence des Collines,Guichet,5,4,,Conseiller à l'écoute du client,
27/10/2023 12:54,Zone Nord,Agence des Dunes,Centre d'appels,5,5,,Très bonne orientation dès l'entrée,
28/10/2023 08:09,Zone Ouest,Agence de la Corniche,Conseiller clientèle,3,3,,,
28/10/2023 12:20,Zone Nord,Agence des Palmiers,Guichet,3,4,File d'attente mal organisée,Personnel accueillant et souriant,
28/10/2023 13:39,Zone Sud,Agence des Collines,Conseiller clientèle,3,3,Horaires d'ouverture peu pratiques,Très bonne orientation dès l'entrée,Augmenter le personnel aux heures de pointe
30/10/2023 08:01,Zone Est,Agence du Stade,Application mobile,4,3,Horaires d'ouverture peu pratiques,,Ajouter un guichet automatique dans le quartier
30/10/2023 10:00,Zone Ouest,Agence de la Corniche,Centre d'appels,3,3,Très bonne orientation dès l'entrée,,Proposer plus de services sur l'application mobile
30/10/2023 10:06,Zone Ouest,Agence de la Corniche,Conseiller clientèle,4,3,,Conseiller à l'écoute du client,
30/10/2023 10:37,Zone Nord,Agence du Littoral,Accueil,5,5,Très bonne orientation dès l'entrée,Service rapide et efficace,
30/10/2023 15:48,Zone Ouest,Agence de la Corniche,GAB,3,4,,Service rapide et efficace,Améliorer l'application mobile de la banque
30/10/2023 16:16,Zone Sud,Agence de la Rivière,Guichet,5,4,Service rapide et efficace,Personnel accueillant et souriant,Améliorer l'application mobile de la banque
31/10/2023 08:37,Zone Sud,Agence de la Rivière,Centre d'appels,5,2,Agence propre et bien organisée,Guichet automatique souvent en panne,
31/10/2023 08:50,Zone Sud,Agence des Collines,Guichet,4,3,Conseiller à l'écoute du client,,
31/10/2023 11:39,Zone Est,Agence du Stade,Guichet,4,4,,Personnel accueillant et souriant,Ajouter un guichet automatique dans le quartier
31/10/2023 12:52,Zone Centre,Agence du Parc,Guichet,4,3,Très bonne orientation dès l'entrée,,Proposer plus de services sur l'application mobile
31/10/2023 14:13,Zone Nord,Agence des Palmiers,Conseiller clientèle,4,5,,,
31/10/2023 16:07,Zone Est,Agence de l'Horloge,Accueil,2,4,,Agence propre et bien organisée,
01/11/2023 08:36,Zone Centre,Agence de la Gare,Guichet,5,5,Conseiller à l'écoute du client,File d'attente mal organisée,
01/11/2023 08:52,Zone Est,Agence des Acacias,Application mobile,4,4,,,Améliorer l'application mobile de la banque
01/11/2023 09:50,Zone Nord,Agence des Palmiers,Accueil,5,4,,,Proposer plus de services sur l'application mobile
01/11/2023 10:08,Zone Ouest,Agence de la Corniche,Conseiller clientèle,5,4,Personnel accueillant et souriant,,Ajouter un guichet automatique dans le quartier
01/11/2023 10:24,Zone Ouest,Agence de la Corniche,Conseiller clientèle,4,4,Service rapide et efficace,Personnel accueillant et souriant,
01/11/2023 16:46,Zone Est,Agence des Acacias,Application mobile,5,4,Très bonne orientation dès l'entrée,,
02/11/2023 08:57,Zone Ouest,Agence du Phare,Guichet,5,3,,,
02/11/2023 11:21,Zone Nord,Agence des Palmiers,GAB,5,3,Agence propre et bien organisée,Personnel accueillant et souriant,Augmenter le personnel aux heures de pointe
02/11/2023 13:06,Zone Centre,Agence du Parc,Guichet,4,5,,,Améliorer l'application mobile de la banque
02/11/2023 13:40,Zone Est,Agence de l'Horloge,Conseiller clientèle,5,5,Service rapide et efficace,Service rapide et efficace,
02/11/2023 15:01,Zone Est,Agence du Stade,Guichet,5,5,Agence propre et bien organisée,Peu d'écoute face à ma réclamation,
02/11/2023 17:18,Zone Est,Agence des Acacias,Conseiller clientèle,5,5,Personnel accueillant et souriant,,
03/11/2023 08:12,Zone Centre,Agence de la Gare,Guichet,3,3,,,
03/11/2023 09:42,Zone Sud,Agence des Collines,Guichet,3,4,,,Ouvrir l'agence le samedi matin
03/11/2023 09:46,Zone Centre,Agence du Parc,Guichet,5,5,,Temps d'attente trop long au guichet,Améliorer le temps d'attente en agence
03/11/2023 11:26,Zone Est,Agence du Stade,Conseiller clientèle,5,4,Personnel accueillant et souriant,Prise en charge rapide au guichet,
03/11/2023 13:14,Zone Sud,Agence de la Rivière,Guichet,4,4,,Très bonne orientation dès l'entrée,
03/11/2023 14:31,Zone Centre,Agence du Parc,Accueil,4,4,Très bonne orientation dès l'entrée,,
03/11/2023 17:03,Zone Nord,Agence des Palmiers,Conseiller clientèle,3,3,,,Former le personnel à l'accueil des clients
04/11/2023 08:45,Zone Ouest,Agence de la Corniche,Conseiller clientèle,5,4,Très bonne orientation dès l'entrée,,
04/11/2023 10:01,Zone Ouest,Agence du Phare,Accueil,4,4,,,
04/11/2023 10:49,Zone Centre,Agence de la Gare,Guichet,5,5,File d'attente mal organisée,,
04/11/2023 16:41,Zone Nord,Agence du Littoral,Centre d'appels,5,5,Très bonne orientation dès l'entrée,,
04/11/2023 16:58,Zone Nord,Agence des Palmiers,Guichet,5,4,Manque de personnel aux heures de pointe,Agence propre et bien organisée,Climatiser la salle d'attente de l'agence
06/11/2023 09:50,Zone Sud,Agence de la Rivière,Centre d'appels,4,3,Service rapide et efficace,,Ajouter un guichet automatique dans le quartier
06/11/2023 10:06,Zone Centre,Agence de la Gare,GAB,5,4,Prise en charge rapide au guichet,,Ouvrir l'agence le samedi matin
06/11/2023 10:43,Zone Nord,Agence du Littoral,Centre d'appels,5,5,,Agence propre et bien organisée,Améliorer l'application mobile de la banque
06/11/2023 11:50,Zone Sud,Agence des Collines,Application mobile,4,3,Personnel accueillant et souriant,,
06/11/2023 12:47,Zone Nord,Agence du Littoral,Conseiller clientèle,5,5,Conseiller à l'écoute du client,Agence propre et bien organisée,
06/11/2023 14:01,Zone Nord,Agence des Dunes,Conseiller clientèle,4,3,Très bonne orientation dès l'entrée,,Augmenter le personnel aux heures de pointe
06/11/2023 15:02,Zone Ouest,Agence du Phare,Guichet,3,3,,Agence propre et bien organisée,
06/11/2023 15:28,Zone Est,Agence des Acacias,Conseiller clientèle,5,4,,Service rapide et efficace,Installer plus de sièges dans la salle d'attente
06/11/2023 15:30,Zone Nord,Agence des Palmiers,Accueil,4,2,Prise en charge rapide au guichet,Manque de personnel aux heures de pointe,
07/11/2023 09:17,Zone Est,Agence de l'Horloge,Guichet,3,3,,,Améliorer le temps d'attente en agence
07/11/2023 10:09,Zone Nord,Agence du Littoral,GAB,5,5,Conseiller à l'écoute du client,,Augmenter le personnel aux heures de pointe
07/11/2023 10:42,Zone Centre,Agence du Marché,Guichet,4,5,,Agence propre et bien organisée,
08/11/2023 08:14,Zone Est,Agence du Stade,Application mobile,5,5,Prise en charge rapide au guichet,Service rapide et efficace,
08/11/2023 08:40,Zone Sud,Agence des Collines,Conseiller clientèle,4,4,,,
08/11/2023 09:08,Zone Nord,Agence du Littoral,Conseiller clientèle,5,4,,Service rapide et efficace,Réduire le temps d'attente au guichet
08/11/2023 09:52,Zone Est,Agence du Stade,Centre d'appels,5,5,Agence propre et bien organisée,Service rapide et efficace,Réduire les frais de tenue de compte
08/11/2023 11:39,Zone Sud,Agence de la Rivière,Guichet,3,4,,Très bonne orientation dès l'entrée,
08/11/2023 16:24,Zone Centre,Agence du Parc,Application mobile,4,4,Très bonne orientation dès l'entrée,,
08/11/2023 16:30,Zone Est,Agence des Acacias,Guichet,5,4,,,Réduire le temps d'attente au guichet
08/11/2023 16:37,Zone Nord,Agence des Dunes,Accueil,5,2,Service rapide et efficace,Peu d'écoute face à ma réclamation,Proposer plus de services sur l'application mobile
09/11/2023 09:23,Zone Sud,Agence de la Rivière,GAB,3,4,,Service rapide et efficace,
09/11/2023 10:16,Zone Centre,Agence de la Gare,Application mobile,3,3,,,Ajouter un guichet automatique dans le quartier
09/11/2023 10:36,Zone Centre,Agence de la Gare,Guichet,4,3,,,
09/11/2023 10:52,Zone Nord,Agence du Littoral,GAB,4,3,Service rapide et efficace,,Augmenter le personnel aux heures de pointe
09/11/2023 10:57,Zone Nord,Agence du Littoral,Accueil,4,5,Service rapide et efficace,,Améliorer le temps d'attente en agence
09/11/2023 12:45,Zone Sud,Agence de la Rivière,Accueil,5,2,Agence propre et bien organisée,Horaires d'ouverture peu pratiques,Mettre en place un système de tickets plus clair
09/11/2023 13:08,Zone Centre,Agence de la Gare,Conseiller clientèle,1,4,Manque de personnel aux heures de pointe,Personnel accueillant et souriant,
09/11/2023 15:07,Zone Nord,Agence des Palmiers,Application mobile,4,3,,Manque de personnel aux heures de pointe,
09/11/2023 15:25,Zone Est,Agence de l'Horloge,Conseiller clientèle,4,5,,Agence propre et bien organisée,
09/11/2023 16:19,Zone Est,Agence des Acacias,Accueil,3,4,Très bonne orientation dès l'entrée,,Réduire le temps d'attente au guichet
09/11/2023 17:58,Zone Est,Agence des Acacias,GAB,5,5,Service rapide et efficace,,
10/11/2023 08:13,Zone Centre,Agence de la Gare,Application mobile,5,5,Personnel accueillant et souriant,Prise en charge rapide au guichet,Mettre en place un système de tickets plus clair
10/11/2023 09:49,Zone Est,Agence de l'Horloge,Conseiller clientèle,5,4,Service rapide et efficace,Personnel accueillant et souriant,Installer plus de sièges dans la salle d'attente
10/11/2023 09:51,Zone Est,Agence du Stade,Centre d'appels,4,4,Très bonne orientation dès l'entrée,,
10/11/2023 10:06,Zone Centre,Agence de la Gare,Application mobile,5,2,,Manque de personnel aux heures de pointe,Ouvrir l'agence le samedi matin
10/11/2023 10:58,Zone Est,Agence des Acacias,Conseiller clientèle,5,5,Personnel accueillant et souriant,Très bonne orientation dès l'entrée,Réduire le temps d'attente au guichet
10/11/2023 11:57,Zone Nord,Agence du Littoral,GAB,4,5,Prise en charge rapide au guichet,,Améliorer le temps d'attente en agence
10/11/2023 14:37,Zone Ouest,Agence de la Corniche,Conseiller clientèle,3,3,,Personnel accueillant et souriant,Augmenter le personnel aux heures de pointe
10/11/2023 15:18,Zone Est,Agence de l'Horloge,Centre d'appels,5,5,Prise en charge rapide au guichet,,
10/11/2023 16:59,Zone Nord,Agence du Littoral,GAB,4,3,Horaires d'ouverture peu pratiques,Manque de personnel aux heures de pointe,
11/11/2023 11:19,Zone Centre,Agence du Parc,Accueil,5,4,,Très bonne orientation dès l'entrée,
11/11/2023 11:56,Zone Sud,Agence des Collines,Accueil,5,3,Prise en charge rapide au guichet,,
11/11/2023 12:21,Zone Sud,Agence des Collines,Conseiller clientèle,2,2,Horaires d'ouverture peu pratiques,Manque de personnel aux heures de pointe,Mettre en place un système de tickets plus clair
11/11/2023 15:34,Zone Sud,Agence des Collines,Guichet,4,3,Prise en charge rapide au guichet,Conseiller à l'écoute du client,
11/11/2023 17:18,Zone Est,Agence de l'Horloge,Conseiller clientèle,5,4,,,Installer plus de sièges dans la salle d'attente
13/11/2023 09:08,Zone Est,Agence des Acacias,Accueil,3,4,Service rapide et efficace,Service rapide et efficace,Augmenter le personnel aux heures de pointe
13/11/2023 11:18,Zone Est,Agence des Acacias,Guichet,5,4,Très bonne orientation dès l'entrée,Manque de personnel aux heures de pointe,
13/11/2023 15:24,Zone Est,Agence du Stade,Application mobile,3,3,,,Réduire les frais de tenue de compte
13/11/2023 15:35,Zone Sud,Agence des Collines,Conseiller clientèle,4,3,Service rapide et efficace,,
13/11/2023 16:12,Zone Nord,Agence du Littoral,Conseiller clientèle,4,4,,Conseiller à l'écoute du client,Ouvrir l'agence le samedi matin
13/11/2023 17:54,Zone Nord,Agence du Littoral,Guichet,5,5,,Prise en charge rapide au guichet,
14/11/2023 09:02,Zone Est,Agence de l'Horloge,Guichet,4,5,,Très bonne orientation dès l'entrée,Installer plus de sièges dans la salle d'attente
14/11/2023 10:21,Zone Sud,Agence de la Rivière,Conseiller clientèle,2,3,,Horaires d'ouverture peu pratiques,
14/11/2023 15:39,Zone Centre,Agence de la Gare,Application mobile,4,3,Peu d'écoute face à ma réclamation,Service rapide et efficace,Climatiser la salle d'attente de l'agence
15/11/2023 08:39,Zone Centre,Agence du Marché,Guichet,4,5,Service rapide et efficace,,
15/11/2023 08:57,Zone Sud,Agence des Collines,GAB,3,4,,,Améliorer le temps d'attente en agence
15/11/2023 09:13,Zone Sud,Agence des Collines,Conseiller clientèle,3,5,,,Réduire les frais de tenue de compte
15/11/2023 10:32,Zone Centre,Agence de la Gare,Conseiller clientèle,3,4,,,Réduire les frais de tenue de compte
15/11/2023 10:32,Zone Est,Agence de l'Horloge,Centre d'appels,2,3,Temps d'attente trop long au guichet,,
15/11/2023 10:47,Zone Nord,Agence du Littoral,Guichet,5,5,Très bonne orientation dès l'entrée,Prise en charge rapide au guichet,Proposer plus de services sur l'application mobile
15/11/2023 11:33,Zone Nord,Agence des Palmiers,Application mobile,4,5,Personnel accueillant et souriant,Prise en charge rapide au guichet,Ajouter un guichet automatique dans le quartier
15/11/2023 11:38,Zone Centre,Agence de la Gare,Conseiller clientèle,3,4,,Conseiller à l'écoute du client,
15/11/2023 11:58,Zone Est,Agence du Stade,Guichet,5,5,Très bonne orientation dès l'entrée,,
15/11/2023 12:02,Zone Nord,Agence du Littoral,Centre d'appels,5,5,Service rapide et efficace,,Climatiser la salle d'attente de l'agence
15/11/2023 14:31,Zone Centre,Agence de la Gare,Conseiller clientèle,5,4,,,
15/11/2023 16:33,Zone Centre,Agence de la Gare,Conseiller clientèle,5,4,Temps d'attente trop long au guichet,,Ajouter un guichet automatique dans le quartier
15/11/2023 17:09,Zone Ouest,Agence du Phare,Guichet,3,2,,Guichet automatique souvent en panne,
16/11/2023 10:55,Zone Centre,Agence du Marché,Guichet,4,3,Service rapide et efficace,,Ajouter un guichet automatique dans le quartier
16/11/2023 11:32,Zone Nord,Agence des Dunes,GAB,3,3,,,Améliorer l'application mobile de la banque
16/11/2023 14:03,Zone Sud,Agence des Collines,Guichet,3,3,,,
16/11/2023 14:12,Zone Nord,Agence des Palmiers,Application mobile,5,5,,,Former le personnel à l'accueil des clients
16/11/2023 14:41,Zone Nord,Agence des Palmiers,Application mobile,4,5,Conseiller à l'écoute du client,Conseiller à l'écoute du client,Ajouter un guichet automatique dans le quartier
16/11/2023 15:19,Zone Ouest,Agence de la Corniche,Accueil,3,3,,Agence propre et bien organisée,Ouvrir l'agence le samedi matin
17/11/2023 08:00,Zone Est,Agence du Stade,Conseiller clientèle,4,3,Prise en charge rapide au guichet,,
17/11/2023 13:28,Zone Ouest,Agence de la Corniche,Conseiller clientèle,4,3,Prise en charge rapide au guichet,,Réduire les frais de tenue de compte
17/11/2023 15:20,Zone Nord,Agence des Dunes,Application mobile,4,4,,Personnel accueillant et souriant,
17/11/2023 15:50,Zone Est,Agence des Acacias,Centre d'appels,4,4,Très bonne orientation dès l'entrée,Agence propre et bien organisée,
18/11/2023 13:09,Zone Nord,Agence des Dunes,Conseiller clientèle,4,3,Service rapide et efficace,,Augmenter le personnel aux heures de pointe
18/11/2023 15:04,Zone Est,Agence de l'Horloge,GAB,4,4,,Service rapide et efficace,Climatiser la salle d'attente de l'agence
18/11/2023 17:25,Zone Nord,Agence du Littoral,Application mobile,4,5,Agence propre et bien organisée,Agence propre et bien organisée,Former le personnel à l'accueil des clients
20/11/2023 08:32,Zone Ouest,Agence du Phare,GAB,3,5,,Prise en charge rapide au guichet,Proposer plus de services sur l'application mobile
20/11/2023 10:02,Zone Nord,Agence des Dunes,Conseiller clientèle,3,5,Guichet automatique souvent en panne,,Proposer plus de services sur l'application mobile
20/11/2023 10:10,Zone Sud,Agence des Collines,Conseiller clientèle,4,5,Prise en charge rapide au guichet,Agence propre et bien organisée,
20/11/2023 10:56,Zone Est,Agence des Acacias,GAB,5,3,Très bonne orientation dès l'entrée,Manque de personnel aux heures de pointe,
20/11/2023 11:41,Zone Sud,Agence des Collines,GAB,4,3,,,Proposer plus de services sur l'application mobile
20/11/2023 11:43,Zone Est,Agence des Acacias,Application mobile,4,5,,Agence propre et bien organisée,
20/11/2023 13:02,Zone Ouest,Agence de la Corniche,GAB,4,5,,,
20/11/2023 15:56,Zone Sud,Agence de la Rivière,Guichet,4,2,Très bonne orientation dès l'entrée,Manque de personnel aux heures de pointe,
21/11/2023 09:36,Zone Sud,Agence de la Rivière,Guichet,5,5,Guichet automatique souvent en panne,,Climatiser la salle d'attente de l'agence
21/11/2023 09:46,Zone Nord,Agence du Littoral,Conseiller clientèle,5,5,Prise en charge rapide au guichet,Peu d'écoute face à ma réclamation,Augmenter le personnel aux heures de pointe
21/11/2023 10:38,Zone Centre,Agence du Marché,Guichet,4,5,Prise en charge rapide au guichet,Prise en charge rapide au guichet,Ouvrir l'agence le samedi matin
21/11/2023 10:38,Zone Nord,Agence des Palmiers,Application mobile,2,4,Peu d'écoute face à ma réclamation,Personnel accueillant et souriant,Mettre en place un système de tickets plus clair
21/11/2023 10:42,Zone Nord,Agence des Palmiers,Centre d'appels,5,4,,Très bonne orientation dès l'entrée,
21/11/2023 11:12,Zone Est,Agence du Stade,GAB,4,4,Conseiller à l'écoute du client,Agence propre et bien organisée,
21/11/2023 11:13,Zone Centre,Agence du Parc,Guichet,4,4,Conseiller à l'écoute du client,Service rapide et efficace,Améliorer l'application mobile de la banque
21/11/2023 15:42,Zone Sud,Agence de la Rivière,Guichet,5,5,,Très bonne orientation dès l'entrée,Augmenter le personnel aux heures de pointe
22/11/2023 09:34,Zone Ouest,Agence de la Corniche,GAB,3,5,,,Améliorer l'application mobile de la banque
22/11/2023 09:57,Zone Nord,Agence du Littoral,Accueil,5,5,Conseiller à l'écoute du client,Très bonne orientation dès l'entrée,Mettre en place un système de tickets plus clair
22/11/2023 10:03,Zone Centre,Agence de la Gare,Application mobile,4,4,,,
22/11/2023 10:06,Zone Centre,Agence du Parc,Centre d'appels,4,4,,Conseiller à l'écoute du client,Former le personnel à l'accueil des clients
22/11/2023 10:58,Zone Nord,Agence des Dunes,Guichet,2,3,Horaires d'ouverture peu pratiques,,Climatiser la salle d'attente de l'agence
22/11/2023 16:36,Zone Sud,Agence des Collines,Guichet,5,3,,Service rapide et efficace,
23/11/2023 08:36,Zone Nord,Agence des Dunes,Guichet,4,2,Prise en charge rapide au guichet,File d'attente mal organisée,
23/11/2023 09:28,Zone Est,Agence des Acacias,Guichet,4,4,Agence propre et bien organisée,Agence propre et bien organisée,
23/11/2023 09:34,Zone Est,Agence de l'Horloge,Conseiller clientèle,3,2,,Manque de personnel aux heures de pointe,
23/11/2023 10:10,Zone Est,Agence de l'Horloge,Guichet,5,5,Très bonne orientation dès l'entrée,Très bonne orientation dès l'entrée,
23/11/2023 12:46,Zone Est,Agence de l'Horloge,GAB,5,4,Service rapide et efficace,Prise en charge rapide au guichet,
23/11/2023 15:11,Zone Sud,Agence des Collines,Conseiller clientèle,5,4,Service rapide et efficace,Conseiller à l'écoute du client,Ajouter un guichet automatique dans le quartier
23/11/2023 15:19,Zone Sud,Agence de la Rivière,Guichet,3,3,,,Mettre en place un système de tickets plus clair
24/11/2023 10:34,Zone Ouest,Agence de la Corniche,Guichet,4,3,,,
24/11/2023 10:37,Zone Est,Agence des Acacias,Guichet,5,4,File d'attente mal organisée,Personnel accueillant et souriant,Former le personnel à l'accueil des clients
24/11/2023 11:49,Zone Est,Agence des Acacias,GAB,5,4,,,
24/11/2023 11:57,Zone Ouest,Agence de la Corniche,Guichet,5,5,Prise en charge rapide au guichet,Service rapide et efficace,Installer plus de sièges dans la salle d'attente
24/11/2023 13:41,Zone Sud,Agence de la Rivière,Accueil,4,4,Agence propre et bien organisée,Prise en charge rapide au guichet,Installer plus de sièges dans la salle d'attente
24/11/2023 14:35,Zone Sud,Agence de la Rivière,Guichet,3,3,,,
24/11/2023 16:48,Zone Est,Agence des Acacias,Centre d'appels,5,4,,Agence propre et bien organisée,
25/11/2023 09:58,Zone Nord,Agence des Dunes,GAB,3,5,,,Ajouter un guichet automatique dans le quartier
25/11/2023 11:21,Zone Centre,Agence de la Gare,Accueil,4,4,Service rapide et efficace,Agence propre et bien organisée,
25/11/2023 11:56,Zone Est,Agence des Acacias,GAB,5,3,Service rapide et efficace,,
25/11/2023 16:18,Zone Ouest,Agence de la Corniche,Conseiller clientèle,3,4,,,Ajouter un guichet automatique dans le quartier
27/11/2023 08:00,Zone Ouest,Agence de la Corniche,Application mobile,4,4,File d'attente mal organisée,,
27/11/2023 08:14,Zone Ouest,Agence de la Corniche,Guichet,4,4,,Temps d'attente trop long au guichet,Améliorer le temps d'attente en agence
27/11/2023 09:00,Zone Nord,Agence des Dunes,Guichet,5,4,,Conseiller à l'écoute du client,
27/11/2023 10:59,Zone Ouest,Agence du Phare,Conseiller clientèle,4,3,,File d'attente mal organisée,
27/11/2023 11:18,Zone Sud,Agence des Collines,GAB,4,3,Personnel accueillant et souriant,,Améliorer l'application mobile de la banque
27/11/2023 12:17,Zone Ouest,Agence de la Corniche,Centre d'appels,3,4,,,Réduire le temps d'attente au guichet
27/11/2023 13:27,Zone Centre,Agence de la Gare,Application mobile,3,3,File d'attente mal organisée,Conseiller à l'écoute du client,
27/11/2023 14:22,Zone Est,Agence de l'Horloge,Conseiller clientèle,5,5,Conseiller à l'écoute du client,File d'attente mal organisée,Ajouter un guichet automatique dans le quartier
27/11/2023 14:56,Zone Sud,Agence de la Rivière,Accueil,2,3,File d'attente mal organisée,,
27/11/2023 15:56,Zone Est,Agence des Acacias,Guichet,4,4,Personnel accueillant et souriant,,
28/11/2023 08:26,Zone Est,Agence des Acacias,Guichet,5,5,Agence propre et bien organisée,,
28/11/2023 09:24,Zone Nord,Agence des Dunes,Guichet,5,4,Prise en charge rapide au guichet,,Proposer plus de services sur l'application mobile
28/11/2023 09:40,Zone Ouest,Agence de la Corniche,Accueil,3,5,,Conseiller à l'écoute du client,
28/11/2023 11:54,Zone Sud,Agence de la Rivière,Conseiller clientèle,4,4,,Service rapide et efficace,Proposer plus de services sur l'application mobile
28/11/2023 14:48,Zone Nord,Agence du Littoral,Accueil,4,3,Conseiller à l'écoute du client,,
28/11/2023 15:35,Zone Ouest,Agence de la Corniche,Guichet,3,5,,Conseiller à l'écoute du client,Mettre en place un système de tickets plus clair
28/11/2023 15:52,Zone Centre,Agence du Parc,Centre d'appels,4,5,Service rapide et efficace,Agence propre et bien organisée,Climatiser la salle d'attente de l'agence
28/11/2023 16:46,Zone Ouest,Agence du Phare,Conseiller clientèle,4,5,Prise en charge rapide au guichet,,Climatiser la salle d'attente de l'agence
28/11/2023 17:06,Zone Ouest,Agence de la Corniche,GAB,4,3,Conseiller à l'écoute du client,,
28/11/2023 17:51,Zone Sud,Agence des Collines,Application mobile,4,2,Personnel accueillant et souriant,Horaires d'ouverture peu pratiques,
29/11/2023 09:30,Zone Ouest,Agence de la Corniche,Conseiller clientèle,4,5,Agence propre et bien organisée,Prise en charge rapide au guichet,
29/11/2023 09:59,Zone Centre,Agence de la Gare,Conseiller clientèle,5,4,Service rapide et efficace,Personnel accueillant et souriant,
29/11/2023 10:24,Zone Sud,Agence de la Rivière,Guichet,5,5,Horaires d'ouverture peu pratiques,Prise en charge rapide au guichet,Réduire les frais de tenue de compte
29/11/2023 16:39,Zone Nord,Agence du Littoral,GAB,5,4,Manque de personnel aux heures de pointe,Personnel accueillant et souriant,Améliorer l'application mobile de la banque
30/11/2023 08:47,Zone Ouest,Agence de la Corniche,Accueil,5,2,,Horaires d'ouverture peu pratiques,Mettre en place un système de tickets plus clair
30/11/2023 10:22,Zone Centre,Agence de la Gare,Application mobile,4,4,Agence propre et bien organisée,,Ouvrir l'agence le samedi matin
30/11/2023 12:52,Zone Nord,Agence des Dunes,Accueil,5,4,Personnel accueillant et souriant,Prise en charge rapide au guichet,Améliorer l'application mobile de la banque
30/11/2023 12:55,Zone Ouest,Agence de la Corniche,GAB,4,4,,Prise en charge rapide au guichet,
30/11/2023 14:07,Zone Centre,Agence de la Gare,Conseiller clientèle,5,5,,,Réduire le temps d'attente au guichet
30/11/2023 15:17,Zone Nord,Agence des Dunes,Guichet,5,4,Prise en charge rapide au guichet,Agence propre et bien organisée,Ajouter un guichet automatique dans le quartier
01/12/2023 08:31,Zone Centre,Agence du Marché,Conseiller clientèle,5,4,,Service rapide et efficace,Améliorer l'application mobile de la banque
01/12/2023 08:38,Zone Est,Agence des Acacias,Conseiller clientèle,5,4,Prise en charge rapide au guichet,Service rapide et efficace,
01/12/2023 08:44,Zone Sud,Agence de la Rivière,Conseiller clientèle,3,5,,Conseiller à l'écoute du client,
01/12/2023 09:01,Zone Est,Agence de l'Horloge,Conseiller clientèle,3,4,,,
01/12/2023 09:04,Zone Centre,Agence de la Gare,Application mobile,3,5,,Guichet automatique souvent en panne,Installer plus de sièges dans la salle d'attente
01/12/2023 09:15,Zone Centre,Agence de la Gare,Centre d'appels,4,3,,,Proposer plus de services sur l'application mobile
01/12/2023 10:44,Zone Ouest,Agence du Phare,Conseiller clientèle,4,3,Manque de personnel aux heures de pointe,,Ouvrir l'agence le samedi matin
01/12/2023 11:43,Zone Nord,Agence des Palmiers,Guichet,4,4,,,Ouvrir l'agence le samedi matin
01/12/2023 13:28,Zone Nord,Agence des Dunes,Accueil,3,2,,Horaires d'ouverture peu pratiques,
01/12/2023 16:38,Zone Ouest,Agence de la Corniche,Guichet,5,5,Agence propre et bien organisée,Service rapide et efficace,
01/12/2023 16:41,Zone Sud,Agence des Collines,Application mobile,2,3,Peu d'écoute face à ma réclamation,Personnel accueillant et souriant,
02/12/2023 11:36,Zone Sud,Agence des Collines,GAB,2,2,Manque de personnel aux heures de pointe,Manque de personnel aux heures de pointe,Proposer plus de services sur l'application mobile
02/12/2023 11:57,Zone Est,Agence des Acacias,Centre d'appels,5,5,,,
02/12/2023 12:44,Zone Nord,Agence du Littoral,Application mobile,4,5,Personnel accueillant et souriant,Agence propre et bien organisée,
02/12/2023 13:33,Zone Centre,Agence de la Gare,Application mobile,4,5,Conseiller à l'écoute du client,Prise en charge rapide au guichet,
02/12/2023 14:41,Zone Centre,Agence de la Gare,Application mobile,5,5,Agence propre et bien organisée,Très bonne orientation dès l'entrée,Réduire les frais de tenue de compte
02/12/2023 15:14,Zone Nord,Agence du Littoral,Conseiller clientèle,5,5,File d'attente mal organisée,,
02/12/2023 16:37,Zone Sud,Agence des Collines,Centre d'appels,5,3,Service rapide et efficace,,Mettre en place un système de tickets plus clair
04/12/2023 08:42,Zone Nord,Agence du Littoral,Guichet,5,4,Service rapide et efficace,Service rapide et efficace,
04/12/2023 09:00,Zone Nord,Agence des Palmiers,Guichet,5,3,Temps d'attente trop long au guichet,Agence propre et bien organisée,
04/12/2023 12:16,Zone Est,Agence des Acacias,Conseiller clientèle,5,5,Personnel accueillant et souriant,Très bonne orientation dès l'entrée,Améliorer le temps d'attente en agence
04/12/2023 14:54,Zone Ouest,Agence de la Corniche,Accueil,3,5,,,
05/12/2023 11:40,Zone Ouest,Agence de la Corniche,Conseiller clientèle,4,3,,Personnel accueillant et souriant,
05/12/2023 11:46,Zone Est,Agence de l'Horloge,Centre d'appels,5,5,,Agence propre et bien organisée,
05/12/2023 11:47,Zone Centre,Agence de la Gare,Guichet,5,5,,,Améliorer le temps d'attente en agence
05/12/2023 11:49,Zone Centre,Agence de la Gare,Application mobile,4,3,,Agence propre et bien organisée,Former le personnel à l'accueil des clients
05/12/2023 12:00,Zone Est,Agence de l'Horloge,Application mobile,4,4,Très bonne orientation dès l'entrée,,
05/12/2023 12:22,Zone Nord,Agence des Palmiers,Guichet,4,3,Agence propre et bien organisée,,
05/12/2023 13:10,Zone Sud,Agence des Collines,Application mobile,5,4,Conseiller à l'écoute du client,Très bonne orientation dès l'entrée,
05/12/2023 13:29,Zone Est,Agence du Stade,Conseiller clientèle,4,5,Conseiller à l'écoute du client,Service rapide et efficace,Réduire le temps d'attente au guichet
05/12/2023 17:04,Zone Centre,Agence du Parc,Guichet,3,4,,Service rapide et efficace,Augmenter le personnel aux heures de pointe
06/12/2023 10:41,Zone Est,Agence de l'Horloge,Accueil,3,3,,,Améliorer le temps d'attente en agence
06/12/2023 10:54,Zone Centre,Agence du Marché,Centre d'appels,5,3,Service rapide et efficace,,Améliorer le temps d'attente en agence
06/12/2023 11:50,Zone Ouest,Agence de la Corniche,Conseiller clientèle,5,2,,Guichet automatique souvent en panne,
06/12/2023 12:17,Zone Sud,Agence des Collines,Guichet,2,4,Temps d'attente trop long au guichet,,Mettre en place un système de tickets plus clair
06/12/2023 15:09,Zone Ouest,Agence de la Corniche,GAB,4,1,,,Mettre en place un système de tickets plus clair
06/12/2023 16:31,Zone Sud,Agence de la Rivière,GAB,4,5,,,Réduire le temps d'attente au guichet
06/12/2023 17:41,Zone Nord,Agence des Palmiers,Conseiller clientèle,5,4,Conseiller à l'écoute du client,Personnel accueillant et souriant,
06/12/2023 17:44,Zone Centre,Agence du Marché,Conseiller clientèle,4,4,,Personnel accueillant et souriant,Ouvrir l'agence le samedi matin
07/12/2023 10:05,Zone Ouest,Agence de la Corniche,GAB,2,4,Peu d'écoute face à ma réclamation,Agence propre et bien organisée,
07/12/2023 12:39,Zone Centre,Agence de la Gare,Conseiller clientèle,4,4,Conseiller à l'écoute du client,Conseiller à l'écoute du client,Ouvrir l'agence le samedi matin
07/12/2023 14:03,Zone Centre,Agence du Marché,Accueil,5,4,Service rapide et efficace,,
08/12/2023 09:57,Zone Nord,Agence du Littoral,Conseiller clientèle,5,5,Personnel accueillant et souriant,,
08/12/2023 10:03,Zone Centre,Agence de la Gare,Conseiller clientèle,3,3,,Manque de personnel aux heures de pointe,
08/12/2023 10:36,Zone Centre,Agence de la Gare,Conseiller clientèle,5,5,Service rapide et efficace,,
08/12/2023 13:58,Zone Est,Agence de l'Horloge,Accueil,4,5,,Très bonne orientation dès l'entrée,
08/12/2023 17:46,Zone Nord,Agence des Dunes,Application mobile,5,4,,Personnel accueillant et souriant,Ouvrir l'agence le samedi matin
09/12/2023 09:14,Zone Est,Agence des Acacias,Accueil,4,4,Très bonne orientation dès l'entrée,Prise en charge rapide au guichet,Ouvrir l'agence le samedi matin
09/12/2023 15:46,Zone Centre,Agence de la Gare,Guichet,5,4,Prise en charge rapide au guichet,Très bonne orientation dès l'entrée,Ajouter un guichet automatique dans le quartier
09/12/2023 16:53,Zone Ouest,Agence de la Corniche,Accueil,3,5,Prise en charge rapide au guichet,,Proposer plus de services sur l'application mobile
11/12/2023 09:31,Zone Nord,Agence des Palmiers,Application mobile,3,5,,,Mettre en place un système de tickets plus clair
11/12/2023 11:06,Zone Ouest,Agence du Phare,GAB,4,3,Service rapide et efficace,,Installer plus de sièges dans la salle d'attente
11/12/2023 12:27,Zone Est,Agence de l'Horloge,Conseiller clientèle,4,5,Conseiller à l'écoute du client,Service rapide et efficace,
11/12/2023 13:48,Zone Ouest,Agence de la Corniche,Centre d'appels,3,4,,Prise en charge rapide au guichet,Installer plus de sièges dans la salle d'attente
12/12/2023 09:02,Zone Sud,Agence de la Rivière,GAB,3,3,Guichet automatique souvent en panne,Horaires d'ouverture peu pratiques,
12/12/2023 09:23,Zone Est,Agence du Stade,Accueil,3,5,Service rapide et efficace,Très bonne orientation dès l'entrée,
12/12/2023 09:46,Zone Est,Agence des Acacias,Centre d'appels,4,5,,Personnel accueillant et souriant,
12/12/2023 10:32,Zone Est,Agence de l'Horloge,Application mobile,5,3,Très bonne orientation dès l'entrée,Personnel accueillant et souriant,
12/12/2023 10:41,Zone Sud,Agence de la Rivière,Centre d'appels,4,5,Conseiller à l'écoute du client,,
12/12/2023 12:40,Zone Nord,Agence des Palmiers,GAB,4,2,Très bonne orientation dès l'entrée,Horaires d'ouverture peu pratiques,Ouvrir l'agence le samedi matin
12/12/2023 13:03,Zone Nord,Agence du Littoral,Guichet,5,4,Agence propre et bien organisée,Personnel accueillant et souriant,Ouvrir l'agence le samedi matin
12/12/2023 14:02,Zone Centre,Agence du Marché,Guichet,5,4,,Conseiller à l'écoute du client,
12/12/2023 14:20,Zone Sud,Agence de la Rivière,Guichet,5,3,Service rapide et efficace,Très bonne orientation dès l'entrée,Installer plus de sièges dans la salle d'attente
12/12/2023 15:01,Zone Centre,Agence du Parc,Guichet,5,4,Prise en charge rapide au guichet,,Augmenter le personnel aux heures de pointe
12/12/2023 15:04,Zone Sud,Agence de la Rivière,Guichet,4,5,Prise en charge rapide au guichet,Prise en charge rapide au guichet,
13/12/2023 09:00,Zone Sud,Agence de la Rivière,Application mobile,4,4,,,Proposer plus de services sur l'application mobile
13/12/2023 10:11,Zone Centre,Agence du Parc,Conseiller clientèle,5,5,,Prise en charge rapide au guichet,Former le personnel à l'accueil des clients
13/12/2023 11:13,Zone Est,Agence du Stade,GAB,4,2,Prise en charge rapide au guichet,Temps d'attente trop long au guichet,
13/12/2023 13:11,Zone Est,Agence des Acacias,GAB,4,4,Service rapide et efficace,Service rapide et efficace,
13/12/2023 13:28,Zone Ouest,Agence du Phare,Accueil,4,3,Prise en charge rapide au guichet,,Mettre en place un système de tickets plus clair
13/12/2023 14:04,Zone Centre,Agence du Parc,Guichet,4,5,Service rapide et efficace,Conseiller à l'écoute du client,
13/12/2023 14:34,Zone Est,Agence des Acacias,Accueil,5,5,,,
14/12/2023 09:12,Zone Est,Agence des Acacias,GAB,5,4,,,Mettre en place un système de tickets plus clair
14/12/2023 11:22,Zone Est,Agence des Acacias,Guichet,5,5,Service rapide et efficace,Agence propre et bien organisée,
14/12/2023 17:37,Zone Est,Agence des Acacias,GAB,4,4,Service rapide et efficace,,Augmenter le personnel aux heures de pointe
15/12/2023 08:30,Zone Nord,Agence des Palmiers,Conseiller clientèle,4,5,Personnel accueillant et souriant,,Améliorer le temps d'attente en agence
15/12/2023 09:19,Zone Est,Agence de l'Horloge,Guichet,5,4,Personnel accueillant et souriant,,
15/12/2023 12:45,Zone Est,Agence de l'Horloge,Conseiller clientèle,5,4,Très bonne orientation dès l'entrée,Conseiller à l'écoute du client,
15/12/2023 16:44,Zone Ouest,Agence du Phare,GAB,5,4,Temps d'attente trop long au guichet,File d'attente mal organisée,
16/12/2023 10:10,Zone Centre,Agence du Parc,Guichet,4,3,,,
16/12/2023 14:51,Zone Ouest,Agence du Phare,GAB,5,3,Très bonne orientation dès l'entrée,,
18/12/2023 09:09,Zone Nord,Agence des Dunes,GAB,4,2,,,
18/12/2023 09:48,Zone Est,Agence du Stade,Conseiller clientèle,3,5,,Peu d'écoute face à ma réclamation,
18/12/2023 11:23,Zone Nord,Agence des Dunes,Conseiller clientèle,4,5,,Personnel accueillant et souriant,Ouvrir l'agence le samedi matin
18/12/2023 15:11,Zone Nord,Agence des Dunes,GAB,3,3,,Peu d'écoute face à ma réclamation,Améliorer l'application mobile de la banque
18/12/2023 15:24,Zone Sud,Agence de la Rivière,Conseiller clientèle,3,5,Agence propre et bien organisée,Prise en charge rapide au guichet,Ouvrir l'agence le samedi matin
18/12/2023 15:37,Zone Nord,Agence du Littoral,Guichet,5,5,,,Ajouter un guichet automatique dans le quartier
19/12/2023 08:55,Zone Nord,Agence des Dunes,Application mobile,3,5,,,Climatiser la salle d'attente de l'agence
19/12/2023 09:06,Zone Est,Agence du Stade,Accueil,4,4,File d'attente mal organisée,Personnel accueillant et souriant,Climatiser la salle d'attente de l'agence
19/12/2023 10:43,Zone Nord,Agence du Littoral,Guichet,5,4,Agence propre et bien organisée,,Proposer plus de services sur l'application mobile
19/12/2023 10:57,Zone Nord,Agence du Littoral,Application mobile,4,4,,Très bonne orientation dès l'entrée,
19/12/2023 11:28,Zone Nord,Agence des Dunes,Conseiller clientèle,5,5,,,
19/12/2023 13:33,Zone Sud,Agence des Collines,Conseiller clientèle,5,4,,,
19/12/2023 14:18,Zone Centre,Agence du Parc,Accueil,5,4,,Conseiller à l'écoute du client,Augmenter le personnel aux heures de pointe
19/12/2023 14:21,Zone Sud,Agence de la Rivière,Application mobile,4,5,,,
19/12/2023 14:45,Zone Ouest,Agence de la Corniche,Centre d'appels,5,4,Agence propre et bien organisée,Conseiller à l'écoute du client,
19/12/2023 15:22,Zone Sud,Agence des Collines,Guichet,3,4,,Personnel accueillant et souriant,
19/12/2023 15:24,Zone Est,Agence des Acacias,Application mobile,3,5,,Prise en charge rapide au guichet,
19/12/2023 16:06,Zone Centre,Agence de la Gare,Guichet,3,4,,Personnel accueillant et souriant,
19/12/2023 16:53,Zone Ouest,Agence de la Corniche,Accueil,5,3,Conseiller à l'écoute du client,,
20/12/2023 08:04,Zone Centre,Agence de la Gare,Accueil,3,5,,,Augmenter le personnel aux heures de pointe
20/12/2023 09:46,Zone Nord,Agence des Palmiers,Centre d'appels,4,4,Agence propre et bien organisée,,Mettre en place un système de tickets plus clair
20/12/2023 10:44,Zone Centre,Agence de la Gare,Centre d'appels,3,2,Personnel accueillant et souriant,Temps d'attente trop long au guichet,
20/12/2023 12:04,Zone Centre,Agence de la Gare,Conseiller clientèle,5,3,Service rapide et efficace,,
20/12/2023 15:59,Zone Ouest,Agence du Phare,Conseiller clientèle,4,3,Prise en charge rapide au guichet,,Climatiser la salle d'attente de l'agence
20/12/2023 16:25,Zone Centre,Agence du Parc,Guichet,5,5,,Très bonne orientation dès l'entrée,
21/12/2023 08:52,Zone Nord,Agence des Dunes,Accueil,5,2,Prise en charge rapide au guichet,Temps d'attente trop long au guichet,
21/12/2023 09:16,Zone Est,Agence des Acacias,Guichet,2,5,Peu d'écoute face à ma réclamation,,Réduire le temps d'attente au guichet
21/12/2023 09:54,Zone Centre,Agence du Marché,Conseiller clientèle,4,4,Conseiller à l'écoute du client,Personnel accueillant et souriant,Proposer plus de services sur l'application mobile
21/12/2023 10:39,Zone Nord,Agence du Littoral,Application mobile,5,4,Agence propre et bien organisée,Très bonne orientation dès l'entrée,
21/12/2023 11:26,Zone Ouest,Agence de la Corniche,Guichet,5,5,,Très bonne orientation dès l'entrée,Améliorer le temps d'attente en agence
21/12/2023 13:29,Zone Nord,Agence des Dunes,GAB,3,3,,Prise en charge rapide au guichet,Proposer plus de services sur l'application mobile
22/12/2023 11:19,Zone Nord,Agence des Dunes,Conseiller clientèle,4,5,Personnel accueillant et souriant,Personnel accueillant et souriant,Ouvrir l'agence le samedi matin
22/12/2023 12:44,Zone Sud,Agence des Collines,Conseiller clientèle,4,4,Très bonne orientation dès l'entrée,Service rapide et efficace,
22/12/2023 13:50,Zone Est,Agence des Acacias,Accueil,4,3,Très bonne orientation dès l'entrée,,
22/12/2023 15:36,Zone Est,Agence du Stade,Accueil,4,3,Manque de personnel aux heures de pointe,,
22/12/2023 17:53,Zone Sud,Agence de la Rivière,Application mobile,3,3,Temps d'attente trop long au guichet,,
23/12/2023 09:50,Zone Centre,Agence de la Gare,Application mobile,5,4,Personnel accueillant et souriant,Manque de personnel aux heures de pointe,
23/12/2023 15:06,Zone Est,Agence du Stade,GAB,5,2,Personnel accueillant et souriant,Manque de personnel aux heures de pointe,
25/12/2023 08:02,Zone Nord,Agence des Dunes,Application mobile,5,1,Temps d'attente trop long au guichet,Peu d'écoute face à ma réclamation,Améliorer le temps d'attente en agence
25/12/2023 08:58,Zone Est,Agence du Stade,Application mobile,5,5,,Service rapide et efficace,
25/12/2023 09:01,Zone Centre,Agence de la Gare,Application mobile,5,5,Service rapide et efficace,Prise en charge rapide au guichet,
25/12/2023 10:47,Zone Centre,Agence de la Gare,Accueil,5,5,Agence propre et bien organisée,Service rapide et efficace,
25/12/2023 13:44,Zone Est,Agence des Acacias,GAB,4,5,Très bonne orientation dès l'entrée,Conseiller à l'écoute du client,Ouvrir l'agence le samedi matin
25/12/2023 14:51,Zone Centre,Agence du Marché,Guichet,5,5,Personnel accueillant et souriant,Personnel accueillant et souriant,
25/12/2023 15:56,Zone Ouest,Agence de la Corniche,Application mobile,4,3,File d'attente mal organisée,,
25/12/2023 16:38,Zone Nord,Agence du Littoral,GAB,4,5,Très bonne orientation dès l'entrée,Prise en charge rapide au guichet,Réduire le temps d'attente au guichet
26/12/2023 09:24,Zone Est,Agence de l'Horloge,Accueil,5,4,,Service rapide et efficace,
26/12/2023 12:21,Zone Ouest,Agence de la Corniche,Conseiller clientèle,4,4,,Personnel accueillant et souriant,Améliorer l'application mobile de la banque
26/12/2023 14:13,Zone Centre,Agence du Parc,Centre d'appels,4,4,,Agence propre et bien organisée,Climatiser la salle d'attente de l'agence
26/12/2023 14:38,Zone Est,Agence du Stade,Conseiller clientèle,4,3,Agence propre et bien organisée,Guichet automatique souvent en panne,Augmenter le personnel aux heures de pointe
26/12/2023 16:21,Zone Est,Agence de l'Horloge,Guichet,5,4,,,
26/12/2023 16:24,Zone Centre,Agence de la Gare,Application mobile,5,4,Prise en charge rapide au guichet,Très bonne orientation dès l'entrée,
27/12/2023 09:06,Zone Sud,Agence de la Rivière,Conseiller clientèle,2,4,File d'attente mal organisée,Service rapide et efficace,
27/12/2023 11:21,Zone Est,Agence du Stade,GAB,3,3,,,
27/12/2023 11:57,Zone Centre,Agence du Marché,Guichet,4,3,,Guichet automatique souvent en panne,
27/12/2023 16:48,Zone Centre,Agence du Parc,Guichet,5,5,Prise en charge rapide au guichet,Temps d'attente trop long au guichet,
28/12/2023 08:01,Zone Centre,Agence du Parc,Centre d'appels,5,3,Personnel accueillant et souriant,,Réduire les frais de tenue de compte
28/12/2023 08:08,Zone Est,Agence des Acacias,GAB,5,5,Personnel accueillant et souriant,Conseiller à l'écoute du client,
28/12/2023 10:38,Zone Est,Agence du Stade,Conseiller clientèle,4,3,Agence propre et bien organisée,,
28/12/2023 13:20,Zone Est,Agence des Acacias,Conseiller clientèle,5,3,Conseiller à l'écoute du client,,Proposer plus de services sur l'application mobile
28/12/2023 16:02,Zone Centre,Agence du Marché,Guichet,3,5,,Personnel accueillant et souriant,Proposer plus de services sur l'application mobile
28/12/2023 17:11,Zone Sud,Agence de la Rivière,Guichet,3,5,,,
29/12/2023 09:36,Zone Est,Agence des Acacias,Conseiller clientèle,3,5,Très bonne orientation dès l'entrée,File d'attente mal organisée,
29/12/2023 10:00,Zone Est,Agence des Acacias,GAB,5,4,Horaires d'ouverture peu pratiques,Conseiller à l'écoute du client,Proposer plus de services sur l'application mobile
29/12/2023 10:21,Zone Nord,Agence du Littoral,Conseiller clientèle,4,5,Agence propre et bien organisée,Service rapide et efficace,Réduire les frais de tenue de compte
29/12/2023 15:16,Zone Sud,Agence de la Rivière,Conseiller clientèle,3,4,,Très bonne orientation dès l'entrée,Réduire les frais de tenue de compte
29/12/2023 15:36,Zone Nord,Agence des Dunes,Guichet,3,3,,Très bonne orientation dès l'entrée,Réduire le temps d'attente au guichet
30/12/2023 16:33,Zone Ouest,Agence de la Corniche,Guichet,3,2,,Guichet automatique souvent en panne,Améliorer l'application mobile de la banque
30/12/2023 16:46,Zone Nord,Agence des Dunes,GAB,3,2,,File d'attente mal organisée,
01/01/2024 08:03,Zone Nord,Agence des Palmiers,Conseiller clientèle,5,4,Prise en charge rapide au guichet,,Réduire les frais de tenue de compte
01/01/2024 08:45,Zone Nord,Agence des Palmiers,GAB,4,4,Service rapide et efficace,Très bonne orientation dès l'entrée,Ouvrir l'agence le samedi matin
01/01/2024 09:01,Zone Ouest,Agence du Phare,Centre d'appels,4,5,,,
01/01/2024 09:04,Zone Nord,Agence des Palmiers,Conseiller clientèle,5,3,,,
01/01/2024 09:41,Zone Est,Agence du Stade,Accueil,5,4,Prise en charge rapide au guichet,Agence propre et bien organisée,
01/01/2024 11:18,Zone Nord,Agence des Palmiers,GAB,5,5,,,
01/01/2024 13:46,Zone Nord,Agence des Dunes,Accueil,5,5,Agence propre et bien organisée,Personnel accueillant et souriant,
01/01/2024 15:03,Zone Nord,Agence des Dunes,Application mobile,3,5,,Très bonne orientation dès l'entrée,
02/01/2024 08:01,Zone Est,Agence de l'Horloge,GAB,3,4,,Personnel accueillant et souriant,
02/01/2024 08:06,Zone Sud,Agence des Collines,Accueil,5,5,Prise en charge rapide au guichet,,
02/01/2024 08:31,Zone Est,Agence de l'Horloge,Application mobile,2,4,Peu d'écoute face à ma réclamation,,
02/01/2024 09:05,Zone Centre,Agence du Parc,Guichet,5,4,,,
02/01/2024 10:22,Zone Centre,Agence du Parc,Guichet,5,4,Agence propre et bien organisée,Conseiller à l'écoute du client,
02/01/2024 17:46,Zone Ouest,Agence de la Corniche,Conseiller clientèle,3,1,,Temps d'attente trop long au guichet,
03/01/2024 08:24,Zone Centre,Agence du Parc,Guichet,4,4,Service rapide et efficace,,
03/01/2024 09:14,Zone Centre,Agence de la Gare,Conseiller clientèle,4,4,Très bonne orientation dès l'entrée,Service rapide et efficace,
03/01/2024 11:01,Zone Est,Agence de l'Horloge,Guichet,5,3,Service rapide et efficace,,
03/01/2024 11:19,Zone Centre,Agence de la Gare,Guichet,5,5,Très bonne orientation dès l'entrée,,Améliorer le temps d'attente en agence
03/01/2024 17:26,Zone Nord,Agence des Palmiers,GAB,5,3,Prise en charge rapide au guichet,,Climatiser la salle d'attente de l'agence
04/01/2024 10:10,Zone Centre,Agence du Parc,Guichet,5,4,,Très bonne orientation dès l'entrée,
04/01/2024 10:44,Zone Sud,Agence des Collines,Conseiller clientèle,2,5,Temps d'attente trop long au guichet,Très bonne orientation dès l'entrée,
04/01/2024 13:41,Zone Ouest,Agence de la Corniche,Accueil,4,3,,,Améliorer l'application mobile de la banque
04/01/2024 14:20,Zone Est,Agence du Stade,Centre d'appels,4,2,,File d'attente mal organisée,Installer plus de sièges dans la salle d'attente
04/01/2024 15:08,Zone Sud,Agence des Collines,Accueil,3,5,,,Climatiser la salle d'attente de l'agence
04/01/2024 15:57,Zone Centre,Agence de la Gare,Accueil,5,4,Très bonne orientation dès l'entrée,Agence propre et bien organisée,
04/01/2024 17:05,Zone Est,Agence du Stade,Guichet,4,4,,,Réduire le temps d'attente au guichet
05/01/2024 08:55,Zone Ouest,Agence de la Corniche,Accueil,4,5,,Conseiller à l'écoute du client,
05/01/2024 09:01,Zone Centre,Agence du Marché,Guichet,5,4,Personnel accueillant et souriant,Très bonne orientation dès l'entrée,
05/01/2024 12:28,Zone Nord,Agence du Littoral,Guichet,5,5,Agence propre et bien organisée,Conseiller à l'écoute du client,
05/01/2024 14:03,Zone Est,Agence du Stade,Guichet,4,3,Peu d'écoute face à ma réclamation,,Augmenter le personnel aux heures de pointe
05/01/2024 14:19,Zone Sud,Agence de la Rivière,Accueil,4,4,Prise en charge rapide au guichet,Prise en charge rapide au guichet,
05/01/2024 15:12,Zone Centre,Agence de la Gare,Guichet,5,4,Prise en charge rapide au guichet,Conseiller à l'écoute du client,
05/01/2024 15:49,Zone Est,Agence de l'Horloge,GAB,4,4,Conseiller à l'écoute du client,,Réduire le temps d'attente au guichet
05/01/2024 17:09,Zone Sud,Agence des Collines,Accueil,4,4,Conseiller à l'écoute du client,Prise en charge rapide au guichet,
08/01/2024 08:06,Zone Centre,Agence de la Gare,Conseiller clientèle,3,5,File d'attente mal organisée,Très bonne orientation dès l'entrée,Améliorer l'application mobile de la banque
08/01/2024 08:40,Zone Sud,Agence de la Rivière,Application mobile,5,4,Conseiller à l'écoute du client,Prise en charge rapide au guichet,Augmenter le personnel aux heures de pointe
08/01/2024 08:59,Zone Nord,Agence du Littoral,Conseiller clientèle,4,4,Manque de personnel aux heures de pointe,Personnel accueillant et souriant,Améliorer le temps d'attente en agence
08/01/2024 09:06,Zone Sud,Agence de la Rivière,GAB,5,5,Agence propre et bien organisée,Très bonne orientation dès l'entrée,
08/01/2024 09:27,Zone Sud,Agence des Collines,Application mobile,3,3,,,Installer plus de sièges dans la salle d'attente
08/01/2024 11:19,Zone Ouest,Agence de la Corniche,Application mobile,5,2,,Horaires d'ouverture peu pratiques,
08/01/2024 12:57,Zone Est,Agence du Stade,Guichet,5,3,Service rapide et efficace,Service rapide et efficace,Réduire les frais de tenue de compte
08/01/2024 17:46,Zone Centre,Agence de la Gare,Conseiller clientèle,5,4,Service rapide et efficace,Conseiller à l'écoute du client,
09/01/2024 10:05,Zone Centre,Agence du Marché,Accueil,4,4,,Agence propre et bien organisée,Ouvrir l'agence le samedi matin
09/01/2024 10:49,Zone Nord,Agence des Dunes,Application mobile,4,4,Agence propre et bien organisée,,Former le personnel à l'accueil des clients
09/01/2024 12:14,Zone Sud,Agence de la Rivière,GAB,3,4,,Agence propre et bien organisée,
09/01/2024 12:21,Zone Ouest,Agence de la Corniche,Application mobile,5,4,,Personnel accueillant et souriant,
09/01/2024 12:29,Zone Est,Agence du Stade,Guichet,3,5,Agence propre et bien organisée,Service rapide et efficace,
09/01/2024 15:08,Zone Est,Agence des Acacias,Conseiller clientèle,5,2,Conseiller à l'écoute du client,Personnel accueillant et souriant,Améliorer l'application mobile de la banque
09/01/2024 15:13,Zone Nord,Agence des Palmiers,Centre d'appels,3,5,Horaires d'ouverture peu pratiques,Très bonne orientation dès l'entrée,Former le personnel à l'accueil des clients
10/01/2024 08:48,Zone Nord,Agence des Palmiers,Guichet,5,3,Service rapide et efficace,Service rapide et efficace,
10/01/2024 09:23,Zone Sud,Agence de la Rivière,Guichet,3,5,,Guichet automatique souvent en panne,Climatiser la salle d'attente de l'agence
10/01/2024 10:04,Zone Nord,Agence des Dunes,Accueil,3,4,,Guichet automatique souvent en panne,
10/01/2024 10:37,Zone Nord,Agence des Palmiers,GAB,3,2,,,
10/01/2024 15:18,Zone Est,Agence des Acacias,Application mobile,5,5,Très bonne orientation dès l'entrée,Agence propre et bien organisée,Augmenter le personnel aux heures de pointe
10/01/2024 16:12,Zone Nord,Agence du Littoral,Accueil,3,5,Conseiller à l'écoute du client,,
11/01/2024 09:22,Zone Sud,Agence des Collines,Application mobile,3,4,,Service rapide et efficace,
11/01/2024 13:43,Zone Nord,Agence des Dunes,Guichet,4,4,Conseiller à l'écoute du client,Personnel accueillant et souriant,Ouvrir l'agence le samedi matin
11/01/2024 14:18,Zone Est,Agence de l'Horloge,GAB,5,5,,Agence propre et bien organisée,
11/01/2024 15:38,Zone Sud,Agence de la Rivière,Centre d'appels,3,4,,Service rapide et efficace,Ouvrir l'agence le samedi matin
11/01/2024 17:23,Zone Est,Agence des Acacias,Centre d'appels,3,5,,,Améliorer l'application mobile de la banque
12/01/2024 09:09,Zone Nord,Agence des Palmiers,Guichet,4,5,,,
12/01/2024 11:52,Zone Nord,Agence des Palmiers,GAB,4,2,Personnel accueillant et souriant,File d'attente mal organisée,Proposer plus de services sur l'application mobile
12/01/2024 13:36,Zone Centre,Agence de la Gare,GAB,5,2,Personnel accueillant et souriant,Temps d'attente trop long au guichet,Proposer plus de services sur l'application mobile
12/01/2024 14:56,Zone Ouest,Agence du Phare,Centre d'appels,3,2,,Peu d'écoute face à ma réclamation,
12/01/2024 15:09,Zone Centre,Agence de la Gare,Guichet,5,4,,,Augmenter le personnel aux heures de pointe
12/01/2024 15:43,Zone Sud,Agence des Collines,Conseiller clientèle,3,5,,,Mettre en place un système de tickets plus clair
12/01/2024 16:00,Zone Nord,Agence des Dunes,Centre d'appels,4,5,Service rapide et efficace,Service rapide et efficace,Réduire le temps d'attente au guichet
13/01/2024 12:50,Zone Sud,Agence de la Rivière,Guichet,2,4,Horaires d'ouverture peu pratiques,Personnel accueillant et souriant,Ajouter un guichet automatique dans le quartier
13/01/2024 14:46,Zone Est,Agence de l'Horloge,Conseiller clientèle,4,4,,,
13/01/2024 15:40,Zone Nord,Agence des Dunes,Conseiller clientèle,3,4,,Prise en charge rapide au guichet,Mettre en place un système de tickets plus clair
15/01/2024 09:13,Zone Ouest,Agence du Phare,Accueil,3,3,,,
15/01/2024 09:29,Zone Est,Agence du Stade,Guichet,4,5,Très bonne orientation dès l'entrée,,Installer plus de sièges dans la salle d'attente
15/01/2024 09:51,Zone Sud,Agence des Collines,Conseiller clientèle,3,5,,,
15/01/2024 10:13,Zone Sud,Agence de la Rivière,Centre d'appels,5,4,Personnel accueillant et souriant,,Ouvrir l'agence le samedi matin
15/01/2024 10:31,Zone Centre,Agence du Parc,Conseiller clientèle,5,2,,Peu d'écoute face à ma réclamation,
15/01/2024 11:52,Zone Est,Agence de l'Horloge,Conseiller clientèle,4,5,Service rapide et efficace,Prise en charge rapide au guichet,
15/01/2024 14:31,Zone Nord,Agence des Palmiers,Accueil,5,3,Prise en charge rapide au guichet,Très bonne orientation dès l'entrée,
15/01/2024 17:22,Zone Sud,Agence des Collines,Accueil,4,2,Conseiller à l'écoute du client,Horaires d'ouverture peu pratiques,Ouvrir l'agence le samedi matin
16/01/2024 08:46,Zone Nord,Agence du Littoral,GAB,4,5,Service rapide et efficace,Prise en charge rapide au guichet,
16/01/2024 08:55,Zone Sud,Agence des Collines,Application mobile,3,3,Temps d'attente trop long au guichet,,Ouvrir l'agence le samedi matin
16/01/2024 09:05,Zone Sud,Agence des Collines,Centre d'appels,3,4,Temps d'attente trop long au guichet,Service rapide et efficace,Augmenter le personnel aux heures de pointe
16/01/2024 10:30,Zone Centre,Agence de la Gare,Guichet,5,4,Agence propre et bien organisée,Service rapide et efficace,
16/01/2024 11:48,Zone Centre,Agence de la Gare,Application mobile,4,4,,Très bonne orientation dès l'entrée,Climatiser la salle d'attente de l'agence
16/01/2024 12:09,Zone Centre,Agence du Parc,Application mobile,4,3,Service rapide et efficace,,
16/01/2024 13:45,Zone Sud,Agence de la Rivière,Accueil,3,3,,,
16/01/2024 15:42,Zone Nord,Agence des Dunes,Accueil,4,4,Agence propre et bien organisée,Très bonne orientation dès l'entrée,
16/01/2024 16:14,Zone Centre,Agence de la Gare,GAB,3,5,,Agence propre et bien organisée,Augmenter le personnel aux heures de pointe
17/01/2024 08:55,Zone Est,Agence des Acacias,Application mobile,5,4,Très bonne orientation dès l'entrée,Agence propre et bien organisée,
17/01/2024 09:47,Zone Centre,Agence du Parc,Application mobile,5,5,,Très bonne orientation dès l'entrée,Réduire le temps d'attente au guichet
17/01/2024 09:52,Zone Ouest,Agence de la Corniche,Conseiller clientèle,4,4,Agence propre et bien organisée,Très bonne orientation dès l'entrée,
17/01/2024 11:12,Zone Est,Agence des Acacias,Guichet,5,5,,Personnel accueillant et souriant,Installer plus de sièges dans la salle d'attente
17/01/2024 11:23,Zone Sud,Agence de la Rivière,GAB,3,4,,Conseiller à l'écoute du client,Mettre en place un système de tickets plus clair
17/01/2024 13:34,Zone Centre,Agence du Parc,Centre d'appels,4,3,,,Améliorer l'application mobile de la banque
18/01/2024 10:49,Zone Ouest,Agence de la Corniche,GAB,4,3,Prise en charge rapide au guichet,File d'attente mal organisée,Ouvrir l'agence le samedi matin
18/01/2024 10:52,Zone Ouest,Agence de la Corniche,Conseiller clientèle,4,2,,,
18/01/2024 11:04,Zone Centre,Agence du Marché,Guichet,3,3,,,Ajouter un guichet automatique dans le quartier
18/01/2024 12:42,Zone Est,Agence des Acacias,Accueil,4,4,,Agence propre et bien organisée,
18/01/2024 13:53,Zone Centre,Agence de la Gare,Guichet,5,5,,Très bonne orientation dès l'entrée,
19/01/2024 08:40,Zone Sud,Agence des Collines,GAB,4,5,Très bonne orientation dès l'entrée,,Mettre en place un système de tickets plus clair
19/01/2024 09:03,Zone Ouest,Agence du Phare,Conseiller clientèle,5,5,Service rapide et efficace,Personnel accueillant et souriant,Ouvrir l'agence le samedi matin
19/01/2024 09:03,Zone Centre,Agence du Marché,Application mobile,5,4,Très bonne orientation dès l'entrée,,
19/01/2024 11:44,Zone Nord,Agence des Palmiers,GAB,4,2,,File d'attente mal organisée,Améliorer le temps d'attente en agence
19/01/2024 17:23,Zone Centre,Agence de la Gare,Guichet,5,3,,,
20/01/2024 11:40,Zone Sud,Agence des Collines,Conseiller clientèle,4,3,Très bonne orientation dès l'entrée,,
20/01/2024 11:55,Zone Est,Agence du Stade,Conseiller clientèle,5,5,Personnel accueillant et souriant,,Former le personnel à l'accueil des clients
20/01/2024 12:46,Zone Nord,Agence des Palmiers,GAB,4,2,,,
20/01/2024 12:51,Zone Ouest,Agence du Phare,Centre d'appels,5,4,Très bonne orientation dès l'entrée,,
22/01/2024 11:02,Zone Nord,Agence des Dunes,Guichet,4,4,Agence propre et bien organisée,Conseiller à l'écoute du client,
22/01/2024 11:41,Zone Nord,Agence des Dunes,Guichet,3,4,,,
22/01/2024 11:50,Zone Nord,Agence des Dunes,Guichet,5,4,Service rapide et efficace,Agence propre et bien organisée,
22/01/2024 13:02,Zone Sud,Agence des Collines,Conseiller clientèle,3,3,,,
22/01/2024 16:49,Zone Ouest,Agence de la Corniche,Accueil,3,4,,,
23/01/2024 08:32,Zone Nord,Agence du Littoral,Application mobile,5,5,Très bonne orientation dès l'entrée,Prise en charge rapide au guichet,Installer plus de sièges dans la salle d'attente
23/01/2024 09:37,Zone Centre,Agence du Parc,Conseiller clientèle,3,4,Guichet automatique souvent en panne,,Proposer plus de services sur l'application mobile
23/01/2024 11:01,Zone Ouest,Agence du Phare,Centre d'appels,4,4,Prise en charge rapide au guichet,,Ouvrir l'agence le samedi matin
23/01/2024 11:03,Zone Sud,Agence des Collines,GAB,5,3,Très bonne orientation dès l'entrée,,
23/01/2024 11:25,Zone Centre,Agence du Parc,Application mobile,4,4,Prise en charge rapide au guichet,Prise en charge rapide au guichet,
23/01/2024 12:51,Zone Sud,Agence des Collines,Conseiller clientèle,3,4,,Service rapide et efficace,
23/01/2024 13:32,Zone Est,Agence du Stade,Guichet,4,3,,,
23/01/2024 15:42,Zone Sud,Agence de la Rivière,Conseiller clientèle,5,3,Conseiller à l'écoute du client,,
23/01/2024 16:10,Zone Nord,Agence du Littoral,Guichet,3,3,,,
24/01/2024 09:05,Zone Centre,Agence du Parc,GAB,4,5,,Conseiller à l'écoute du client,
24/01/2024 09:30,Zone Est,Agence des Acacias,GAB,5,5,Prise en charge rapide au guichet,Service rapide et efficace,
24/01/2024 09:56,Zone Centre,Agence du Marché,Guichet,4,4,Service rapide et efficace,Très bonne orientation dès l'entrée,Installer plus de sièges dans la salle d'attente
24/01/2024 10:00,Zone Est,Agence des Acacias,GAB,5,4,Conseiller à l'écoute du client,Guichet automatique souvent en panne,
24/01/2024 11:44,Zone Sud,Agence des Collines,Conseiller clientèle,4,3,Conseiller à l'écoute du client,,Proposer plus de services sur l'application mobile
24/01/2024 16:20,Zone Nord,Agence du Littoral,Conseiller clientèle,5,5,,,Proposer plus de services sur l'application mobile
25/01/2024 08:52,Zone Sud,Agence de la Rivière,Accueil,5,3,Personnel accueillant et souriant,,Former le personnel à l'accueil des clients
25/01/2024 09:19,Zone Ouest,Agence du Phare,Guichet,5,2,,Manque de personnel aux heures de pointe,Réduire le temps d'attente au guichet
25/01/2024 10:17,Zone Sud,Agence de la Rivière,GAB,5,2,,Agence propre et bien organisée,
25/01/2024 13:02,Zone Nord,Agence du Littoral,Conseiller clientèle,5,5,,Temps d'attente trop long au guichet,
25/01/2024 13:26,Zone Est,Agence de l'Horloge,Accueil,4,3,Conseiller à l'écoute du client,Prise en charge rapide au guichet,
25/01/2024 13:51,Zone Ouest,Agence du Phare,GAB,5,4,,Prise en charge rapide au guichet,
26/01/2024 08:21,Zone Sud,Agence des Collines,Application mobile,5,3,Service rapide et efficace,,Réduire le temps d'attente au guichet
26/01/2024 12:40,Zone Nord,Agence des Palmiers,Centre d'appels,4,4,Agence propre et bien organisée,Très bonne orientation dès l'entrée,
26/01/2024 15:19,Zone Est,Agence du Stade,GAB,4,4,,Agence propre et bien organisée,
26/01/2024 16:06,Zone Centre,Agence du Parc,Application mobile,5,5,Très bonne orientation dès l'entrée,,Augmenter le personnel aux heures de pointe
27/01/2024 09:18,Zone Centre,Agence de la Gare,Conseiller clientèle,4,4,Très bonne orientation dès l'entrée,,Ouvrir l'agence le samedi matin
29/01/2024 08:07,Zone Ouest,Agence de la Corniche,Accueil,5,3,,Temps d'attente trop long au guichet,Ouvrir l'agence le samedi matin
29/01/2024 09:40,Zone Centre,Agence du Marché,Conseiller clientèle,5,5,Agence propre et bien organisée,,
29/01/2024 10:52,Zone Sud,Agence des Collines,Accueil,5,4,Prise en charge rapide au guichet,Service rapide et efficace,Proposer plus de services sur l'application mobile
29/01/2024 11:25,Zone Ouest,Agence de la Corniche,Centre d'appels,5,5,Agence propre et bien organisée,,
29/01/2024 11:30,Zone Centre,Agence de la Gare,Accueil,4,4,Prise en charge rapide au guichet,Conseiller à l'écoute du client,
29/01/2024 11:36,Zone Est,Agence du Stade,Conseiller clientèle,3,2,,,
29/01/2024 13:13,Zone Sud,Agence de la Rivière,GAB,5,3,,,
29/01/2024 15:45,Zone Sud,Agence de la Rivière,Accueil,3,5,Guichet automatique souvent en panne,Prise en charge rapide au guichet,
29/01/2024 17:23,Zone Sud,Agence de la Rivière,Guichet,4,5,Personnel accueillant et souriant,Très bonne orientation dès l'entrée,Réduire le temps d'attente au guichet
30/01/2024 08:01,Zone Est,Agence des Acacias,Application mobile,5,5,Service rapide et efficace,Personnel accueillant et souriant,
30/01/2024 10:45,Zone Sud,Agence des Collines,Accueil,3,4,,Agence propre et bien organisée,Mettre en place un système de tickets plus clair
30/01/2024 11:36,Zone Ouest,Agence du Phare,Guichet,4,4,,,Installer plus de sièges dans la salle d'attente
30/01/2024 14:15,Zone Est,Agence de l'Horloge,Accueil,2,4,Temps d'attente trop long au guichet,Service rapide et efficace,Ouvrir l'agence le samedi matin
30/01/2024 15:52,Zone Sud,Agence des Collines,Guichet,2,4,Peu d'écoute face à ma réclamation,Personnel accueillant et souriant,Réduire les frais de tenue de compte
30/01/2024 16:07,Zone Sud,Agence de la Rivière,Accueil,5,3,,,Réduire les frais de tenue de compte
30/01/2024 17:02,Zone Sud,Agence des Collines,Application mobile,2,3,Manque de personnel aux heures de pointe,,
31/01/2024 08:30,Zone Ouest,Agence du Phare,Accueil,3,3,Conseiller à l'écoute du client,,
31/01/2024 08:40,Zone Est,Agence de l'Horloge,Conseiller clientèle,5,5,,,
31/01/2024 10:14,Zone Est,Agence du Stade,Conseiller clientèle,5,4,,Service rapide et efficace,
31/01/2024 10:41,Zone Nord,Agence du Littoral,Conseiller clientèle,5,5,Agence propre et bien organisée,,Réduire le temps d'attente au guichet
31/01/2024 11:08,Zone Ouest,Agence de la Corniche,Application mobile,5,5,,Personnel accueillant et souriant,Augmenter le personnel aux heures de pointe
31/01/2024 11:10,Zone Ouest,Agence de la Corniche,GAB,3,4,Guichet automatique souvent en panne,Très bonne orientation dès l'entrée,Former le personnel à l'accueil des clients
31/01/2024 11:37,Zone Nord,Agence des Dunes,GAB,4,5,,,
31/01/2024 12:08,Zone Sud,Agence de la Rivière,Accueil,3,3,,,Installer plus de sièges dans la salle d'attente
31/01/2024 13:25,Zone Nord,Agence des Palmiers,Application mobile,2,3,,,Réduire les frais de tenue de compte
31/01/2024 14:15,Zone Ouest,Agence de la Corniche,Guichet,5,3,Conseiller à l'écoute du client,,
31/01/2024 17:29,Zone Centre,Agence du Parc,Guichet,5,5,Très bonne orientation dès l'entrée,Horaires d'ouverture peu pratiques,Améliorer le temps d'attente en agence
01/02/2024 08:18,Zone Centre,Agence de la Gare,Guichet,4,3,Conseiller à l'écoute du client,,Améliorer l'application mobile de la banque
01/02/2024 10:51,Zone Ouest,Agence du Phare,Conseiller clientèle,4,4,Très bonne orientation dès l'entrée,Agence propre et bien organisée,Ajouter un guichet automatique dans le quartier
01/02/2024 11:49,Zone Sud,Agence de la Rivière,Conseiller clientèle,5,4,Service rapide et efficace,Service rapide et efficace,Augmenter le personnel aux heures de pointe
01/02/2024 13:49,Zone Centre,Agence du Marché,GAB,4,5,Service rapide et efficace,Agence propre et bien organisée,
01/02/2024 16:24,Zone Sud,Agence des Collines,Application mobile,5,5,Service rapide et efficace,Agence propre et bien organisée,Climatiser la salle d'attente de l'agence
02/02/2024 09:31,Zone Nord,Agence du Littoral,GAB,4,5,,Agence propre et bien organisée,Augmenter le personnel aux heures de pointe
02/02/2024 09:42,Zone Ouest,Agence de la Corniche,GAB,3,2,Service rapide et efficace,Temps d'attente trop long au guichet,
02/02/2024 09:42,Zone Nord,Agence des Palmiers,Guichet,3,4,,,Proposer plus de services sur l'application mobile
02/02/2024 09:45,Zone Centre,Agence du Parc,Centre d'appels,4,4,Agence propre et bien organisée,Temps d'attente trop long au guichet,
02/02/2024 09:54,Zone Est,Agence du Stade,Centre d'appels,5,4,File d'attente mal organisée,,Climatiser la salle d'attente de l'agence
02/02/2024 10:56,Zone Ouest,Agence du Phare,Centre d'appels,5,1,Agence propre et bien organisée,Peu d'écoute face à ma réclamation,
02/02/2024 11:08,Zone Est,Agence de l'Horloge,GAB,3,5,,Service rapide et efficace,Ajouter un guichet automatique dans le quartier
02/02/2024 12:38,Zone Ouest,Agence du Phare,Accueil,3,2,,File d'attente mal organisée,
02/02/2024 15:06,Zone Ouest,Agence du Phare,Conseiller clientèle,5,5,Conseiller à l'écoute du client,Prise en charge rapide au guichet,Ouvrir l'agence le samedi matin
02/02/2024 16:10,Zone Ouest,Agence du Phare,GAB,4,5,,Très bonne orientation dès l'entrée,Réduire le temps d'attente au guichet
02/02/2024 16:26,Zone Ouest,Agence du Phare,Conseiller clientèle,5,3,Prise en charge rapide au guichet,Manque de personnel aux heures de pointe,Améliorer l'application mobile de la banque
02/02/2024 16:51,Zone Nord,Agence des Dunes,Guichet,3,1,,,Ajouter un guichet automatique dans le quartier
02/02/2024 17:13,Zone Sud,Agence de la Rivière,GAB,4,3,,Agence propre et bien organisée,Ouvrir l'agence le samedi matin
03/02/2024 09:59,Zone Centre,Agence de la Gare,Guichet,5,4,Agence propre et bien organisée,Très bonne orientation dès l'entrée,Proposer plus de services sur l'application mobile
03/02/2024 11:31,Zone Nord,Agence des Dunes,Guichet,5,5,,,Installer plus de sièges dans la salle d'attente
03/02/2024 12:59,Zone Sud,Agence de la Rivière,GAB,5,2,Agence propre et bien organisée,Horaires d'ouverture peu pratiques,Améliorer l'application mobile de la banque
05/02/2024 15:51,Zone Ouest,Agence de la Corniche,Application mobile,4,4,Prise en charge rapide au guichet,Conseiller à l'écoute du client,
06/02/2024 08:42,Zone Ouest,Agence du Phare,Application mobile,3,3,,,Proposer plus de services sur l'application mobile
06/02/2024 09:24,Zone Ouest,Agence de la Corniche,Guichet,4,2,,Temps d'attente trop long au guichet,
06/02/2024 09:28,Zone Ouest,Agence du Phare,Accueil,4,2,Conseiller à l'écoute du client,File d'attente mal organisée,Climatiser la salle d'attente de l'agence
06/02/2024 09:31,Zone Sud,Agence des Collines,Conseiller clientèle,3,4,,Conseiller à l'écoute du client,Augmenter le personnel aux heures de pointe
06/02/2024 16:57,Zone Sud,Agence des Collines,Application mobile,3,3,,,Mettre en place un système de tickets plus clair
06/02/2024 17:38,Zone Nord,Agence des Palmiers,GAB,4,5,Conseiller à l'écoute du client,Conseiller à l'écoute du client,Former le personnel à l'accueil des clients
07/02/2024 08:59,Zone Nord,Agence des Dunes,Guichet,4,3,Service rapide et efficace,,Mettre en place un système de tickets plus clair
07/02/2024 09:37,Zone Nord,Agence des Dunes,Accueil,3,4,,Prise en charge rapide au guichet,Réduire le temps d'attente au guichet
07/02/2024 09:56,Zone Ouest,Agence de la Corniche,GAB,5,2,Conseiller à l'écoute du client,Manque de personnel aux heures de pointe,
07/02/2024 13:58,Zone Est,Agence du Stade,Application mobile,4,3,Manque de personnel aux heures de pointe,,Améliorer le temps d'attente en agence
07/02/2024 15:54,Zone Sud,Agence des Collines,Centre d'appels,4,5,Prise en charge rapide au guichet,Personnel accueillant et souriant,Améliorer l'application mobile de la banque
07/02/2024 15:59,Zone Est,Agence du Stade,Conseiller clientèle,2,4,Agence propre et bien organisée,Conseiller à l'écoute du client,Ouvrir l'agence le samedi matin
08/02/2024 08:12,Zone Ouest,Agence de la Corniche,Conseiller clientèle,3,2,,Peu d'écoute face à ma réclamation,
08/02/2024 08:51,Zone Ouest,Agence de la Corniche,Accueil,3,4,Manque de personnel aux heures de pointe,,
08/02/2024 09:11,Zone Nord,Agence des Dunes,Guichet,2,3,Temps d'attente trop long au guichet,,
08/02/2024 09:20,Zone Est,Agence des Acacias,GAB,5,5,Conseiller à l'écoute du client,,
08/02/2024 10:23,Zone Sud,Agence de la Rivière,Guichet,4,5,Service rapide et efficace,Personnel accueillant et souriant,Mettre en place un système de tickets plus clair
08/02/2024 11:32,Zone Est,Agence des Acacias,Accueil,3,3,,,Former le personnel à l'accueil des clients
08/02/2024 11:41,Zone Sud,Agence de la Rivière,Conseiller clientèle,3,3,Prise en charge rapide au guichet,,
08/02/2024 13:55,Zone Est,Agence du Stade,GAB,5,4,,Conseiller à l'écoute du client,Améliorer l'application mobile de la banque
08/02/2024 16:01,Zone Est,Agence de l'Horloge,Application mobile,4,5,,Service rapide et efficace,Mettre en place un système de tickets plus clair
08/02/2024 17:42,Zone Nord,Agence des Dunes,Guichet,4,4,Très bonne orientation dès l'entrée,,
09/02/2024 08:25,Zone Ouest,Agence de la Corniche,Conseiller clientèle,3,4,,Agence propre et bien organisée,
09/02/2024 09:34,Zone Nord,Agence du Littoral,Conseiller clientèle,5,5,,,Ouvrir l'agence le samedi matin
09/02/2024 11:31,Zone Ouest,Agence de la Corniche,GAB,3,5,Conseiller à l'écoute du client,Prise en charge rapide au guichet,Proposer plus de services sur l'application mobile
09/02/2024 15:09,Zone Sud,Agence de la Rivière,Accueil,3,4,Prise en charge rapide au guichet,,
09/02/2024 15:23,Zone Centre,Agence de la Gare,GAB,3,5,,Service rapide et efficace,Ajouter un guichet automatique dans le quartier
09/02/2024 15:24,Zone Nord,Agence des Dunes,Application mobile,4,4,,,Ouvrir l'agence le samedi matin
09/02/2024 16:03,Zone Est,Agence des Acacias,GAB,4,5,Prise en charge rapide au guichet,Prise en charge rapide au guichet,
10/02/2024 11:09,Zone Nord,Agence des Dunes,GAB,3,4,,Conseiller à l'écoute du client,
10/02/2024 11:29,Zone Centre,Agence de la Gare,Guichet,4,3,,,Améliorer l'application mobile de la banque
10/02/2024 16:13,Zone Sud,Agence des Collines,Guichet,1,3,Manque de personnel aux heures de pointe,,
10/02/2024 16:51,Zone Nord,Agence du Littoral,Guichet,5,4,,,Ouvrir l'agence le samedi matin
12/02/2024 16:40,Zone Est,Agence des Acacias,Guichet,5,4,Service rapide et efficace,,
13/02/2024 10:00,Zone Est,Agence de l'Horloge,Guichet,5,3,,,Réduire les frais de tenue de compte
13/02/2024 14:31,Zone Nord,Agence des Dunes,Guichet,4,3,Personnel accueillant et souriant,,Améliorer l'application mobile de la banque
14/02/2024 08:38,Zone Est,Agence du Stade,Guichet,5,5,,Prise en charge rapide au guichet,Augmenter le personnel aux heures de pointe
14/02/2024 10:15,Zone Est,Agence de l'Horloge,Guichet,3,4,,Agence propre et bien organisée,Climatiser la salle d'attente de l'agence
14/02/2024 10:53,Zone Ouest,Agence de la Corniche,Conseiller clientèle,4,4,,Service rapide et efficace,
14/02/2024 15:06,Zone Sud,Agence de la Rivière,Conseiller clientèle,4,3,,,Augmenter le personnel aux heures de pointe
14/02/2024 17:19,Zone Nord,Agence du Littoral,GAB,5,5,,Manque de personnel aux heures de pointe,
15/02/2024 08:49,Zone Centre,Agence du Parc,Conseiller clientèle,4,5,Prise en charge rapide au guichet,Très bonne orientation dès l'entrée,
15/02/2024 09:25,Zone Nord,Agence des Palmiers,Application mobile,4,4,,Temps d'attente trop long au guichet,
15/02/2024 11:40,Zone Nord,Agence du Littoral,Centre d'appels,5,5,Personnel accueillant et souriant,Horaires d'ouverture peu pratiques,Proposer plus de services sur l'application mobile
15/02/2024 11:42,Zone Est,Agence des Acacias,Conseiller clientèle,5,5,,,
15/02/2024 11:44,Zone Centre,Agence du Parc,Conseiller clientèle,3,3,,,
15/02/2024 12:41,Zone Centre,Agence du Parc,Accueil,3,4,Très bonne orientation dès l'entrée,,Climatiser la salle d'attente de l'agence
15/02/2024 14:43,Zone Est,Agence des Acacias,GAB,5,4,,Prise en charge rapide au guichet,
15/02/2024 15:57,Zone Ouest,Agence du Phare,Centre d'appels,4,5,,Guichet automatique souvent en panne,
15/02/2024 16:22,Zone Centre,Agence de la Gare,Application mobile,4,5,Agence propre et bien organisée,Horaires d'ouverture peu pratiques,
15/02/2024 16:37,Zone Nord,Agence des Dunes,GAB,5,3,,Peu d'écoute face à ma réclamation,Ajouter un guichet automatique dans le quartier
16/02/2024 09:02,Zone Nord,Agence des Dunes,Guichet,3,5,,,Ajouter un guichet automatique dans le quartier
16/02/2024 09:13,Zone Est,Agence des Acacias,Conseiller clientèle,4,5,Service rapide et efficace,Très bonne orientation dès l'entrée,Améliorer le temps d'attente en agence
16/02/2024 09:19,Zone Est,Agence du Stade,Centre d'appels,4,5,Prise en charge rapide au guichet,Personnel accueillant et souriant,
16/02/2024 10:19,Zone Sud,Agence de la Rivière,Guichet,3,4,,Agence propre et bien organisée,Mettre en place un système de tickets plus clair
16/02/2024 10:46,Zone Nord,Agence des Dunes,Conseiller clientèle,3,3,,Guichet automatique souvent en panne,Réduire le temps d'attente au guichet
16/02/2024 11:13,Zone Ouest,Agence du Phare,GAB,2,4,File d'attente mal organisée,Service rapide et efficace,Installer plus de sièges dans la salle d'attente
16/02/2024 11:41,Zone Sud,Agence des Collines,Application mobile,3,3,,,
16/02/2024 12:36,Zone Ouest,Agence de la Corniche,Guichet,4,3,Service rapide et efficace,,Proposer plus de services sur l'application mobile
16/02/2024 14:52,Zone Est,Agence de l'Horloge,Conseiller clientèle,4,5,,Service rapide et efficace,
16/02/2024 16:14,Zone Centre,Agence du Parc,Guichet,3,5,,,Réduire les frais de tenue de compte
16/02/2024 16:46,Zone Sud,Agence des Collines,Guichet,4,4,,Très bonne orientation dès l'entrée,
16/02/2024 17:23,Zone Sud,Agence de la Rivière,Guichet,5,5,Personnel accueillant et souriant,,Former le personnel à l'accueil des clients
17/02/2024 08:32,Zone Nord,Agence des Palmiers,GAB,4,5,Service rapide et efficace,Personnel accueillant et souriant,Installer plus de sièges dans la salle d'attente
17/02/2024 08:36,Zone Nord,Agence des Dunes,Centre d'appels,4,3,Très bonne orientation dès l'entrée,,Améliorer l'application mobile de la banque
19/02/2024 08:12,Zone Centre,Agence de la Gare,Centre d'appels,4,3,Personnel accueillant et souriant,,
19/02/2024 11:02,Zone Est,Agence des Acacias,GAB,5,5,Conseiller à l'écoute du client,,
19/02/2024 11:26,Zone Est,Agence du Stade,Conseiller clientèle,5,3,Prise en charge rapide au guichet,,Améliorer le temps d'attente en agence
19/02/2024 11:28,Zone Centre,Agence du Marché,Centre d'appels,4,3,Prise en charge rapide au guichet,,Mettre en place un système de tickets plus clair
19/02/2024 12:46,Zone Sud,Agence des Collines,Centre d'appels,4,2,,,
19/02/2024 13:57,Zone Sud,Agence de la Rivière,Conseiller clientèle,5,4,File d'attente mal organisée,Agence propre et bien organisée,
19/02/2024 13:57,Zone Ouest,Agence du Phare,Centre d'appels,5,4,,Prise en charge rapide au guichet,
19/02/2024 15:08,Zone Ouest,Agence du Phare,Guichet,2,3,Peu d'écoute face à ma réclamation,,
19/02/2024 15:40,Zone Ouest,Agence du Phare,Centre d'appels,2,2,,Horaires d'ouverture peu pratiques,
19/02/2024 16:49,Zone Sud,Agence de la Rivière,Guichet,5,5,,Prise en charge rapide au guichet,Réduire le temps d'attente au guichet
19/02/2024 16:56,Zone Est,Agence du Stade,Guichet,4,2,Conseiller à l'écoute du client,,Proposer plus de services sur l'application mobile
20/02/2024 08:05,Zone Ouest,Agence du Phare,Guichet,4,3,Prise en charge rapide au guichet,,
20/02/2024 08:33,Zone Sud,Agence de la Rivière,Accueil,4,4,Conseiller à l'écoute du client,Prise en charge rapide au guichet,
20/02/2024 15:19,Zone Ouest,Agence de la Corniche,GAB,2,1,File d'attente mal organisée,File d'attente mal organisée,
20/02/2024 15:21,Zone Centre,Agence de la Gare,Conseiller clientèle,5,3,,,
20/02/2024 15:42,Zone Est,Agence du Stade,Conseiller clientèle,4,4,,,Mettre en place un système de tickets plus clair
21/02/2024 08:29,Zone Centre,Agence du Parc,GAB,5,5,Service rapide et efficace,,Améliorer le temps d'attente en agence
21/02/2024 08:30,Zone Ouest,Agence du Phare,Guichet,4,5,Prise en charge rapide au guichet,Prise en charge rapide au guichet,Améliorer l'application mobile de la banque
21/02/2024 09:05,Zone Nord,Agence des Dunes,Guichet,4,5,,Conseiller à l'écoute du client,Améliorer l'application mobile de la banque
21/02/2024 10:01,Zone Nord,Agence des Palmiers,GAB,5,4,,Service rapide et efficace,
21/02/2024 10:40,Zone Sud,Agence de la Rivière,Centre d'appels,3,2,,Horaires d'ouverture peu pratiques,Proposer plus de services sur l'application mobile
21/02/2024 10:44,Zone Est,Agence des Acacias,Guichet,5,4,,Service rapide et efficace,Proposer plus de services sur l'application mobile
21/02/2024 11:22,Zone Nord,Agence des Dunes,Guichet,5,4,Conseiller à l'écoute du client,Agence propre et bien organisée,
21/02/2024 11:39,Zone Nord,Agence des Dunes,Application mobile,3,3,,,Augmenter le personnel aux heures de pointe
21/02/2024 13:12,Zone Est,Agence des Acacias,Accueil,5,4,,,Augmenter le personnel aux heures de pointe
21/02/2024 15:40,Zone Nord,Agence des Dunes,Accueil,3,3,Horaires d'ouverture peu pratiques,,Améliorer l'application mobile de la banque
21/02/2024 17:25,Zone Est,Agence des Acacias,Guichet,3,5,,Personnel accueillant et souriant,
22/02/2024 10:35,Zone Ouest,Agence de la Corniche,Accueil,5,3,Agence propre et bien organisée,,
22/02/2024 11:09,Zone Sud,Agence de la Rivière,Conseiller clientèle,5,3,Conseiller à l'écoute du client,,Ouvrir l'agence le samedi matin
22/02/2024 12:12,Zone Centre,Agence de la Gare,Conseiller clientèle,5,4,Peu d'écoute face à ma réclamation,,
22/02/2024 15:51,Zone Centre,Agence du Parc,Centre d'appels,5,4,,Personnel accueillant et souriant,
23/02/2024 08:51,Zone Sud,Agence des Collines,Application mobile,4,3,,,
23/02/2024 09:23,Zone Nord,Agence des Palmiers,Conseiller clientèle,5,3,,,Former le personnel à l'accueil des clients
23/02/2024 10:24,Zone Centre,Agence du Parc,Application mobile,3,4,Conseiller à l'écoute du client,Conseiller à l'écoute du client,
23/02/2024 10:43,Zone Est,Agence de l'Horloge,Accueil,4,5,,Manque de personnel aux heures de pointe,
23/02/2024 13:03,Zone Nord,Agence des Palmiers,Accueil,5,4,Prise en charge rapide au guichet,Service rapide et efficace,
23/02/2024 16:44,Zone Nord,Agence des Dunes,Conseiller clientèle,4,3,Guichet automatique souvent en panne,Service rapide et efficace,Ajouter un guichet automatique dans le quartier
24/02/2024 09:45,Zone Ouest,Agence de la Corniche,GAB,3,3,,,Ajouter un guichet automatique dans le quartier
24/02/2024 13:13,Zone Est,Agence de l'Horloge,Conseiller clientèle,5,5,,,
24/02/2024 14:19,Zone Centre,Agence de la Gare,Conseiller clientèle,2,4,Peu d'écoute face à ma réclamation,Très bonne orientation dès l'entrée,Former le personnel à l'accueil des clients
24/02/2024 16:14,Zone Est,Agence de l'Horloge,Accueil,5,3,Prise en charge rapide au guichet,,Augmenter le personnel aux heures de pointe
24/02/2024 16:26,Zone Centre,Agence de la Gare,Conseiller clientèle,5,4,Agence propre et bien organisée,Agence propre et bien organisée,Mettre en place un système de tickets plus clair
26/02/2024 08:11,Zone Sud,Agence des Collines,Conseiller clientèle,4,3,Très bonne orientation dès l'entrée,,
26/02/2024 08:29,Zone Est,Agence du Stade,Guichet,4,3,,Service rapide et efficace,Ouvrir l'agence le samedi matin
26/02/2024 08:47,Zone Sud,Agence de la Rivière,GAB,3,4,Horaires d'ouverture peu pratiques,,
26/02/2024 09:40,Zone Sud,Agence des Collines,Accueil,3,4,,Agence propre et bien organisée,Ajouter un guichet automatique dans le quartier
26/02/2024 14:31,Zone Est,Agence des Acacias,Guichet,4,3,Prise en charge rapide au guichet,,
26/02/2024 17:38,Zone Sud,Agence des Collines,Conseiller clientèle,5,2,Service rapide et efficace,Manque de personnel aux heures de pointe,Améliorer l'application mobile de la banque
27/02/2024 09:56,Zone Est,Agence des Acacias,Guichet,5,2,Service rapide et efficace,Horaires d'ouverture peu pratiques,
27/02/2024 10:10,Zone Ouest,Agence du Phare,Guichet,3,5,Conseiller à l'écoute du client,Prise en charge rapide au guichet,Former le personnel à l'accueil des clients
27/02/2024 10:49,Zone Sud,Agence des Collines,Application mobile,3,3,,Agence propre et bien organisée,Ouvrir l'agence le samedi matin
27/02/2024 11:45,Zone Centre,Agence du Parc,Conseiller clientèle,4,4,Très bonne orientation dès l'entrée,Service rapide et efficace,Ouvrir l'agence le samedi matin
27/02/2024 12:34,Zone Est,Agence des Acacias,Centre d'appels,3,5,,Agence propre et bien organisée,Former le personnel à l'accueil des clients
27/02/2024 12:46,Zone Ouest,Agence de la Corniche,Guichet,3,5,,Agence propre et bien organisée,Augmenter le personnel aux heures de pointe
27/02/2024 14:46,Zone Sud,Agence de la Rivière,Guichet,4,4,Conseiller à l'écoute du client,Service rapide et efficace,
27/02/2024 15:20,Zone Est,Agence de l'Horloge,Guichet,5,3,Service rapide et efficace,,Climatiser la salle d'attente de l'agence
27/02/2024 16:46,Zone Centre,Agence du Parc,GAB,4,5,Prise en charge rapide au guichet,Service rapide et efficace,
28/02/2024 08:33,Zone Centre,Agence du Parc,Application mobile,5,4,,Personnel accueillant et souriant,Former le personnel à l'accueil des clients
28/02/2024 09:16,Zone Nord,Agence du Littoral,Application mobile,5,5,,Prise en charge rapide au guichet,Proposer plus de services sur l'application mobile
28/02/2024 10:22,Zone Nord,Agence du Littoral,GAB,5,5,Conseiller à l'écoute du client,Très bonne orientation dès l'entrée,Ajouter un guichet automatique dans le quartier
28/02/2024 10:26,Zone Ouest,Agence de la Corniche,Guichet,2,4,Horaires d'ouverture peu pratiques,Conseiller à l'écoute du client,Améliorer l'application mobile de la banque
28/02/2024 10:41,Zone Sud,Agence des Collines,Conseiller clientèle,5,4,,Très bonne orientation dès l'entrée,
28/02/2024 14:48,Zone Ouest,Agence de la Corniche,Guichet,2,3,Peu d'écoute face à ma réclamation,,
28/02/2024 15:02,Zone Sud,Agence de la Rivière,Guichet,5,2,Service rapide et efficace,Peu d'écoute face à ma réclamation,Ouvrir l'agence le samedi matin
29/02/2024 11:10,Zone Sud,Agence de la Rivière,Guichet,5,5,Conseiller à l'écoute du client,,
29/02/2024 15:47,Zone Est,Agence de l'Horloge,Guichet,5,4,Agence propre et bien organisée,,
29/02/2024 16:16,Zone Centre,Agence du Parc,Accueil,4,4,Prise en charge rapide au guichet,Très bonne orientation dès l'entrée,Ouvrir l'agence le samedi matin
29/02/2024 16:52,Zone Sud,Agence de la Rivière,Accueil,4,4,Conseiller à l'écoute du client,Service rapide et efficace,
29/02/2024 17:00,Zone Nord,Agence des Dunes,Guichet,5,3,Conseiller à l'écoute du client,,Améliorer le temps d'attente en agence
01/03/2024 08:06,Zone Ouest,Agence de la Corniche,GAB,1,3,,,Ouvrir l'agence le samedi matin
01/03/2024 08:23,Zone Centre,Agence de la Gare,Guichet,4,3,,Peu d'écoute face à ma réclamation,Ouvrir l'agence le samedi matin
01/03/2024 09:45,Zone Centre,Agence de la Gare,Conseiller clientèle,3,4,,,Climatiser la salle d'attente de l'agence
01/03/2024 09:59,Zone Ouest,Agence de la Corniche,Guichet,5,5,,Personnel accueillant et souriant,Augmenter le personnel aux heures de pointe
01/03/2024 10:33,Zone Est,Agence du Stade,Conseiller clientèle,5,4,Prise en charge rapide au guichet,,Réduire les frais de tenue de compte
01/03/2024 11:13,Zone Nord,Agence des Dunes,Accueil,5,5,,,Climatiser la salle d'attente de l'agence
01/03/2024 12:12,Zone Nord,Agence des Palmiers,Centre d'appels,5,2,,Peu d'écoute face à ma réclamation,Installer plus de sièges dans la salle d'attente
01/03/2024 13:25,Zone Sud,Agence des Collines,Guichet,3,3,,,
01/03/2024 14:38,Zone Centre,Agence du Parc,Conseiller clientèle,4,3,Conseiller à l'écoute du client,,Former le personnel à l'accueil des clients
01/03/2024 15:19,Zone Sud,Agence de la Rivière,Guichet,5,4,,,Réduire les frais de tenue de compte
01/03/2024 15:50,Zone Centre,Agence de la Gare,GAB,4,4,,,Former le personnel à l'accueil des clients
02/03/2024 10:06,Zone Centre,Agence du Marché,Application mobile,4,5,,,Proposer plus de services sur l'application mobile
02/03/2024 11:34,Zone Centre,Agence du Parc,Conseiller clientèle,4,5,,Prise en charge rapide au guichet,
02/03/2024 11:43,Zone Centre,Agence du Marché,GAB,4,5,,Temps d'attente trop long au guichet,Climatiser la salle d'attente de l'agence
02/03/2024 12:59,Zone Ouest,Agence de la Corniche,Guichet,4,5,Agence propre et bien organisée,Agence propre et bien organisée,
02/03/2024 12:59,Zone Ouest,Agence de la Corniche,GAB,3,3,,,
02/03/2024 13:54,Zone Nord,Agence des Palmiers,Accueil,4,5,Conseiller à l'écoute du client,,
02/03/2024 14:09,Zone Nord,Agence du Littoral,GAB,4,4,Personnel accueillant et souriant,Très bonne orientation dès l'entrée,
04/03/2024 09:00,Zone Sud,Agence de la Rivière,Conseiller clientèle,4,4,,Prise en charge rapide au guichet,Ajouter un guichet automatique dans le quartier
04/03/2024 10:04,Zone Centre,Agence de la Gare,Guichet,3,5,,Personnel accueillant et souriant,Ouvrir l'agence le samedi matin
04/03/2024 11:34,Zone Est,Agence des Acacias,GAB,5,5,Agence propre et bien organisée,Service rapide et efficace,Climatiser la salle d'attente de l'agence
04/03/2024 14:27,Zone Est,Agence de l'Horloge,GAB,5,4,Service rapide et efficace,Service rapide et efficace,Ouvrir l'agence le samedi matin
04/03/2024 15:57,Zone Nord,Agence des Dunes,GAB,3,2,,Temps d'attente trop long au guichet,Former le personnel à l'accueil des clients
04/03/2024 16:42,Zone Nord,Agence des Dunes,GAB,4,4,,Très bonne orientation dès l'entrée,Améliorer le temps d'attente en agence
04/03/2024 16:57,Zone Centre,Agence de la Gare,GAB,3,4,,,
04/03/2024 17:55,Zone Est,Agence de l'Horloge,Accueil,4,4,Conseiller à l'écoute du client,,
05/03/2024 08:18,Zone Centre,Agence de la Gare,Guichet,4,3,Guichet automatique souvent en panne,,Réduire les frais de tenue de compte
05/03/2024 10:57,Zone Est,Agence du Stade,Conseiller clientèle,2,3,Guichet automatique souvent en panne,,Améliorer le temps d'attente en agence
05/03/2024 11:35,Zone Nord,Agence du Littoral,Guichet,5,4,Conseiller à l'écoute du client,Personnel accueillant et souriant,
05/03/2024 11:42,Zone Est,Agence des Acacias,GAB,5,5,Agence propre et bien organisée,Très bonne orientation dès l'entrée,
05/03/2024 11:50,Zone Sud,Agence des Collines,Centre d'appels,5,4,Conseiller à l'écoute du client,,
05/03/2024 15:27,Zone Sud,Agence des Collines,Accueil,5,3,Horaires d'ouverture peu pratiques,,Former le personnel à l'accueil des clients
06/03/2024 10:56,Zone Nord,Agence des Palmiers,Conseiller clientèle,4,5,,Service rapide et efficace,
06/03/2024 11:48,Zone Nord,Agence du Littoral,Accueil,4,5,,Prise en charge rapide au guichet,Proposer plus de services sur l'application mobile
06/03/2024 13:20,Zone Est,Agence des Acacias,Conseiller clientèle,5,5,Service rapide et efficace,,
06/03/2024 15:39,Zone Est,Agence de l'Horloge,GAB,3,3,,,Ajouter un guichet automatique dans le quartier
06/03/2024 16:18,Zone Ouest,Agence de la Corniche,Conseiller clientèle,4,3,Service rapide et efficace,,
07/03/2024 08:38,Zone Centre,Agence de la Gare,Accueil,3,5,,,
07/03/2024 09:31,Zone Sud,Agence des Collines,Guichet,3,3,,,Réduire le temps d'attente au guichet
07/03/2024 09:55,Zone Centre,Agence de la Gare,Accueil,5,3,Personnel accueillant et souriant,,Mettre en place un système de tickets plus clair
07/03/2024 10:08,Zone Sud,Agence de la Rivière,Guichet,3,2,Très bonne orientation dès l'entrée,Temps d'attente trop long au guichet,
07/03/2024 10:29,Zone Nord,Agence des Dunes,Application mobile,4,2,Personnel accueillant et souriant,Peu d'écoute face à ma réclamation,
07/03/2024 10:35,Zone Ouest,Agence du Phare,Conseiller clientèle,3,3,,,Former le personnel à l'accueil des clients
07/03/2024 13:46,Zone Ouest,Agence de la Corniche,Centre d'appels,2,3,Peu d'écoute face à ma réclamation,,Ouvrir l'agence le samedi matin
07/03/2024 15:24,Zone Centre,Agence de la Gare,GAB,4,5,Agence propre et bien organisée,Très bonne orientation dès l'entrée,Réduire les frais de tenue de compte
07/03/2024 15:42,Zone Nord,Agence des Dunes,Application mobile,4,3,,,
08/03/2024 09:49,Zone Est,Agence du Stade,Centre d'appels,5,5,Prise en charge rapide au guichet,Prise en charge rapide au guichet,Installer plus de sièges dans la salle d'attente
08/03/2024 10:58,Zone Nord,Agence du Littoral,GAB,4,4,,Prise en charge rapide au guichet,Réduire le temps d'attente au guichet
08/03/2024 11:06,Zone Est,Agence du Stade,Guichet,2,3,File d'attente mal organisée,Personnel accueillant et souriant,
08/03/2024 14:30,Zone Sud,Agence des Collines,Application mobile,3,4,,,Mettre en place un système de tickets plus clair
08/03/2024 16:24,Zone Ouest,Agence de la Corniche,Guichet,5,3,Personnel accueillant et souriant,,Ajouter un guichet automatique dans le quartier
09/03/2024 11:27,Zone Nord,Agence des Palmiers,Centre d'appels,5,4,Prise en charge rapide au guichet,File d'attente mal organisée,Réduire le temps d'attente au guichet
11/03/2024 08:17,Zone Nord,Agence des Palmiers,Accueil,2,3,Horaires d'ouverture peu pratiques,,
11/03/2024 09:17,Zone Centre,Agence du Marché,GAB,3,5,Service rapide et efficace,Agence propre et bien organisée,
11/03/2024 09:33,Zone Sud,Agence des Collines,Conseiller clientèle,3,4,,Prise en charge rapide au guichet,
11/03/2024 10:47,Zone Nord,Agence des Dunes,Guichet,4,2,,Peu d'écoute face à ma réclamation,
11/03/2024 14:54,Zone Centre,Agence de la Gare,Application mobile,5,3,Conseiller à l'écoute du client,,Améliorer l'application mobile de la banque
11/03/2024 16:11,Zone Nord,Agence des Dunes,Accueil,4,3,Conseiller à l'écoute du client,,
12/03/2024 08:54,Zone Nord,Agence des Palmiers,Application mobile,5,4,Prise en charge rapide au guichet,Agence propre et bien organisée,Améliorer l'application mobile de la banque
12/03/2024 09:33,Zone Est,Agence des Acacias,Guichet,5,3,,,
12/03/2024 09:47,Zone Sud,Agence de la Rivière,Guichet,3,3,Horaires d'ouverture peu pratiques,,
12/03/2024 10:10,Zone Sud,Agence des Collines,Conseiller clientèle,5,3,Service rapide et efficace,Prise en charge rapide au guichet,
12/03/2024 10:14,Zone Centre,Agence de la Gare,Conseiller clientèle,5,5,Personnel accueillant et souriant,Très bonne orientation dès l'entrée,Augmenter le personnel aux heures de pointe
12/03/2024 13:22,Zone Nord,Agence des Dunes,Accueil,5,3,Très bonne orientation dès l'entrée,Horaires d'ouverture peu pratiques,Réduire le temps d'attente au guichet
12/03/2024 15:07,Zone Centre,Agence de la Gare,Conseiller clientèle,4,4,Très bonne orientation dès l'entrée,Agence propre et bien organisée,Proposer plus de services sur l'application mobile
12/03/2024 15:49,Zone Centre,Agence du Parc,Application mobile,4,5,Service rapide et efficace,Conseiller à l'écoute du client,
12/03/2024 15:54,Zone Sud,Agence de la Rivière,Accueil,4,3,,,Réduire le temps d'attente au guichet
12/03/2024 17:33,Zone Est,Agence de l'Horloge,Guichet,4,5,Conseiller à l'écoute du client,,
13/03/2024 09:35,Zone Sud,Agence des Collines,Conseiller clientèle,2,3,Horaires d'ouverture peu pratiques,,
13/03/2024 09:44,Zone Centre,Agence de la Gare,Conseiller clientèle,5,3,Prise en charge rapide au guichet,,
13/03/2024 10:10,Zone Sud,Agence des Collines,Guichet,5,5,Prise en charge rapide au guichet,Personnel accueillant et souriant,
13/03/2024 11:30,Zone Est,Agence de l'Horloge,Conseiller clientèle,5,5,Peu d'écoute face à ma réclamation,,Former le personnel à l'accueil des clients
13/03/2024 12:03,Zone Nord,Agence du Littoral,GAB,5,5,,,Améliorer le temps d'attente en agence
13/03/2024 14:54,Zone Ouest,Agence de la Corniche,Application mobile,4,5,Prise en charge rapide au guichet,Service rapide et efficace,
13/03/2024 15:34,Zone Nord,Agence des Dunes,Accueil,4,4,File d'attente mal organisée,Personnel accueillant et souriant,Installer plus de sièges dans la salle d'attente
13/03/2024 16:37,Zone Sud,Agence des Collines,Guichet,5,5,,Prise en charge rapide au guichet,
13/03/2024 16:40,Zone Ouest,Agence du Phare,GAB,4,3,Prise en charge rapide au guichet,,Réduire les frais de tenue de compte
13/03/2024 16:49,Zone Nord,Agence des Dunes,GAB,4,3,Agence propre et bien organisée,File d'attente mal organisée,
13/03/2024 17:34,Zone Sud,Agence des Collines,Centre d'appels,4,2,Conseiller à l'écoute du client,Temps d'attente trop long au guichet,Mettre en place un système de tickets plus clair
14/03/2024 09:27,Zone Sud,Agence des Collines,Conseiller clientèle,4,2,,,Réduire les frais de tenue de compte
14/03/2024 09:30,Zone Nord,Agence du Littoral,Centre d'appels,5,5,,,
14/03/2024 10:25,Zone Sud,Agence de la Rivière,GAB,4,4,Service rapide et efficace,Service rapide et efficace,
14/03/2024 11:03,Zone Centre,Agence du Marché,Conseiller clientèle,4,5,Prise en charge rapide au guichet,Conseiller à l'écoute du client,Réduire le temps d'attente au guichet
14/03/2024 12:17,Zone Centre,Agence de la Gare,Guichet,4,4,Très bonne orientation dès l'entrée,Agence propre et bien organisée,
14/03/2024 12:26,Zone Centre,Agence du Marché,GAB,4,5,Service rapide et efficace,,Réduire les frais de tenue de compte
14/03/2024 13:46,Zone Est,Agence de l'Horloge,Centre d'appels,3,4,,Service rapide et efficace,
14/03/2024 14:51,Zone Ouest,Agence du Phare,Guichet,4,5,Personnel accueillant et souriant,Prise en charge rapide au guichet,Ouvrir l'agence le samedi matin
14/03/2024 15:39,Zone Nord,Agence des Dunes,Conseiller clientèle,4,5,Prise en charge rapide au guichet,,
14/03/2024 16:34,Zone Nord,Agence du Littoral,GAB,5,5,Manque de personnel aux heures de pointe,Personnel accueillant et souriant,
14/03/2024 17:43,Zone Nord,Agence des Palmiers,Guichet,5,5,Service rapide et efficace,Guichet automatique souvent en panne,
15/03/2024 08:14,Zone Est,Agence des Acacias,Guichet,3,4,,,Former le personnel à l'accueil des clients
15/03/2024 09:04,Zone Centre,Agence de la Gare,Conseiller clientèle,4,3,,,
15/03/2024 09:24,Zone Est,Agence des Acacias,Accueil,5,4,Prise en charge rapide au guichet,Service rapide et efficace,Ajouter un guichet automatique dans le quartier
15/03/2024 09:54,Zone Sud,Agence de la Rivière,GAB,3,4,,Conseiller à l'écoute du client,Réduire le temps d'attente au guichet
15/03/2024 10:08,Zone Sud,Agence de la Rivière,Conseiller clientèle,4,3,,,Climatiser la salle d'attente de l'agence
15/03/2024 10:12,Zone Ouest,Agence de la Corniche,Guichet,4,4,Agence propre et bien organisée,Agence propre et bien organisée,
15/03/2024 10:59,Zone Ouest,Agence de la Corniche,Guichet,4,4,Service rapide et efficace,,
15/03/2024 11:01,Zone Centre,Agence du Parc,Application mobile,5,5,Personnel accueillant et souriant,,Proposer plus de services sur l'application mobile
15/03/2024 11:13,Zone Sud,Agence des Collines,Conseiller clientèle,4,3,Très bonne orientation dès l'entrée,,Améliorer l'application mobile de la banque
15/03/2024 11:21,Zone Ouest,Agence de la Corniche,Conseiller clientèle,5,3,,,Augmenter le personnel aux heures de pointe
15/03/2024 12:47,Zone Ouest,Agence de la Corniche,Accueil,5,3,,,Proposer plus de services sur l'application mobile
15/03/2024 14:01,Zone Est,Agence des Acacias,Application mobile,5,4,Personnel accueillant et souriant,,
15/03/2024 16:45,Zone Nord,Agence des Palmiers,GAB,5,4,,,
15/03/2024 17:53,Zone Sud,Agence de la Rivière,Centre d'appels,1,4,Peu d'écoute face à ma réclamation,Service rapide et efficace,
16/03/2024 10:04,Zone Ouest,Agence de la Corniche,Conseiller clientèle,5,3,,,Mettre en place un système de tickets plus clair
16/03/2024 10:51,Zone Sud,Agence de la Rivière,Guichet,3,4,Manque de personnel aux heures de pointe,Service rapide et efficace,Augmenter le personnel aux heures de pointe
16/03/2024 11:00,Zone Centre,Agence de la Gare,Accueil,5,4,Service rapide et efficace,Prise en charge rapide au guichet,Climatiser la salle d'attente de l'agence
18/03/2024 08:46,Zone Est,Agence des Acacias,Accueil,5,5,Conseiller à l'écoute du client,Service rapide et efficace,Augmenter le personnel aux heures de pointe
18/03/2024 10:00,Zone Nord,Agence des Palmiers,Guichet,5,3,Conseiller à l'écoute du client,Conseiller à l'écoute du client,Mettre en place un système de tickets plus clair
18/03/2024 11:10,Zone Ouest,Agence de la Corniche,GAB,5,3,,Service rapide et efficace,
18/03/2024 13:34,Zone Sud,Agence des Collines,Accueil,2,3,Guichet automatique souvent en panne,Très bonne orientation dès l'entrée,Proposer plus de services sur l'application mobile
18/03/2024 16:11,Zone Sud,Agence de la Rivière,Conseiller clientèle,5,4,,Personnel accueillant et souriant,Former le personnel à l'accueil des clients
18/03/2024 17:50,Zone Nord,Agence des Palmiers,Conseiller clientèle,5,4,Horaires d'ouverture peu pratiques,Prise en charge rapide au guichet,Ouvrir l'agence le samedi matin
19/03/2024 09:02,Zone Est,Agence des Acacias,Guichet,5,5,,Très bonne orientation dès l'entrée,
19/03/2024 09:30,Zone Nord,Agence des Palmiers,Conseiller clientèle,4,3,,,
19/03/2024 09:48,Zone Nord,Agence des Palmiers,Conseiller clientèle,5,5,Horaires d'ouverture peu pratiques,Agence propre et bien organisée,Installer plus de sièges dans la salle d'attente
19/03/2024 10:06,Zone Nord,Agence des Palmiers,Guichet,5,5,Prise en charge rapide au guichet,Très bonne orientation dès l'entrée,Mettre en place un système de tickets plus clair
19/03/2024 10:09,Zone Est,Agence du Stade,Conseiller clientèle,4,4,,Agence propre et bien organisée,Former le personnel à l'accueil des clients
19/03/2024 10:51,Zone Nord,Agence des Dunes,Guichet,5,5,Agence propre et bien organisée,Personnel accueillant et souriant,
19/03/2024 11:37,Zone Nord,Agence des Dunes,Guichet,5,4,Service rapide et efficace,Prise en charge rapide au guichet,
19/03/2024 12:07,Zone Sud,Agence des Collines,Guichet,4,5,Service rapide et efficace,Prise en charge rapide au guichet,
19/03/2024 14:45,Zone Est,Agence de l'Horloge,Conseiller clientèle,5,5,,Très bonne orientation dès l'entrée,Ouvrir l'agence le samedi matin
19/03/2024 14:50,Zone Sud,Agence des Collines,Guichet,4,2,Agence propre et bien organisée,Guichet automatique souvent en panne,
19/03/2024 17:54,Zone Sud,Agence de la Rivière,Accueil,3,4,,Personnel accueillant et souriant,Climatiser la salle d'attente de l'agence
20/03/2024 10:38,Zone Sud,Agence des Collines,GAB,5,2,Conseiller à l'écoute du client,Temps d'attente trop long au guichet,Proposer plus de services sur l'application mobile
20/03/2024 10:53,Zone Sud,Agence des Collines,GAB,4,4,,Très bonne orientation dès l'entrée,
20/03/2024 12:58,Zone Nord,Agence des Palmiers,Application mobile,5,2,Service rapide et efficace,Horaires d'ouverture peu pratiques,Proposer plus de services sur l'application mobile
20/03/2024 15:20,Zone Centre,Agence du Parc,Guichet,4,4,,Conseiller à l'écoute du client,Améliorer l'application mobile de la banque
20/03/2024 16:54,Zone Est,Agence de l'Horloge,Conseiller clientèle,4,5,Conseiller à l'écoute du client,,Mettre en place un système de tickets plus clair
21/03/2024 10:19,Zone Centre,Agence de la Gare,Centre d'appels,3,4,Personnel accueillant et souriant,,Réduire le temps d'attente au guichet
21/03/2024 10:55,Zone Ouest,Agence de la Corniche,Guichet,3,4,Très bonne orientation dès l'entrée,Personnel accueillant et souriant,
21/03/2024 12:09,Zone Est,Agence des Acacias,Conseiller clientèle,4,5,Conseiller à l'écoute du client,,Réduire les frais de tenue de compte
21/03/2024 16:59,Zone Est,Agence des Acacias,Conseiller clientèle,4,5,,Guichet automatique souvent en panne,
22/03/2024 09:13,Zone Nord,Agence du Littoral,Guichet,5,5,,,
22/03/2024 09:32,Zone Centre,Agence du Parc,Guichet,4,3,Prise en charge rapide au guichet,,
22/03/2024 10:13,Zone Est,Agence des Acacias,Guichet,5,5,Conseiller à l'écoute du client,,
22/03/2024 10:16,Zone Nord,Agence des Dunes,Conseiller clientèle,2,5,Peu d'écoute face à ma réclamation,Personnel accueillant et souriant,
22/03/2024 10:17,Zone Ouest,Agence de la Corniche,Accueil,5,3,Conseiller à l'écoute du client,Prise en charge rapide au guichet,
22/03/2024 10:23,Zone Centre,Agence de la Gare,Accueil,4,5,Très bonne orientation dès l'entrée,Prise en charge rapide au guichet,
22/03/2024 12:04,Zone Nord,Agence des Palmiers,Centre d'appels,5,5,,Personnel accueillant et souriant,Proposer plus de services sur l'application mobile
22/03/2024 12:26,Zone Nord,Agence des Dunes,GAB,5,3,Conseiller à l'écoute du client,,
22/03/2024 14:41,Zone Ouest,Agence de la Corniche,Guichet,3,3,Peu d'écoute face à ma réclamation,,Ajouter un guichet automatique dans le quartier
22/03/2024 15:21,Zone Sud,Agence de la Rivière,Conseiller clientèle,4,5,Service rapide et efficace,,
22/03/2024 16:30,Zone Nord,Agence des Palmiers,GAB,4,4,,,Installer plus de sièges dans la salle d'attente
23/03/2024 09:13,Zone Centre,Agence de la Gare,GAB,5,3,Personnel accueillant et souriant,,
23/03/2024 09:15,Zone Sud,Agence des Collines,Conseiller clientèle,4,4,,,
23/03/2024 09:38,Zone Nord,Agence du Littoral,Guichet,5,3,,,Améliorer l'application mobile de la banque
25/03/2024 08:15,Zone Nord,Agence du Littoral,GAB,4,5,Prise en charge rapide au guichet,Personnel accueillant et souriant,Ajouter un guichet automatique dans le quartier
25/03/2024 09:15,Zone Sud,Agence des Collines,Accueil,3,2,,Horaires d'ouverture peu pratiques,Améliorer l'application mobile de la banque
25/03/2024 10:47,Zone Centre,Agence de la Gare,Guichet,4,5,Personnel accueillant et souriant,Agence propre et bien organisée,Réduire le temps d'attente au guichet
25/03/2024 11:18,Zone Est,Agence de l'Horloge,Guichet,5,3,Très bonne orientation dès l'entrée,Temps d'attente trop long au guichet,Ouvrir l'agence le samedi matin
26/03/2024 08:12,Zone Sud,Agence des Collines,Centre d'appels,4,2,Prise en charge rapide au guichet,Peu d'écoute face à ma réclamation,
26/03/2024 08:34,Zone Centre,Agence du Marché,Conseiller clientèle,4,4,,Conseiller à l'écoute du client,Améliorer le temps d'attente en agence
26/03/2024 09:54,Zone Ouest,Agence de la Corniche,Centre d'appels,4,5,Agence propre et bien organisée,Agence propre et bien organisée,
26/03/2024 10:35,Zone Ouest,Agence de la Corniche,Conseiller clientèle,4,4,Service rapide et efficace,Service rapide et efficace,Ajouter un guichet automatique dans le quartier
26/03/2024 14:32,Zone Centre,Agence du Parc,Accueil,4,3,,,Installer plus de sièges dans la salle d'attente
26/03/2024 15:44,Zone Nord,Agence des Dunes,GAB,4,4,Service rapide et efficace,,Mettre en place un système de tickets plus clair
26/03/2024 15:56,Zone Centre,Agence de la Gare,Accueil,4,4,Très bonne orientation dès l'entrée,Manque de personnel aux heures de pointe,
26/03/2024 17:01,Zone Centre,Agence du Marché,GAB,4,4,Agence propre et bien organisée,,Améliorer le temps d'attente en agence
27/03/2024 08:49,Zone Sud,Agence des Collines,Guichet,4,3,Personnel accueillant et souriant,Horaires d'ouverture peu pratiques,Mettre en place un système de tickets plus clair
27/03/2024 09:47,Zone Est,Agence des Acacias,Application mobile,5,3,Agence propre et bien organisée,Temps d'attente trop long au guichet,
27/03/2024 10:03,Zone Nord,Agence du Littoral,Guichet,3,5,,Service rapide et efficace,Réduire les frais de tenue de compte
27/03/2024 10:20,Zone Centre,Agence de la Gare,Accueil,3,3,Service rapide et efficace,,
27/03/2024 12:08,Zone Ouest,Agence de la Corniche,Guichet,4,4,Prise en charge rapide au guichet,Agence propre et bien organisée,Ajouter un guichet automatique dans le quartier
27/03/2024 15:09,Zone Nord,Agence du Littoral,Application mobile,5,5,Prise en charge rapide au guichet,Prise en charge rapide au guichet,
27/03/2024 16:32,Zone Ouest,Agence de la Corniche,Guichet,4,4,Personnel accueillant et souriant,Guichet automatique souvent en panne,Former le personnel à l'accueil des clients
28/03/2024 09:09,Zone Nord,Agence des Dunes,Accueil,4,4,Personnel accueillant et souriant,Prise en charge rapide au guichet,Augmenter le personnel aux heures de pointe
28/03/2024 10:38,Zone Est,Agence du Stade,Centre d'appels,5,5,Prise en charge rapide au guichet,Agence propre et bien organisée,Réduire les frais de tenue de compte
28/03/2024 11:51,Zone Sud,Agence des Collines,Guichet,4,3,Très bonne orientation dès l'entrée,,Améliorer le temps d'attente en agence
28/03/2024 12:02,Zone Sud,Agence de la Rivière,Accueil,4,3,Très bonne orientation dès l'entrée,,
28/03/2024 13:41,Zone Est,Agence des Acacias,Accueil,3,5,,Prise en charge rapide au guichet,Ajouter un guichet automatique dans le quartier
28/03/2024 14:42,Zone Nord,Agence du Littoral,Guichet,5,4,Personnel accueillant et souriant,,Augmenter le personnel aux heures de pointe
28/03/2024 15:48,Zone Sud,Agence des Collines,Accueil,4,3,Très bonne orientation dès l'entrée,,Climatiser la salle d'attente de l'agence
28/03/2024 16:26,Zone Centre,Agence de la Gare,GAB,5,3,Très bonne orientation dès l'entrée,,Améliorer l'application mobile de la banque
28/03/2024 17:32,Zone Ouest,Agence de la Corniche,GAB,5,5,Prise en charge rapide au guichet,Conseiller à l'écoute du client,Augmenter le personnel aux heures de pointe
28/03/2024 17:46,Zone Ouest,Agence de la Corniche,Conseiller clientèle,3,4,Conseiller à l'écoute du client,,
29/03/2024 08:56,Zone Nord,Agence des Dunes,GAB,5,3,,,
29/03/2024 09:38,Zone Ouest,Agence du Phare,Guichet,4,5,Très bonne orientation dès l'entrée,,Réduire le temps d'attente au guichet
29/03/2024 10:19,Zone Centre,Agence de la Gare,Conseiller clientèle,2,4,Horaires d'ouverture peu pratiques,Conseiller à l'écoute du client,Mettre en place un système de tickets plus clair
29/03/2024 11:54,Zone Est,Agence de l'Horloge,Conseiller clientèle,3,2,,,
29/03/2024 13:00,Zone Nord,Agence des Palmiers,Guichet,4,5,Service rapide et efficace,Très bonne orientation dès l'entrée,Former le personnel à l'accueil des clients
29/03/2024 13:04,Zone Ouest,Agence de la Corniche,Conseiller clientèle,3,3,,,
30/03/2024 11:22,Zone Nord,Agence des Palmiers,Centre d'appels,5,3,Guichet automatique souvent en panne,,Améliorer le temps d'attente en agence
30/03/2024 15:02,Zone Ouest,Agence du Phare,Accueil,4,3,,Service rapide et efficace,Proposer plus de services sur l'application mobile
01/04/2024 08:24,Zone Nord,Agence des Dunes,GAB,5,3,Personnel accueillant et souriant,,
01/04/2024 08:28,Zone Ouest,Agence de la Corniche,Guichet,5,4,Conseiller à l'écoute du client,Prise en charge rapide au guichet,Proposer plus de services sur l'application mobile
01/04/2024 08:47,Zone Sud,Agence de la Rivière,Accueil,4,4,Prise en charge rapide au guichet,Conseiller à l'écoute du client,Ouvrir l'agence le samedi matin
01/04/2024 10:20,Zone Nord,Agence du Littoral,Conseiller clientèle,4,5,,Très bonne orientation dès l'entrée,Augmenter le personnel aux heures de pointe
01/04/2024 10:58,Zone Centre,Agence du Parc,Conseiller clientèle,5,5,,,Mettre en place un système de tickets plus clair
01/04/2024 11:18,Zone Nord,Agence des Dunes,Accueil,3,3,Peu d'écoute face à ma réclamation,,Mettre en place un système de tickets plus clair
01/04/2024 12:31,Zone Ouest,Agence de la Corniche,GAB,4,5,Service rapide et efficace,,
01/04/2024 15:34,Zone Est,Agence de l'Horloge,Application mobile,3,3,,Prise en charge rapide au guichet,Ouvrir l'agence le samedi matin
01/04/2024 15:43,Zone Centre,Agence du Parc,Centre d'appels,5,3,,Peu d'écoute face à ma réclamation,Climatiser la salle d'attente de l'agence
01/04/2024 16:14,Zone Est,Agence du Stade,Guichet,3,4,Temps d'attente trop long au guichet,Très bonne orientation dès l'entrée,
01/04/2024 17:17,Zone Ouest,Agence de la Corniche,Guichet,5,5,,,
02/04/2024 08:04,Zone Centre,Agence du Parc,Accueil,5,5,,Agence propre et bien organisée,
02/04/2024 09:53,Zone Sud,Agence des Collines,Accueil,3,2,,File d'attente mal organisée,
02/04/2024 11:13,Zone Sud,Agence de la Rivière,Conseiller clientèle,5,5,,,Réduire le temps d'attente au guichet
02/04/2024 11:32,Zone Nord,Agence des Dunes,Conseiller clientèle,5,4,Prise en charge rapide au guichet,Agence propre et bien organisée,Climatiser la salle d'attente de l'agence
02/04/2024 14:26,Zone Centre,Agence du Parc,Accueil,4,4,,Horaires d'ouverture peu pratiques,Former le personnel à l'accueil des clients
02/04/2024 15:16,Zone Est,Agence de l'Horloge,Application mobile,4,4,File d'attente mal organisée,Personnel accueillant et souriant,
02/04/2024 15:31,Zone Nord,Agence du Littoral,Application mobile,5,5,Très bonne orientation dès l'entrée,Service rapide et efficace,Mettre en place un système de tickets plus clair
02/04/2024 17:20,Zone Nord,Agence des Palmiers,Application mobile,4,4,,Personnel accueillant et souriant,Proposer plus de services sur l'application mobile
03/04/2024 08:38,Zone Nord,Agence des Dunes,GAB,5,4,Prise en charge rapide au guichet,Très bonne orientation dès l'entrée,
03/04/2024 09:01,Zone Sud,Agence des Collines,Conseiller clientèle,4,4,,Guichet automatique souvent en panne,Ajouter un guichet automatique dans le quartier
03/04/2024 09:16,Zone Est,Agence de l'Horloge,Guichet,5,4,Prise en charge rapide au guichet,Personnel accueillant et souriant,
03/04/2024 11:05,Zone Est,Agence de l'Horloge,Application mobile,5,3,Guichet automatique souvent en panne,,Réduire les frais de tenue de compte
03/04/2024 11:26,Zone Centre,Agence du Parc,Centre d'appels,3,4,,Personnel accueillant et souriant,Réduire le temps d'attente au guichet
03/04/2024 11:51,Zone Nord,Agence des Dunes,Conseiller clientèle,3,2,,Guichet automatique souvent en panne,Climatiser la salle d'attente de l'agence
03/04/2024 15:20,Zone Nord,Agence des Palmiers,Guichet,5,5,Très bonne orientation dès l'entrée,Très bonne orientation dès l'entrée,
03/04/2024 16:13,Zone Ouest,Agence de la Corniche,Guichet,4,4,,Service rapide et efficace,
04/04/2024 08:55,Zone Ouest,Agence de la Corniche,Accueil,3,3,,,
04/04/2024 09:02,Zone Est,Agence des Acacias,Conseiller clientèle,3,4,,Prise en charge rapide au guichet,
04/04/2024 09:37,Zone Nord,Agence des Palmiers,Guichet,3,4,Conseiller à l'écoute du client,Très bonne orientation dès l'entrée,Ouvrir l'agence le samedi matin
04/04/2024 11:34,Zone Nord,Agence des Palmiers,Guichet,4,4,Prise en charge rapide au guichet,Service rapide et efficace,Former le personnel à l'accueil des clients
04/04/2024 16:49,Zone Nord,Agence du Littoral,Centre d'appels,4,5,,Agence propre et bien organisée,
05/04/2024 09:24,Zone Ouest,Agence de la Corniche,Centre d'appels,4,3,Personnel accueillant et souriant,Personnel accueillant et souriant,
05/04/2024 13:13,Zone Centre,Agence de la Gare,Conseiller clientèle,4,5,,Service rapide et efficace,
05/04/2024 13:44,Zone Centre,Agence du Marché,Application mobile,5,3,Prise en charge rapide au guichet,Personnel accueillant et souriant,Améliorer l'application mobile de la banque
05/04/2024 14:17,Zone Est,Agence des Acacias,Guichet,5,3,Agence propre et bien organisée,Guichet automatique souvent en panne,
05/04/2024 14:30,Zone Centre,Agence du Marché,Guichet,2,4,Peu d'écoute face à ma réclamation,Conseiller à l'écoute du client,
05/04/2024 15:59,Zone Ouest,Agence de la Corniche,Conseiller clientèle,4,4,,Personnel accueillant et souriant,Améliorer le temps d'attente en agence
06/04/2024 10:47,Zone Est,Agence des Acacias,Accueil,5,3,Temps d'attente trop long au guichet,,Proposer plus de services sur l'application mobile
06/04/2024 10:57,Zone Est,Agence des Acacias,GAB,3,3,,Horaires d'ouverture peu pratiques,Ajouter un guichet automatique dans le quartier
06/04/2024 11:09,Zone Nord,Agence des Palmiers,Accueil,5,4,,Très bonne orientation dès l'entrée,Climatiser la salle d'attente de l'agence
06/04/2024 11:53,Zone Sud,Agence de la Rivière,Application mobile,4,5,Manque de personnel aux heures de pointe,,
06/04/2024 12:05,Zone Centre,Agence de la Gare,Application mobile,4,5,,,Mettre en place un système de tickets plus clair
06/04/2024 13:03,Zone Centre,Agence de la Gare,Centre d'appels,5,3,Très bonne orientation dès l'entrée,,Climatiser la salle d'attente de l'agence
06/04/2024 15:18,Zone Nord,Agence des Dunes,Application mobile,3,3,,Agence propre et bien organisée,Mettre en place un système de tickets plus clair
08/04/2024 08:58,Zone Nord,Agence du Littoral,Conseiller clientèle,4,5,Prise en charge rapide au guichet,Agence propre et bien organisée,Améliorer le temps d'attente en agence
08/04/2024 09:45,Zone Nord,Agence du Littoral,Accueil,5,4,,,Proposer plus de services sur l'application mobile
08/04/2024 11:07,Zone Ouest,Agence de la Corniche,Guichet,4,4,Très bonne orientation dès l'entrée,,Réduire le temps d'attente au guichet
08/04/2024 12:13,Zone Centre,Agence du Marché,Application mobile,5,5,Personnel accueillant et souriant,,Améliorer l'application mobile de la banque
08/04/2024 12:14,Zone Centre,Agence du Parc,Accueil,3,3,,,
08/04/2024 14:18,Zone Centre,Agence de la Gare,Accueil,5,2,Prise en charge rapide au guichet,Peu d'écoute face à ma réclamation,Réduire les frais de tenue de compte
08/04/2024 14:42,Zone Ouest,Agence de la Corniche,Centre d'appels,4,5,Personnel accueillant et souriant,Conseiller à l'écoute du client,Climatiser la salle d'attente de l'agence
08/04/2024 15:17,Zone Sud,Agence des Collines,Accueil,4,4,Conseiller à l'écoute du client,,
08/04/2024 16:15,Zone Nord,Agence des Palmiers,Guichet,4,4,Prise en charge rapide au guichet,,
08/04/2024 17:04,Zone Nord,Agence des Palmiers,Guichet,3,3,Personnel accueillant et souriant,,
09/04/2024 08:55,Zone Ouest,Agence de la Corniche,Accueil,3,4,Prise en charge rapide au guichet,Conseiller à l'écoute du client,
09/04/2024 12:21,Zone Centre,Agence du Marché,Accueil,4,4,,Agence propre et bien organisée,Améliorer le temps d'attente en agence
09/04/2024 15:04,Zone Est,Agence du Stade,Conseiller clientèle,4,4,Horaires d'ouverture peu pratiques,Service rapide et efficace,Améliorer le temps d'attente en agence
10/04/2024 09:56,Zone Sud,Agence de la Rivière,Conseiller clientèle,5,4,Agence propre et bien organisée,Conseiller à l'écoute du client,Augmenter le personnel aux heures de pointe
10/04/2024 10:29,Zone Est,Agence des Acacias,Application mobile,4,5,Prise en charge rapide au guichet,,Mettre en place un système de tickets plus clair
10/04/2024 10:31,Zone Est,Agence des Acacias,Conseiller clientèle,5,5,Agence propre et bien organisée,Agence propre et bien organisée,Ouvrir l'agence le samedi matin
10/04/2024 11:22,Zone Ouest,Agence de la Corniche,Guichet,3,5,,Très bonne orientation dès l'entrée,Réduire les frais de tenue de compte
10/04/2024 12:57,Zone Nord,Agence des Dunes,Guichet,4,5,Agence propre et bien organisée,Prise en charge rapide au guichet,Améliorer l'application mobile de la banque
10/04/2024 13:06,Zone Est,Agence des Acacias,Application mobile,5,5,,,Climatiser la salle d'attente de l'agence
10/04/2024 15:47,Zone Est,Agence de l'Horloge,GAB,5,3,Très bonne orientation dès l'entrée,Conseiller à l'écoute du client,Installer plus de sièges dans la salle d'attente
11/04/2024 10:06,Zone Centre,Agence de la Gare,GAB,4,5,,,Ajouter un guichet automatique dans le quartier
11/04/2024 11:29,Zone Sud,Agence des Collines,Centre d'appels,3,4,,Prise en charge rapide au guichet,Améliorer l'application mobile de la banque
11/04/2024 12:42,Zone Est,Agence du Stade,Accueil,4,4,Service rapide et efficace,Prise en charge rapide au guichet,
11/04/2024 13:01,Zone Nord,Agence des Dunes,GAB,3,4,,Agence propre et bien organisée,
11/04/2024 14:06,Zone Sud,Agence des Collines,Conseiller clientèle,4,4,Agence propre et bien organisée,Personnel accueillant et souriant,Améliorer le temps d'attente en agence
11/04/2024 14:59,Zone Centre,Agence de la Gare,Conseiller clientèle,5,5,Personnel accueillant et souriant,Agence propre et bien organisée,
12/04/2024 08:10,Zone Centre,Agence du Parc,GAB,5,2,,Temps d'attente trop long au guichet,
12/04/2024 11:04,Zone Ouest,Agence du Phare,Guichet,5,3,Service rapide et efficace,,
12/04/2024 11:38,Zone Nord,Agence des Palmiers,Guichet,4,3,,,Ouvrir l'agence le samedi matin
12/04/2024 13:58,Zone Est,Agence de l'Horloge,GAB,3,4,,,Améliorer le temps d'attente en agence
12/04/2024 14:39,Zone Est,Agence du Stade,Centre d'appels,4,4,Conseiller à l'écoute du client,,Améliorer le temps d'attente en agence
12/04/2024 14:43,Zone Ouest,Agence du Phare,Accueil,4,3,Très bonne orientation dès l'entrée,,Ouvrir l'agence le samedi matin
12/04/2024 16:48,Zone Sud,Agence des Collines,GAB,3,4,,Conseiller à l'écoute du client,Réduire les frais de tenue de compte
13/04/2024 09:09,Zone Sud,Agence des Collines,Conseiller clientèle,3,5,Très bonne orientation dès l'entrée,Conseiller à l'écoute du client,
13/04/2024 09:12,Zone Centre,Agence du Parc,Accueil,5,4,Très bonne orientation dès l'entrée,Conseiller à l'écoute du client,
13/04/2024 09:30,Zone Est,Agence des Acacias,Application mobile,5,5,Conseiller à l'écoute du client,Conseiller à l'écoute du client,
13/04/2024 09:34,Zone Est,Agence du Stade,Centre d'appels,5,5,Agence propre et bien organisée,Prise en charge rapide au guichet,
13/04/2024 15:59,Zone Est,Agence du Stade,Application mobile,3,5,,Personnel accueillant et souriant,
13/04/2024 17:47,Zone Nord,Agence des Palmiers,GAB,5,5,Personnel accueillant et souriant,Service rapide et efficace,Ajouter un guichet automatique dans le quartier
15/04/2024 08:44,Zone Centre,Agence de la Gare,Accueil,4,4,Conseiller à l'écoute du client,Personnel accueillant et souriant,Installer plus de sièges dans la salle d'attente
15/04/2024 12:07,Zone Nord,Agence des Dunes,GAB,3,3,,,
15/04/2024 14:03,Zone Est,Agence de l'Horloge,Guichet,5,5,Très bonne orientation dès l'entrée,,
15/04/2024 15:21,Zone Sud,Agence de la Rivière,Guichet,5,3,,,
15/04/2024 15:23,Zone Sud,Agence de la Rivière,Accueil,3,5,,Agence propre et bien organisée,Réduire les frais de tenue de compte
15/04/2024 16:38,Zone Est,Agence des Acacias,Guichet,4,5,,Personnel accueillant et souriant,
15/04/2024 17:51,Zone Centre,Agence du Parc,Guichet,4,5,Personnel accueillant et souriant,,Améliorer l'application mobile de la banque
16/04/2024 08:12,Zone Ouest,Agence du Phare,Application mobile,3,3,Conseiller à l'écoute du client,,
16/04/2024 08:31,Zone Nord,Agence des Palmiers,Guichet,4,3,Personnel accueillant et souriant,,Augmenter le personnel aux heures de pointe
16/04/2024 08:47,Zone Nord,Agence des Dunes,GAB,4,3,Très bonne orientation dès l'entrée,,Former le personnel à l'accueil des clients
16/04/2024 09:09,Zone Sud,Agence des Collines,Accueil,3,4,,Agence propre et bien organisée,Proposer plus de services sur l'application mobile
16/04/2024 09:25,Zone Sud,Agence des Collines,Accueil,3,3,,,Proposer plus de services sur l'application mobile
16/04/2024 09:32,Zone Ouest,Agence du Phare,Guichet,4,5,Prise en charge rapide au guichet,Prise en charge rapide au guichet,Améliorer le temps d'attente en agence
16/04/2024 09:50,Zone Est,Agence de l'Horloge,GAB,4,5,Conseiller à l'écoute du client,Très bonne orientation dès l'entrée,
16/04/2024 10:30,Zone Centre,Agence du Parc,Accueil,3,3,,Prise en charge rapide au guichet,
16/04/2024 10:39,Zone Nord,Agence des Palmiers,Accueil,4,4,Guichet automatique souvent en panne,,Augmenter le personnel aux heures de pointe
16/04/2024 10:51,Zone Est,Agence du Stade,Guichet,5,3,,,Améliorer l'application mobile de la banque
16/04/2024 11:16,Zone Sud,Agence de la Rivière,Conseiller clientèle,5,4,Conseiller à l'écoute du client,Service rapide et efficace,Climatiser la salle d'attente de l'agence
16/04/2024 12:04,Zone Centre,Agence du Marché,Conseiller clientèle,2,4,Horaires d'ouverture peu pratiques,Personnel accueillant et souriant,Ajouter un guichet automatique dans le quartier
16/04/2024 12:08,Zone Nord,Agence des Palmiers,GAB,5,2,Conseiller à l'écoute du client,Peu d'écoute face à ma réclamation,Réduire le temps d'attente au guichet
16/04/2024 13:41,Zone Est,Agence des Acacias,Guichet,3,5,,Personnel accueillant et souriant,
16/04/2024 16:48,Zone Centre,Agence de la Gare,Accueil,3,4,,,Proposer plus de services sur l'application mobile
17/04/2024 08:51,Zone Est,Agence des Acacias,Accueil,5,5,,Très bonne orientation dès l'entrée,
17/04/2024 09:04,Zone Est,Agence de l'Horloge,GAB,5,3,Manque de personnel aux heures de pointe,,
17/04/2024 10:17,Zone Ouest,Agence du Phare,Conseiller clientèle,3,5,,Conseiller à l'écoute du client,Améliorer l'application mobile de la banque
17/04/2024 10:54,Zone Sud,Agence des Collines,Guichet,5,3,Personnel accueillant et souriant,File d'attente mal organisée,Climatiser la salle d'attente de l'agence
17/04/2024 11:14,Zone Ouest,Agence du Phare,GAB,5,3,Service rapide et efficace,,
17/04/2024 13:19,Zone Est,Agence des Acacias,Guichet,4,5,Peu d'écoute face à ma réclamation,,Proposer plus de services sur l'application mobile
17/04/2024 13:33,Zone Nord,Agence des Dunes,Guichet,3,4,,,
17/04/2024 14:31,Zone Nord,Agence du Littoral,Accueil,4,5,File d'attente mal organisée,Personnel accueillant et souriant,Climatiser la salle d'attente de l'agence
17/04/2024 15:44,Zone Sud,Agence de la Rivière,Application mobile,5,2,Service rapide et efficace,Peu d'écoute face à ma réclamation,Améliorer le temps d'attente en agence
17/04/2024 15:56,Zone Centre,Agence du Parc,Application mobile,5,5,Personnel accueillant et souriant,Service rapide et efficace,Ouvrir l'agence le samedi matin
17/04/2024 17:07,Zone Nord,Agence des Palmiers,Guichet,5,4,Personnel accueillant et souriant,Prise en charge rapide au guichet,Ouvrir l'agence le samedi matin
17/04/2024 17:13,Zone Centre,Agence du Parc,Guichet,4,3,Personnel accueillant et souriant,,Réduire le temps d'attente au guichet
18/04/2024 09:55,Zone Est,Agence du Stade,Centre d'appels,3,1,,Service rapide et efficace,
18/04/2024 10:23,Zone Ouest,Agence du Phare,Application mobile,3,4,,Prise en charge rapide au guichet,
18/04/2024 10:53,Zone Nord,Agence des Palmiers,Conseiller clientèle,5,4,Service rapide et efficace,Agence propre et bien organisée,Former le personnel à l'accueil des clients
18/04/2024 11:20,Zone Nord,Agence du Littoral,GAB,3,4,,,
18/04/2024 11:27,Zone Nord,Agence des Palmiers,Conseiller clientèle,4,5,Agence propre et bien organisée,,Climatiser la salle d'attente de l'agence
18/04/2024 11:52,Zone Est,Agence de l'Horloge,Centre d'appels,5,4,Service rapide et efficace,Agence propre et bien organisée,
18/04/2024 12:01,Zone Nord,Agence des Palmiers,Conseiller clientèle,4,4,Prise en charge rapide au guichet,Service rapide et efficace,Augmenter le personnel aux heures de pointe
18/04/2024 14:41,Zone Sud,Agence des Collines,Guichet,5,4,Manque de personnel aux heures de pointe,Agence propre et bien organisée,
19/04/2024 10:27,Zone Est,Agence de l'Horloge,Centre d'appels,5,4,Agence propre et bien organisée,Agence propre et bien organisée,
19/04/2024 11:30,Zone Centre,Agence de la Gare,Guichet,4,2,Service rapide et efficace,,Installer plus de sièges dans la salle d'attente
19/04/2024 15:09,Zone Centre,Agence de la Gare,Guichet,5,5,Prise en charge rapide au guichet,Prise en charge rapide au guichet,
19/04/2024 15:14,Zone Sud,Agence de la Rivière,Conseiller clientèle,4,4,,Service rapide et efficace,Former le personnel à l'accueil des clients
19/04/2024 15:34,Zone Centre,Agence du Parc,Centre d'appels,5,4,Prise en charge rapide au guichet,Service rapide et efficace,
19/04/2024 16:03,Zone Centre,Agence du Parc,Centre d'appels,5,5,Prise en charge rapide au guichet,Conseiller à l'écoute du client,
19/04/2024 16:40,Zone Ouest,Agence de la Corniche,Accueil,4,3,Conseiller à l'écoute du client,,Réduire le temps d'attente au guichet
20/04/2024 09:49,Zone Nord,Agence du Littoral,Conseiller clientèle,5,5,Service rapide et efficace,Personnel accueillant et souriant,
20/04/2024 12:15,Zone Est,Agence des Acacias,Guichet,5,4,Peu d'écoute face à ma réclamation,,Ouvrir l'agence le samedi matin
20/04/2024 14:25,Zone Sud,Agence des Collines,Guichet,4,4,Personnel accueillant et souriant,,
20/04/2024 15:37,Zone Est,Agence des Acacias,Application mobile,4,5,Conseiller à l'écoute du client,Conseiller à l'écoute du client,Augmenter le personnel aux heures de pointe
22/04/2024 09:20,Zone Est,Agence des Acacias,Guichet,4,5,Personnel accueillant et souriant,Très bonne orientation dès l'entrée,
22/04/2024 10:16,Zone Ouest,Agence de la Corniche,Guichet,5,3,Très bonne orientation dès l'entrée,,Améliorer le temps d'attente en agence
22/04/2024 11:15,Zone Centre,Agence du Parc,Guichet,4,5,,,
22/04/2024 11:45,Zone Sud,Agence de la Rivière,Centre d'appels,2,2,Temps d'attente trop long au guichet,Manque de personnel aux heures de pointe,
22/04/2024 12:07,Zone Ouest,Agence de la Corniche,Accueil,5,3,,Conseiller à l'écoute du client,Réduire les frais de tenue de compte
22/04/2024 14:04,Zone Centre,Agence de la Gare,Guichet,4,5,Prise en charge rapide au guichet,Service rapide et efficace,Former le personnel à l'accueil des clients
22/04/2024 15:59,Zone Est,Agence des Acacias,Conseiller clientèle,5,4,Prise en charge rapide au guichet,,
23/04/2024 09:20,Zone Est,Agence de l'Horloge,GAB,5,5,Prise en charge rapide au guichet,,Ouvrir l'agence le samedi matin
23/04/2024 09:51,Zone Nord,Agence des Palmiers,Guichet,4,4,Personnel accueillant et souriant,Conseiller à l'écoute du client,
23/04/2024 09:55,Zone Centre,Agence du Parc,Application mobile,4,5,,Très bonne orientation dès l'entrée,Améliorer le temps d'attente en agence
23/04/2024 12:40,Zone Ouest,Agence de la Corniche,Conseiller clientèle,3,4,,,Mettre en place un système de tickets plus clair
23/04/2024 14:02,Zone Sud,Agence des Collines,Application mobile,3,5,Prise en charge rapide au guichet,Peu d'écoute face à ma réclamation,
23/04/2024 16:21,Zone Sud,Agence des Collines,Conseiller clientèle,4,3,Peu d'écoute face à ma réclamation,,Climatiser la salle d'attente de l'agence
23/04/2024 17:36,Zone Est,Agence de l'Horloge,Accueil,4,2,,Peu d'écoute face à ma réclamation,Installer plus de sièges dans la salle d'attente
24/04/2024 08:37,Zone Est,Agence des Acacias,GAB,4,5,,,Ajouter un guichet automatique dans le quartier
24/04/2024 08:41,Zone Ouest,Agence de la Corniche,GAB,2,4,Manque de personnel aux heures de pointe,Prise en charge rapide au guichet,Installer plus de sièges dans la salle d'attente
24/04/2024 09:09,Zone Est,Agence du Stade,Conseiller clientèle,3,4,Très bonne orientation dès l'entrée,Conseiller à l'écoute du client,
24/04/2024 10:38,Zone Sud,Agence des Collines,Conseiller clientèle,3,3,,,Ajouter un guichet automatique dans le quartier
24/04/2024 11:42,Zone Est,Agence du Stade,Guichet,5,5,Personnel accueillant et souriant,,
24/04/2024 12:15,Zone Est,Agence des Acacias,Accueil,5,5,,,
25/04/2024 09:06,Zone Nord,Agence des Dunes,Guichet,2,5,Temps d'attente trop long au guichet,Service rapide et efficace,Améliorer le temps d'attente en agence
25/04/2024 09:37,Zone Centre,Agence de la Gare,Application mobile,4,5,Prise en charge rapide au guichet,Très bonne orientation dès l'entrée,
25/04/2024 10:11,Zone Est,Agence des Acacias,Accueil,3,3,,,Ajouter un guichet automatique dans le quartier
25/04/2024 11:19,Zone Est,Agence de l'Horloge,Accueil,5,5,,,Réduire le temps d'attente au guichet
25/04/2024 12:16,Zone Ouest,Agence de la Corniche,Guichet,4,4,,Personnel accueillant et souriant,Réduire le temps d'attente au guichet
25/04/2024 14:52,Zone Nord,Agence des Dunes,GAB,4,2,,Manque de personnel aux heures de pointe,
25/04/2024 15:09,Zone Sud,Agence de la Rivière,Conseiller clientèle,4,4,Conseiller à l'écoute du client,,
25/04/2024 15:24,Zone Est,Agence du Stade,Guichet,5,2,Personnel accueillant et souriant,File d'attente mal organisée,
25/04/2024 15:51,Zone Est,Agence des Acacias,Accueil,3,5,,Agence propre et bien organisée,Mettre en place un système de tickets plus clair
25/04/2024 17:45,Zone Est,Agence de l'Horloge,Accueil,4,5,Prise en charge rapide au guichet,Agence propre et bien organisée,Réduire les frais de tenue de compte
26/04/2024 08:01,Zone Sud,Agence des Collines,Centre d'appels,3,4,,,Climatiser la salle d'attente de l'agence
26/04/2024 09:43,Zone Est,Agence du Stade,Guichet,4,5,Service rapide et efficace,Très bonne orientation dès l'entrée,
26/04/2024 10:30,Zone Est,Agence du Stade,Guichet,4,3,Service rapide et efficace,Horaires d'ouverture peu pratiques,
26/04/2024 11:12,Zone Centre,Agence du Parc,GAB,5,4,,,
26/04/2024 12:44,Zone Centre,Agence du Marché,Guichet,3,4,,,
27/04/2024 09:49,Zone Est,Agence de l'Horloge,Guichet,4,4,,Service rapide et efficace,Améliorer le temps d'attente en agence
27/04/2024 11:30,Zone Sud,Agence de la Rivière,Application mobile,5,4,Prise en charge rapide au guichet,,Proposer plus de services sur l'application mobile
27/04/2024 12:10,Zone Ouest,Agence de la Corniche,Accueil,4,3,Agence propre et bien organisée,,
27/04/2024 14:35,Zone Sud,Agence de la Rivière,Guichet,3,5,Agence propre et bien organisée,,
27/04/2024 16:35,Zone Ouest,Agence de la Corniche,Conseiller clientèle,3,3,Temps d'attente trop long au guichet,,
27/04/2024 16:55,Zone Nord,Agence des Palmiers,GAB,5,4,,Prise en charge rapide au guichet,Augmenter le personnel aux heures de pointe
29/04/2024 10:36,Zone Est,Agence du Stade,Application mobile,4,4,Manque de personnel aux heures de pointe,Conseiller à l'écoute du client,Réduire le temps d'attente au guichet
29/04/2024 11:16,Zone Est,Agence des Acacias,Application mobile,5,5,Horaires d'ouverture peu pratiques,Conseiller à l'écoute du client,
29/04/2024 11:47,Zone Sud,Agence de la Rivière,Centre d'appels,3,5,,Agence propre et bien organisée,
29/04/2024 12:34,Zone Est,Agence de l'Horloge,Guichet,2,3,Manque de personnel aux heures de pointe,,Améliorer le temps d'attente en agence
29/04/2024 12:51,Zone Est,Agence du Stade,Guichet,3,5,Horaires d'ouverture peu pratiques,Agence propre et bien organisée,Augmenter le personnel aux heures de pointe
29/04/2024 14:31,Zone Nord,Agence des Dunes,Guichet,5,2,Conseiller à l'écoute du client,Guichet automatique souvent en panne,Améliorer le temps d'attente en agence
29/04/2024 14:54,Zone Nord,Agence du Littoral,Guichet,5,3,Prise en charge rapide au guichet,,Ajouter un guichet automatique dans le quartier
29/04/2024 15:27,Zone Centre,Agence de la Gare,Guichet,4,4,Conseiller à l'écoute du client,Service rapide et efficace,
29/04/2024 16:03,Zone Ouest,Agence de la Corniche,Conseiller clientèle,3,4,,Personnel accueillant et souriant,Ajouter un guichet automatique dans le quartier
29/04/2024 16:55,Zone Centre,Agence du Parc,Conseiller clientèle,5,5,Conseiller à l'écoute du client,Très bonne orientation dès l'entrée,
30/04/2024 08:50,Zone Sud,Agence des Collines,Centre d'appels,4,2,,File d'attente mal organisée,Réduire les frais de tenue de compte
30/04/2024 09:10,Zone Nord,Agence des Palmiers,Accueil,4,4,Très bonne orientation dès l'entrée,Service rapide et efficace,
30/04/2024 11:26,Zone Est,Agence du Stade,Conseiller clientèle,5,4,Prise en charge rapide au guichet,Service rapide et efficace,Augmenter le personnel aux heures de pointe
30/04/2024 11:38,Zone Est,Agence de l'Horloge,Centre d'appels,4,3,Conseiller à l'écoute du client,,Ouvrir l'agence le samedi matin
30/04/2024 14:12,Zone Nord,Agence des Dunes,Conseiller clientèle,4,3,Personnel accueillant et souriant,,
30/04/2024 14:54,Zone Centre,Agence du Parc,Centre d'appels,4,3,Service rapide et efficace,,
30/04/2024 15:22,Zone Nord,Agence du Littoral,Accueil,5,3,,,
01/05/2024 10:05,Zone Centre,Agence du Marché,GAB,5,2,Personnel accueillant et souriant,Guichet automatique souvent en panne,
01/05/2024 12:12,Zone Est,Agence des Acacias,Accueil,5,4,,Prise en charge rapide au guichet,Proposer plus de services sur l'application mobile
01/05/2024 13:26,Zone Ouest,Agence du Phare,Centre d'appels,2,4,Temps d'attente trop long au guichet,,
01/05/2024 15:12,Zone Centre,Agence de la Gare,Application mobile,5,4,Prise en charge rapide au guichet,,
01/05/2024 16:06,Zone Est,Agence des Acacias,Guichet,5,5,Agence propre et bien organisée,,
02/05/2024 08:40,Zone Sud,Agence de la Rivière,Accueil,3,4,,,
02/05/2024 09:07,Zone Nord,Agence des Palmiers,Conseiller clientèle,5,3,Prise en charge rapide au guichet,Conseiller à l'écoute du client,
02/05/2024 09:12,Zone Nord,Agence du Littoral,Application mobile,4,4,,Personnel accueillant et souriant,
02/05/2024 10:11,Zone Ouest,Agence de la Corniche,Accueil,4,3,Service rapide et efficace,,
02/05/2024 13:20,Zone Est,Agence de l'Horloge,Accueil,3,3,Manque de personnel aux heures de pointe,,Améliorer l'application mobile de la banque
03/05/2024 10:34,Zone Est,Agence de l'Horloge,Conseiller clientèle,4,2,Service rapide et efficace,Guichet automatique souvent en panne,
03/05/2024 13:16,Zone Est,Agence du Stade,Guichet,3,5,,Conseiller à l'écoute du client,
03/05/2024 15:31,Zone Est,Agence de l'Horloge,Guichet,4,5,,,
03/05/2024 16:18,Zone Centre,Agence de la Gare,Conseiller clientèle,5,5,Service rapide et efficace,Service rapide et efficace,Réduire le temps d'attente au guichet
04/05/2024 11:28,Zone Ouest,Agence du Phare,GAB,5,2,,File d'attente mal organisée,Ajouter un guichet automatique dans le quartier
04/05/2024 14:39,Zone Ouest,Agence du Phare,GAB,4,3,Service rapide et efficace,,
06/05/2024 08:39,Zone Sud,Agence de la Rivière,Guichet,4,4,Conseiller à l'écoute du client,Agence propre et bien organisée,Former le personnel à l'accueil des clients
06/05/2024 10:38,Zone Ouest,Agence de la Corniche,Conseiller clientèle,4,2,Agence propre et bien organisée,File d'attente mal organisée,
06/05/2024 13:26,Zone Centre,Agence du Marché,Guichet,4,4,Agence propre et bien organisée,Très bonne orientation dès l'entrée,Proposer plus de services sur l'application mobile
06/05/2024 14:24,Zone Nord,Agence du Littoral,Accueil,5,5,Personnel accueillant et souriant,Service rapide et efficace,
06/05/2024 15:51,Zone Est,Agence du Stade,Accueil,5,4,Guichet automatique souvent en panne,Prise en charge rapide au guichet,
06/05/2024 16:11,Zone Ouest,Agence de la Corniche,Conseiller clientèle,5,4,Horaires d'ouverture peu pratiques,Prise en charge rapide au guichet,
07/05/2024 09:20,Zone Nord,Agence des Palmiers,GAB,4,4,,Très bonne orientation dès l'entrée,Ouvrir l'agence le samedi matin
07/05/2024 09:38,Zone Sud,Agence des Collines,Conseiller clientèle,4,3,Prise en charge rapide au guichet,,
07/05/2024 09:58,Zone Sud,Agence des Collines,Conseiller clientèle,4,3,Conseiller à l'écoute du client,Service rapide et efficace,Réduire le temps d'attente au guichet
07/05/2024 11:14,Zone Est,Agence des Acacias,Conseiller clientèle,4,5,Très bonne orientation dès l'entrée,Service rapide et efficace,Former le personnel à l'accueil des clients
07/05/2024 12:33,Zone Est,Agence des Acacias,Guichet,4,4,,,
07/05/2024 13:13,Zone Est,Agence des Acacias,Guichet,5,2,,Peu d'écoute face à ma réclamation,Augmenter le personnel aux heures de pointe
07/05/2024 14:43,Zone Sud,Agence de la Rivière,Accueil,3,5,Manque de personnel aux heures de pointe,,
07/05/2024 15:02,Zone Ouest,Agence du Phare,GAB,4,4,,Très bonne orientation dès l'entrée,
08/05/2024 08:46,Zone Ouest,Agence de la Corniche,Application mobile,4,4,Personnel accueillant et souriant,,
08/05/2024 10:00,Zone Est,Agence des Acacias,Centre d'appels,5,5,Conseiller à l'écoute du client,,Réduire les frais de tenue de compte
08/05/2024 10:23,Zone Nord,Agence des Palmiers,Application mobile,4,5,Prise en charge rapide au guichet,Agence propre et bien organisée,Réduire les frais de tenue de compte
08/05/2024 10:54,Zone Centre,Agence du Parc,Conseiller clientèle,3,3,,,
08/05/2024 11:32,Zone Sud,Agence des Collines,GAB,3,3,Manque de personnel aux heures de pointe,,
09/05/2024 14:15,Zone Ouest,Agence du Phare,Guichet,4,3,Conseiller à l'écoute du client,,
09/05/2024 14:49,Zone Nord,Agence des Dunes,GAB,4,4,Très bonne orientation dès l'entrée,Très bonne orientation dès l'entrée,Ouvrir l'agence le samedi matin
09/05/2024 14:54,Zone Est,Agence de l'Horloge,Guichet,4,2,,,Réduire les frais de tenue de compte
09/05/2024 15:03,Zone Centre,Agence de la Gare,Accueil,4,4,,,
09/05/2024 15:21,Zone Est,Agence de l'Horloge,Conseiller clientèle,5,5,Guichet automatique souvent en panne,,
09/05/2024 16:06,Zone Centre,Agence du Parc,Guichet,5,4,Service rapide et efficace,Très bonne orientation dès l'entrée,
09/05/2024 16:51,Zone Est,Agence du Stade,Conseiller clientèle,3,4,,,Proposer plus de services sur l'application mobile
09/05/2024 17:59,Zone Centre,Agence de la Gare,Conseiller clientèle,3,4,,Agence propre et bien organisée,
10/05/2024 09:00,Zone Est,Agence des Acacias,Centre d'appels,5,5,,Très bonne orientation dès l'entrée,
10/05/2024 09:05,Zone Centre,Agence du Marché,Application mobile,4,3,,,Ouvrir l'agence le samedi matin
10/05/2024 13:00,Zone Est,Agence des Acacias,Conseiller clientèle,5,3,Agence propre et bien organisée,,
10/05/2024 15:19,Zone Centre,Agence du Parc,GAB,5,5,Conseiller à l'écoute du client,Très bonne orientation dès l'entrée,Mettre en place un système de tickets plus clair
10/05/2024 16:47,Zone Sud,Agence des Collines,Application mobile,4,2,,Manque de personnel aux heures de pointe,
11/05/2024 08:47,Zone Nord,Agence des Dunes,GAB,4,3,,,
11/05/2024 09:25,Zone Centre,Agence du Parc,Conseiller clientèle,4,4,,,Améliorer le temps d'attente en agence
11/05/2024 10:00,Zone Nord,Agence des Dunes,Centre d'appels,3,3,Service rapide et efficace,,Améliorer l'application mobile de la banque
11/05/2024 10:20,Zone Nord,Agence des Dunes,Guichet,5,5,Service rapide et efficace,,
11/05/2024 11:52,Zone Nord,Agence des Dunes,Guichet,4,4,Personnel accueillant et souriant,Prise en charge rapide au guichet,
11/05/2024 13:14,Zone Ouest,Agence de la Corniche,GAB,4,5,Très bonne orientation dès l'entrée,Service rapide et efficace,
13/05/2024 08:08,Zone Centre,Agence du Parc,GAB,5,5,,Conseiller à l'écoute du client,Réduire les frais de tenue de compte
13/05/2024 08:33,Zone Nord,Agence du Littoral,Accueil,4,5,Service rapide et efficace,Personnel accueillant et souriant,Mettre en place un système de tickets plus clair
13/05/2024 10:25,Zone Centre,Agence de la Gare,Application mobile,3,5,,Personnel accueillant et souriant,
13/05/2024 10:42,Zone Nord,Agence du Littoral,Accueil,5,5,Prise en charge rapide au guichet,Conseiller à l'écoute du client,
13/05/2024 10:54,Zone Ouest,Agence de la Corniche,Conseiller clientèle,5,3,,,Réduire le temps d'attente au guichet
13/05/2024 12:11,Zone Est,Agence des Acacias,Accueil,5,4,Conseiller à l'écoute du client,Manque de personnel aux heures de pointe,
13/05/2024 15:47,Zone Est,Agence des Acacias,Guichet,5,4,Manque de personnel aux heures de pointe,Personnel accueillant et souriant,
14/05/2024 08:26,Zone Sud,Agence de la Rivière,GAB,4,5,,Agence propre et bien organisée,
14/05/2024 10:09,Zone Ouest,Agence de la Corniche,Guichet,4,4,Agence propre et bien organisée,Personnel accueillant et souriant,
14/05/2024 10:43,Zone Nord,Agence du Littoral,Application mobile,5,4,Très bonne orientation dès l'entrée,,Réduire le temps d'attente au guichet
14/05/2024 11:28,Zone Sud,Agence des Collines,Conseiller clientèle,5,2,,,
14/05/2024 15:28,Zone Centre,Agence de la Gare,Accueil,4,5,Très bonne orientation dès l'entrée,Très bonne orientation dès l'entrée,
14/05/2024 15:35,Zone Centre,Agence de la Gare,Accueil,4,5,,Prise en charge rapide au guichet,
15/05/2024 08:39,Zone Centre,Agence de la Gare,Guichet,4,4,Agence propre et bien organisée,Personnel accueillant et souriant,Augmenter le personnel aux heures de pointe
15/05/2024 09:14,Zone Sud,Agence des Collines,Conseiller clientèle,4,3,,,
15/05/2024 09:38,Zone Est,Agence de l'Horloge,Application mobile,5,3,Conseiller à l'écoute du client,,
15/05/2024 10:02,Zone Nord,Agence du Littoral,Guichet,5,4,Service rapide et efficace,,Ajouter un guichet automatique dans le quartier
15/05/2024 10:51,Zone Centre,Agence de la Gare,Conseiller clientèle,4,5,Conseiller à l'écoute du client,Très bonne orientation dès l'entrée,Réduire le temps d'attente au guichet
15/05/2024 12:29,Zone Est,Agence des Acacias,Guichet,5,4,Prise en charge rapide au guichet,,Augmenter le personnel aux heures de pointe
15/05/2024 13:25,Zone Sud,Agence des Collines,Guichet,4,4,Prise en charge rapide au guichet,,
15/05/2024 14:59,Zone Sud,Agence de la Rivière,Guichet,4,3,Agence propre et bien organisée,Agence propre et bien organisée,
16/05/2024 08:24,Zone Ouest,Agence de la Corniche,Conseiller clientèle,5,3,,,
16/05/2024 11:09,Zone Est,Agence des Acacias,Conseiller clientèle,5,4,Conseiller à l'écoute du client,Conseiller à l'écoute du client,Améliorer l'application mobile de la banque
16/05/2024 13:23,Zone Sud,Agence de la Rivière,Accueil,4,4,Agence propre et bien organisée,Personnel accueillant et souriant,
16/05/2024 14:00,Zone Nord,Agence des Dunes,Conseiller clientèle,5,4,Service rapide et efficace,Prise en charge rapide au guichet,
16/05/2024 14:13,Zone Centre,Agence de la Gare,Guichet,3,4,Très bonne orientation dès l'entrée,Conseiller à l'écoute du client,Réduire le temps d'attente au guichet
16/05/2024 14:47,Zone Sud,Agence des Collines,Conseiller clientèle,4,5,Personnel accueillant et souriant,Manque de personnel aux heures de pointe,
16/05/2024 15:15,Zone Ouest,Agence du Phare,Conseiller clientèle,4,3,,,
17/05/2024 08:06,Zone Nord,Agence du Littoral,Application mobile,5,4,Conseiller à l'écoute du client,Conseiller à l'écoute du client,
17/05/2024 11:28,Zone Centre,Agence du Parc,Guichet,5,5,,,Installer plus de sièges dans la salle d'attente
17/05/2024 11:31,Zone Est,Agence des Acacias,Accueil,5,3,,Temps d'attente trop long au guichet,
17/05/2024 12:57,Zone Est,Agence de l'Horloge,Conseiller clientèle,5,5,Agence propre et bien organisée,Très bonne orientation dès l'entrée,
17/05/2024 13:06,Zone Centre,Agence de la Gare,Conseiller clientèle,4,3,Personnel accueillant et souriant,,
17/05/2024 14:13,Zone Ouest,Agence de la Corniche,Conseiller clientèle,5,4,,Service rapide et efficace,Proposer plus de services sur l'application mobile
17/05/2024 14:35,Zone Centre,Agence de la Gare,Accueil,5,4,Très bonne orientation dès l'entrée,,
17/05/2024 14:35,Zone Nord,Agence des Dunes,Conseiller clientèle,4,2,Très bonne orientation dès l'entrée,File d'attente mal organisée,
17/05/2024 17:54,Zone Centre,Agence du Parc,Guichet,5,2,Très bonne orientation dès l'entrée,,Augmenter le personnel aux heures de pointe
18/05/2024 08:04,Zone Centre,Agence de la Gare,Accueil,5,4,Très bonne orientation dès l'entrée,,Climatiser la salle d'attente de l'agence
18/05/2024 09:09,Zone Nord,Agence des Dunes,Accueil,2,5,Manque de personnel aux heures de pointe,Personnel accueillant et souriant,
18/05/2024 10:16,Zone Sud,Agence des Collines,Application mobile,3,2,,,
18/05/2024 10:44,Zone Nord,Agence des Dunes,Conseiller clientèle,2,3,Peu d'écoute face à ma réclamation,,
18/05/2024 10:57,Zone Centre,Agence de la Gare,Conseiller clientèle,5,3,,,
18/05/2024 13:06,Zone Est,Agence de l'Horloge,Application mobile,5,5,Très bonne orientation dès l'entrée,,Réduire le temps d'attente au guichet
18/05/2024 14:00,Zone Ouest,Agence de la Corniche,Conseiller clientèle,4,3,,,Ajouter un guichet automatique dans le quartier
18/05/2024 14:02,Zone Est,Agence de l'Horloge,Application mobile,5,4,Agence propre et bien organisée,,
18/05/2024 16:23,Zone Sud,Agence de la Rivière,Centre d'appels,3,4,,,Ouvrir l'agence le samedi matin
18/05/2024 17:35,Zone Sud,Agence des Collines,Conseiller clientèle,4,3,Prise en charge rapide au guichet,,
20/05/2024 08:07,Zone Centre,Agence du Parc,GAB,5,5,,,Installer plus de sièges dans la salle d'attente
20/05/2024 09:38,Zone Centre,Agence de la Gare,Accueil,4,5,,Personnel accueillant et souriant,Installer plus de sièges dans la salle d'attente
20/05/2024 09:51,Zone Est,Agence de l'Horloge,GAB,4,5,Conseiller à l'écoute du client,,
20/05/2024 10:18,Zone Nord,Agence des Dunes,Accueil,4,4,Guichet automatique souvent en panne,Agence propre et bien organisée,Former le personnel à l'accueil des clients
20/05/2024 10:44,Zone Nord,Agence des Palmiers,Accueil,3,4,,Très bonne orientation dès l'entrée,Réduire les frais de tenue de compte
20/05/2024 12:08,Zone Ouest,Agence de la Corniche,Guichet,3,5,,Agence propre et bien organisée,Mettre en place un système de tickets plus clair
20/05/2024 13:15,Zone Centre,Agence du Marché,GAB,4,4,Prise en charge rapide au guichet,Service rapide et efficace,Proposer plus de services sur l'application mobile
20/05/2024 13:37,Zone Ouest,Agence de la Corniche,Conseiller clientèle,3,5,,Agence propre et bien organisée,Former le personnel à l'accueil des clients
20/05/2024 15:15,Zone Sud,Agence de la Rivière,Application mobile,4,4,,,Réduire le temps d'attente au guichet
20/05/2024 15:49,Zone Ouest,Agence de la Corniche,Application mobile,4,3,Conseiller à l'écoute du client,,
20/05/2024 15:53,Zone Est,Agence de l'Horloge,GAB,4,5,Personnel accueillant et souriant,Très bonne orientation dès l'entrée,
20/05/2024 15:59,Zone Sud,Agence des Collines,Accueil,4,4,Conseiller à l'écoute du client,Conseiller à l'écoute du client,
20/05/2024 17:06,Zone Centre,Agence de la Gare,GAB,4,4,,Très bonne orientation dès l'entrée,Mettre en place un système de tickets plus clair
21/05/2024 08:41,Zone Centre,Agence du Parc,GAB,4,5,,Très bonne orientation dès l'entrée,
21/05/2024 09:36,Zone Nord,Agence des Palmiers,Conseiller clientèle,3,4,,,
21/05/2024 10:39,Zone Est,Agence des Acacias,Conseiller clientèle,4,5,,Conseiller à l'écoute du client,Augmenter le personnel aux heures de pointe
21/05/2024 11:11,Zone Ouest,Agence de la Corniche,Application mobile,4,3,Personnel accueillant et souriant,,Former le personnel à l'accueil des clients
21/05/2024 11:20,Zone Nord,Agence des Dunes,Accueil,4,4,Conseiller à l'écoute du client,,
21/05/2024 11:40,Zone Centre,Agence de la Gare,Accueil,4,4,,Service rapide et efficace,Proposer plus de services sur l'application mobile
21/05/2024 12:36,Zone Ouest,Agence du Phare,Conseiller clientèle,3,3,,,Améliorer l'application mobile de la banque
21/05/2024 12:38,Zone Est,Agence de l'Horloge,Conseiller clientèle,3,4,,Agence propre et bien organisée,Réduire les frais de tenue de compte
21/05/2024 17:32,Zone Ouest,Agence du Phare,Accueil,4,3,Très bonne orientation dès l'entrée,Temps d'attente trop long au guichet,
22/05/2024 08:15,Zone Sud,Agence de la Rivière,Conseiller clientèle,4,4,,Service rapide et efficace,Former le personnel à l'accueil des clients
22/05/2024 08:33,Zone Centre,Agence de la Gare,Conseiller clientèle,4,5,Agence propre et bien organisée,,
22/05/2024 09:00,Zone Sud,Agence de la Rivière,Guichet,5,5,Conseiller à l'écoute du client,,
22/05/2024 10:40,Zone Est,Agence de l'Horloge,Conseiller clientèle,4,3,,,Ajouter un guichet automatique dans le quartier
22/05/2024 10:43,Zone Ouest,Agence de la Corniche,GAB,4,5,Prise en charge rapide au guichet,Prise en charge rapide au guichet,Améliorer l'application mobile de la banque
22/05/2024 10:50,Zone Sud,Agence des Collines,Centre d'appels,3,4,,,Réduire le temps d'attente au guichet
22/05/2024 10:59,Zone Nord,Agence des Palmiers,Accueil,3,3,,,Ouvrir l'agence le samedi matin
22/05/2024 12:18,Zone Ouest,Agence de la Corniche,Conseiller clientèle,3,5,,Service rapide et efficace,
22/05/2024 12:57,Zone Sud,Agence de la Rivière,Guichet,3,2,,Temps d'attente trop long au guichet,Améliorer le temps d'attente en agence
22/05/2024 15:00,Zone Sud,Agence des Collines,Guichet,2,5,Temps d'attente trop long au guichet,Personnel accueillant et souriant,
22/05/2024 17:08,Zone Ouest,Agence du Phare,Conseiller clientèle,2,5,Guichet automatique souvent en panne,Prise en charge rapide au guichet,
23/05/2024 09:56,Zone Nord,Agence des Palmiers,Accueil,5,4,Très bonne orientation dès l'entrée,Très bonne orientation dès l'entrée,
23/05/2024 10:05,Zone Sud,Agence des Collines,Centre d'appels,4,3,Manque de personnel aux heures de pointe,Conseiller à l'écoute du client,Ajouter un guichet automatique dans le quartier
23/05/2024 10:29,Zone Est,Agence des Acacias,Application mobile,4,4,Personnel accueillant et souriant,File d'attente mal organisée,
23/05/2024 10:47,Zone Centre,Agence de la Gare,Guichet,4,2,Prise en charge rapide au guichet,File d'attente mal organisée,
23/05/2024 11:47,Zone Sud,Agence de la Rivière,Application mobile,4,4,Personnel accueillant et souriant,Service rapide et efficace,Augmenter le personnel aux heures de pointe
23/05/2024 11:58,Zone Nord,Agence des Dunes,Guichet,3,4,Prise en charge rapide au guichet,Très bonne orientation dès l'entrée,Climatiser la salle d'attente de l'agence
23/05/2024 12:28,Zone Ouest,Agence de la Corniche,Accueil,4,3,Conseiller à l'écoute du client,,Réduire le temps d'attente au guichet
23/05/2024 13:00,Zone Centre,Agence de la Gare,Conseiller clientèle,4,3,Très bonne orientation dès l'entrée,Temps d'attente trop long au guichet,Former le personnel à l'accueil des clients
23/05/2024 15:07,Zone Ouest,Agence du Phare,Accueil,3,4,,Guichet automatique souvent en panne,Réduire les frais de tenue de compte
23/05/2024 15:16,Zone Sud,Agence de la Rivière,GAB,4,4,Agence propre et bien organisée,Agence propre et bien organisée,Proposer plus de services sur l'application mobile
23/05/2024 16:06,Zone Ouest,Agence du Phare,Guichet,5,5,Personnel accueillant et souriant,Conseiller à l'écoute du client,Ouvrir l'agence le samedi matin
24/05/2024 08:35,Zone Centre,Agence du Marché,GAB,5,3,Très bonne orientation dès l'entrée,,Réduire les frais de tenue de compte
24/05/2024 09:57,Zone Centre,Agence du Parc,Conseiller clientèle,3,5,Conseiller à l'écoute du client,Très bonne orientation dès l'entrée,
24/05/2024 13:57,Zone Est,Agence du Stade,GAB,4,4,Très bonne orientation dès l'entrée,Prise en charge rapide au guichet,
24/05/2024 14:03,Zone Sud,Agence des Collines,Guichet,4,5,,Conseiller à l'écoute du client,
24/05/2024 14:39,Zone Est,Agence de l'Horloge,GAB,4,4,Conseiller à l'écoute du client,Très bonne orientation dès l'entrée,Ajouter un guichet automatique dans le quartier
24/05/2024 16:51,Zone Est,Agence des Acacias,Guichet,3,5,,,
25/05/2024 08:23,Zone Ouest,Agence de la Corniche,Conseiller clientèle,3,3,,,
25/05/2024 08:41,Zone Sud,Agence de la Rivière,Guichet,5,5,,,
25/05/2024 10:38,Zone Est,Agence des Acacias,Conseiller clientèle,4,4,Conseiller à l'écoute du client,Prise en charge rapide au guichet,Ouvrir l'agence le samedi matin
25/05/2024 12:09,Zone Est,Agence de l'Horloge,GAB,3,4,,Très bonne orientation dès l'entrée,Ajouter un guichet automatique dans le quartier
25/05/2024 13:59,Zone Ouest,Agence de la Corniche,Accueil,3,3,,,Réduire le temps d'attente au guichet
25/05/2024 17:15,Zone Est,Agence de l'Horloge,Guichet,5,4,Personnel accueillant et souriant,Service rapide et efficace,Mettre en place un système de tickets plus clair
27/05/2024 09:02,Zone Est,Agence du Stade,Conseiller clientèle,4,2,Prise en charge rapide au guichet,Manque de personnel aux heures de pointe,
27/05/2024 10:13,Zone Nord,Agence des Dunes,Application mobile,5,5,Prise en charge rapide au guichet,Prise en charge rapide au guichet,
27/05/2024 10:57,Zone Nord,Agence des Palmiers,Application mobile,5,5,,Personnel accueillant et souriant,
27/05/2024 11:53,Zone Centre,Agence du Marché,Accueil,5,4,Agence propre et bien organisée,,
27/05/2024 13:52,Zone Est,Agence des Acacias,Accueil,2,5,,Personnel accueillant et souriant,
27/05/2024 16:18,Zone Est,Agence du Stade,Centre d'appels,3,5,,,Ouvrir l'agence le samedi matin
27/05/2024 17:19,Zone Ouest,Agence de la Corniche,Conseiller clientèle,4,4,,Très bonne orientation dès l'entrée,
28/05/2024 08:44,Zone Sud,Agence de la Rivière,Guichet,4,4,Conseiller à l'écoute du client,,Augmenter le personnel aux heures de pointe
28/05/2024 11:11,Zone Ouest,Agence du Phare,GAB,5,4,Conseiller à l'écoute du client,,Installer plus de sièges dans la salle d'attente
28/05/2024 11:26,Zone Nord,Agence des Palmiers,GAB,4,5,Très bonne orientation dès l'entrée,Prise en charge rapide au guichet,Améliorer le temps d'attente en agence
28/05/2024 11:41,Zone Sud,Agence des Collines,Conseiller clientèle,4,5,,,Mettre en place un système de tickets plus clair
28/05/2024 13:09,Zone Sud,Agence des Collines,GAB,3,4,,Conseiller à l'écoute du client,Ouvrir l'agence le samedi matin
28/05/2024 13:36,Zone Ouest,Agence de la Corniche,GAB,5,3,Horaires d'ouverture peu pratiques,,Améliorer l'application mobile de la banque
28/05/2024 13:40,Zone Ouest,Agence de la Corniche,Guichet,5,4,Horaires d'ouverture peu pratiques,Agence propre et bien organisée,
28/05/2024 13:41,Zone Centre,Agence de la Gare,Guichet,4,4,,Personnel accueillant et souriant,Réduire les frais de tenue de compte
28/05/2024 14:42,Zone Centre,Agence du Parc,Conseiller clientèle,3,5,,,Réduire le temps d'attente au guichet
28/05/2024 16:47,Zone Centre,Agence de la Gare,Guichet,5,4,,Agence propre et bien organisée,Climatiser la salle d'attente de l'agence
29/05/2024 09:04,Zone Est,Agence du Stade,Conseiller clientèle,4,3,Conseiller à l'écoute du client,Peu d'écoute face à ma réclamation,Proposer plus de services sur l'application mobile
29/05/2024 10:14,Zone Nord,Agence du Littoral,Conseiller clientèle,5,5,,,Réduire les frais de tenue de compte
29/05/2024 11:00,Zone Sud,Agence des Collines,Accueil,4,2,Très bonne orientation dès l'entrée,Guichet automatique souvent en panne,
29/05/2024 11:03,Zone Est,Agence des Acacias,Accueil,3,4,,,Installer plus de sièges dans la salle d'attente
29/05/2024 11:14,Zone Ouest,Agence du Phare,Conseiller clientèle,4,3,,Guichet automatique souvent en panne,
29/05/2024 11:54,Zone Nord,Agence des Palmiers,Guichet,5,5,,Prise en charge rapide au guichet,Climatiser la salle d'attente de l'agence
29/05/2024 13:24,Zone Est,Agence des Acacias,Guichet,4,5,Prise en charge rapide au guichet,,Ajouter un guichet automatique dans le quartier
29/05/2024 15:41,Zone Nord,Agence du Littoral,Centre d'appels,3,4,,,Climatiser la salle d'attente de l'agence
30/05/2024 08:14,Zone Ouest,Agence de la Corniche,Application mobile,5,2,Personnel accueillant et souriant,Peu d'écoute face à ma réclamation,Proposer plus de services sur l'application mobile
30/05/2024 11:32,Zone Nord,Agence des Palmiers,Accueil,3,4,Temps d'attente trop long au guichet,,
30/05/2024 12:26,Zone Nord,Agence du Littoral,Accueil,3,5,,Service rapide et efficace,Améliorer le temps d'attente en agence
30/05/2024 13:28,Zone Est,Agence des Acacias,Accueil,4,5,Personnel accueillant et souriant,,Mettre en place un système de tickets plus clair
30/05/2024 14:04,Zone Nord,Agence des Dunes,Conseiller clientèle,5,5,,Service rapide et efficace,
30/05/2024 16:51,Zone Centre,Agence de la Gare,Guichet,5,4,Agence propre et bien organisée,,
31/05/2024 08:44,Zone Est,Agence du Stade,Guichet,4,3,Prise en charge rapide au guichet,,Installer plus de sièges dans la salle d'attente
31/05/2024 10:38,Zone Est,Agence des Acacias,Conseiller clientèle,4,5,Prise en charge rapide au guichet,,
31/05/2024 15:08,Zone Nord,Agence des Palmiers,Conseiller clientèle,4,3,Agence propre et bien organisée,,Ouvrir l'agence le samedi matin
31/05/2024 15:19,Zone Est,Agence des Acacias,Conseiller clientèle,4,4,Conseiller à l'écoute du client,Conseiller à l'écoute du client,Proposer plus de services sur l'application mobile
01/06/2024 08:55,Zone Ouest,Agence du Phare,Centre d'appels,4,4,,Très bonne orientation dès l'entrée,Ouvrir l'agence le samedi matin
01/06/2024 10:07,Zone Est,Agence de l'Horloge,Guichet,4,3,,,Installer plus de sièges dans la salle d'attente
01/06/2024 10:22,Zone Est,Agence de l'Horloge,GAB,4,4,Prise en charge rapide au guichet,Personnel accueillant et souriant,Ouvrir l'agence le samedi matin
01/06/2024 10:30,Zone Centre,Agence de la Gare,Guichet,5,5,Très bonne orientation dès l'entrée,,
01/06/2024 10:56,Zone Nord,Agence du Littoral,Conseiller clientèle,5,5,,Prise en charge rapide au guichet,
01/06/2024 11:55,Zone Centre,Agence du Parc,Guichet,5,4,Prise en charge rapide au guichet,Service rapide et efficace,Climatiser la salle d'attente de l'agence
01/06/2024 16:28,Zone Est,Agence des Acacias,Conseiller clientèle,4,3,Personnel accueillant et souriant,,Installer plus de sièges dans la salle d'attente
01/06/2024 16:54,Zone Est,Agence de l'Horloge,Guichet,5,5,,,
03/06/2024 11:39,Zone Centre,Agence du Marché,Conseiller clientèle,5,2,,Guichet automatique souvent en panne,
03/06/2024 14:06,Zone Centre,Agence du Marché,Guichet,2,3,,,
03/06/2024 14:50,Zone Centre,Agence de la Gare,Guichet,3,3,Très bonne orientation dès l'entrée,,Améliorer le temps d'attente en agence
04/06/2024 08:35,Zone Ouest,Agence de la Corniche,Guichet,3,3,,,Ajouter un guichet automatique dans le quartier
04/06/2024 09:04,Zone Centre,Agence du Parc,Conseiller clientèle,4,5,Très bonne orientation dès l'entrée,,Améliorer le temps d'attente en agence
04/06/2024 10:00,Zone Centre,Agence du Parc,Guichet,3,5,,Prise en charge rapide au guichet,
04/06/2024 10:05,Zone Est,Agence des Acacias,Application mobile,5,4,Prise en charge rapide au guichet,Prise en charge rapide au guichet,
04/06/2024 10:15,Zone Nord,Agence des Palmiers,Conseiller clientèle,5,5,Peu d'écoute face à ma réclamation,,
04/06/2024 10:32,Zone Ouest,Agence de la Corniche,Conseiller clientèle,5,4,Conseiller à l'écoute du client,Agence propre et bien organisée,
04/06/2024 10:43,Zone Sud,Agence de la Rivière,Accueil,4,4,Temps d'attente trop long au guichet,,
04/06/2024 11:54,Zone Ouest,Agence de la Corniche,Accueil,4,2,,Manque de personnel aux heures de pointe,
04/06/2024 13:26,Zone Est,Agence du Stade,Guichet,4,4,Agence propre et bien organisée,Très bonne orientation dès l'entrée,
04/06/2024 14:28,Zone Ouest,Agence de la Corniche,Guichet,5,4,,,
05/06/2024 09:08,Zone Ouest,Agence de la Corniche,Application mobile,4,3,,Manque de personnel aux heures de pointe,
05/06/2024 09:44,Zone Centre,Agence du Marché,Guichet,4,3,,,
05/06/2024 09:58,Zone Est,Agence de l'Horloge,Accueil,5,3,,,
05/06/2024 10:29,Zone Nord,Agence du Littoral,Accueil,5,5,Très bonne orientation dès l'entrée,,
05/06/2024 11:26,Zone Nord,Agence des Dunes,Guichet,2,5,File d'attente mal organisée,Prise en charge rapide au guichet,
05/06/2024 12:40,Zone Est,Agence de l'Horloge,Accueil,4,4,Guichet automatique souvent en panne,Service rapide et efficace,Ouvrir l'agence le samedi matin
05/06/2024 15:34,Zone Est,Agence du Stade,Accueil,4,4,Très bonne orientation dès l'entrée,Très bonne orientation dès l'entrée,
05/06/2024 16:03,Zone Centre,Agence de la Gare,Guichet,4,5,Prise en charge rapide au guichet,,Ajouter un guichet automatique dans le quartier
06/06/2024 11:04,Zone Ouest,Agence de la Corniche,GAB,5,3,File d'attente mal organisée,,
06/06/2024 11:16,Zone Ouest,Agence de la Corniche,Guichet,2,4,Peu d'écoute face à ma réclamation,Agence propre et bien organisée,Former le personnel à l'accueil des clients
06/06/2024 15:09,Zone Sud,Agence de la Rivière,GAB,5,2,Agence propre et bien organisée,Temps d'attente trop long au guichet,
06/06/2024 17:05,Zone Centre,Agence du Parc,Guichet,3,4,,Personnel accueillant et souriant,
07/06/2024 09:52,Zone Nord,Agence des Dunes,Conseiller clientèle,4,4,,Personnel accueillant et souriant,Réduire le temps d'attente au guichet
07/06/2024 14:32,Zone Nord,Agence du Littoral,GAB,5,5,Personnel accueillant et souriant,Très bonne orientation dès l'entrée,Former le personnel à l'accueil des clients
07/06/2024 15:36,Zone Est,Agence du Stade,Accueil,4,5,,Très bonne orientation dès l'entrée,
07/06/2024 16:46,Zone Nord,Agence des Palmiers,GAB,5,4,Prise en charge rapide au guichet,Personnel accueillant et souriant,
08/06/2024 15:46,Zone Centre,Agence de la Gare,Centre d'appels,5,5,Conseiller à l'écoute du client,,Proposer plus de services sur l'application mobile
10/06/2024 10:40,Zone Centre,Agence de la Gare,Conseiller clientèle,5,5,Très bonne orientation dès l'entrée,Prise en charge rapide au guichet,Installer plus de sièges dans la salle d'attente
10/06/2024 12:27,Zone Centre,Agence du Parc,Application mobile,3,5,,,Former le personnel à l'accueil des clients
11/06/2024 08:51,Zone Centre,Agence du Parc,GAB,5,4,Service rapide et efficace,Prise en charge rapide au guichet,
11/06/2024 10:12,Zone Sud,Agence de la Rivière,Application mobile,4,3,Conseiller à l'écoute du client,,Améliorer le temps d'attente en agence
11/06/2024 11:51,Zone Nord,Agence des Dunes,Centre d'appels,4,5,,,Proposer plus de services sur l'application mobile
11/06/2024 11:54,Zone Nord,Agence des Dunes,Conseiller clientèle,3,4,Conseiller à l'écoute du client,Très bonne orientation dès l'entrée,Ajouter un guichet automatique dans le quartier
11/06/2024 13:38,Zone Ouest,Agence de la Corniche,Guichet,5,5,,Agence propre et bien organisée,Mettre en place un système de tickets plus clair
11/06/2024 16:40,Zone Nord,Agence des Palmiers,Conseiller clientèle,3,3,,Temps d'attente trop long au guichet,
12/06/2024 09:15,Zone Est,Agence de l'Horloge,Conseiller clientèle,4,2,Très bonne orientation dès l'entrée,Manque de personnel aux heures de pointe,Augmenter le personnel aux heures de pointe
12/06/2024 09:24,Zone Est,Agence de l'Horloge,Centre d'appels,3,4,Temps d'attente trop long au guichet,,
12/06/2024 09:28,Zone Ouest,Agence du Phare,Guichet,4,5,Service rapide et efficace,Très bonne orientation dès l'entrée,
12/06/2024 09:48,Zone Nord,Agence du Littoral,Guichet,5,4,,,Augmenter le personnel aux heures de pointe
12/06/2024 10:26,Zone Centre,Agence du Parc,GAB,3,5,,,
12/06/2024 11:53,Zone Est,Agence des Acacias,GAB,5,4,Personnel accueillant et souriant,,Réduire les frais de tenue de compte
12/06/2024 12:36,Zone Ouest,Agence de la Corniche,Conseiller clientèle,5,4,Prise en charge rapide au guichet,Très bonne orientation dès l'entrée,
12/06/2024 12:52,Zone Nord,Agence des Dunes,Guichet,5,5,,,Former le personnel à l'accueil des clients
12/06/2024 13:14,Zone Centre,Agence du Parc,Guichet,5,5,,Agence propre et bien organisée,Proposer plus de services sur l'application mobile
12/06/2024 15:10,Zone Est,Agence de l'Horloge,Guichet,5,4,,,
12/06/2024 15:18,Zone Ouest,Agence du Phare,Application mobile,4,3,,,
12/06/2024 15:38,Zone Centre,Agence du Marché,Guichet,5,3,Temps d'attente trop long au guichet,Horaires d'ouverture peu pratiques,Proposer plus de services sur l'application mobile
12/06/2024 16:43,Zone Est,Agence du Stade,Application mobile,5,3,Personnel accueillant et souriant,File d'attente mal organisée,Mettre en place un système de tickets plus clair
13/06/2024 08:08,Zone Ouest,Agence de la Corniche,GAB,2,4,Peu d'écoute face à ma réclamation,,
13/06/2024 08:46,Zone Nord,Agence du Littoral,Accueil,5,4,,,Augmenter le personnel aux heures de pointe
13/06/2024 12:54,Zone Centre,Agence de la Gare,Guichet,5,3,Service rapide et efficace,,Installer plus de sièges dans la salle d'attente
13/06/2024 13:25,Zone Ouest,Agence du Phare,Application mobile,4,4,Très bonne orientation dès l'entrée,Service rapide et efficace,Réduire les frais de tenue de compte
13/06/2024 15:40,Zone Ouest,Agence de la Corniche,Application mobile,3,2,,File d'attente mal organisée,
13/06/2024 16:02,Zone Nord,Agence du Littoral,Guichet,5,5,Conseiller à l'écoute du client,Très bonne orientation dès l'entrée,Augmenter le personnel aux heures de pointe
13/06/2024 16:21,Zone Centre,Agence de la Gare,GAB,4,5,Agence propre et bien organisée,Agence propre et bien organisée,
14/06/2024 08:29,Zone Sud,Agence de la Rivière,Conseiller clientèle,3,4,,Personnel accueillant et souriant,Former le personnel à l'accueil des clients
14/06/2024 08:42,Zone Est,Agence des Acacias,GAB,5,5,Conseiller à l'écoute du client,Prise en charge rapide au guichet,Réduire le temps d'attente au guichet
14/06/2024 10:08,Zone Nord,Agence du Littoral,Conseiller clientèle,5,5,Très bonne orientation dès l'entrée,,Climatiser la salle d'attente de l'agence
14/06/2024 10:09,Zone Ouest,Agence de la Corniche,Guichet,3,4,,Personnel accueillant et souriant,
14/06/2024 11:55,Zone Nord,Agence des Dunes,Accueil,4,4,Agence propre et bien organisée,Prise en charge rapide au guichet,
14/06/2024 15:32,Zone Nord,Agence du Littoral,GAB,4,4,Personnel accueillant et souriant,Conseiller à l'écoute du client,
14/06/2024 16:35,Zone Est,Agence du Stade,Application mobile,5,4,,Conseiller à l'écoute du client,
14/06/2024 16:56,Zone Est,Agence de l'Horloge,Conseiller clientèle,3,4,,,
14/06/2024 17:31,Zone Est,Agence des Acacias,Conseiller clientèle,5,4,Très bonne orientation dès l'entrée,Service rapide et efficace,Réduire les frais de tenue de compte
15/06/2024 09:03,Zone Ouest,Agence de la Corniche,Guichet,3,5,,Très bonne orientation dès l'entrée,Réduire le temps d'attente au guichet
15/06/2024 10:11,Zone Centre,Agence de la Gare,Conseiller clientèle,3,3,Service rapide et efficace,,
15/06/2024 10:23,Zone Centre,Agence du Parc,Guichet,4,5,Conseiller à l'écoute du client,Prise en charge rapide au guichet,Réduire le temps d'attente au guichet
15/06/2024 15:12,Zone Nord,Agence des Palmiers,GAB,4,1,,,
15/06/2024 16:21,Zone Est,Agence de l'Horloge,Centre d'appels,3,4,,,
15/06/2024 16:53,Zone Centre,Agence de la Gare,GAB,4,4,,,
17/06/2024 08:32,Zone Nord,Agence des Dunes,Guichet,4,4,Très bonne orientation dès l'entrée,,
17/06/2024 09:47,Zone Est,Agence de l'Horloge,Conseiller clientèle,5,4,Prise en charge rapide au guichet,Service rapide et efficace,
17/06/2024 10:39,Zone Nord,Agence des Dunes,Conseiller clientèle,3,1,,Guichet automatique souvent en panne,Ajouter un guichet automatique dans le quartier
17/06/2024 14:08,Zone Ouest,Agence de la Corniche,Application mobile,4,3,Conseiller à l'écoute du client,Peu d'écoute face à ma réclamation,
17/06/2024 14:35,Zone Sud,Agence de la Rivière,Accueil,3,4,Temps d'attente trop long au guichet,Service rapide et efficace,Proposer plus de services sur l'application mobile
17/06/2024 14:59,Zone Est,Agence du Stade,Accueil,3,4,,Agence propre et bien organisée,
18/06/2024 09:25,Zone Est,Agence de l'Horloge,Conseiller clientèle,5,4,,Très bonne orientation dès l'entrée,Ajouter un guichet automatique dans le quartier
18/06/2024 09:53,Zone Centre,Agence de la Gare,Guichet,4,5,Agence propre et bien organisée,Personnel accueillant et souriant,Réduire les frais de tenue de compte
18/06/2024 10:27,Zone Nord,Agence des Dunes,GAB,3,4,,Prise en charge rapide au guichet,Améliorer l'application mobile de la banque
18/06/2024 10:37,Zone Ouest,Agence du Phare,Guichet,3,5,,Personnel accueillant et souriant,Proposer plus de services sur l'application mobile
18/06/2024 12:08,Zone Nord,Agence des Dunes,GAB,5,3,Service rapide et efficace,,
18/06/2024 14:08,Zone Ouest,Agence de la Corniche,Accueil,3,5,,Agence propre et bien organisée,
18/06/2024 15:57,Zone Nord,Agence des Palmiers,Guichet,5,5,Personnel accueillant et souriant,,Mettre en place un système de tickets plus clair
18/06/2024 16:09,Zone Nord,Agence des Dunes,Accueil,5,3,Très bonne orientation dès l'entrée,,
18/06/2024 17:19,Zone Ouest,Agence du Phare,Guichet,4,3,Prise en charge rapide au guichet,,
19/06/2024 09:54,Zone Centre,Agence du Marché,Centre d'appels,5,3,Temps d'attente trop long au guichet,,Ouvrir l'agence le samedi matin
19/06/2024 10:55,Zone Est,Agence de l'Horloge,Accueil,3,3,,,
19/06/2024 11:38,Zone Est,Agence de l'Horloge,Application mobile,5,4,Prise en charge rapide au guichet,,Proposer plus de services sur l'application mobile
19/06/2024 11:55,Zone Est,Agence du Stade,Guichet,3,5,,,Proposer plus de services sur l'application mobile
19/06/2024 11:59,Zone Ouest,Agence de la Corniche,Guichet,1,3,Horaires d'ouverture peu pratiques,Conseiller à l'écoute du client,
19/06/2024 13:14,Zone Sud,Agence des Collines,Guichet,3,3,,File d'attente mal organisée,
19/06/2024 13:33,Zone Nord,Agence des Palmiers,Conseiller clientèle,5,5,Service rapide et efficace,,
19/06/2024 15:08,Zone Est,Agence de l'Horloge,Guichet,3,5,,Personnel accueillant et souriant,Ouvrir l'agence le samedi matin
19/06/2024 16:45,Zone Centre,Agence de la Gare,Conseiller clientèle,5,4,Très bonne orientation dès l'entrée,,
20/06/2024 08:42,Zone Ouest,Agence de la Corniche,Accueil,4,4,Très bonne orientation dès l'entrée,Prise en charge rapide au guichet,
20/06/2024 09:08,Zone Ouest,Agence de la Corniche,Application mobile,4,3,,,
20/06/2024 09:30,Zone Ouest,Agence de la Corniche,Conseiller clientèle,3,3,,,Mettre en place un système de tickets plus clair
20/06/2024 12:16,Zone Nord,Agence des Dunes,Guichet,5,5,Personnel accueillant et souriant,,Améliorer le temps d'attente en agence
20/06/2024 16:20,Zone Ouest,Agence de la Corniche,GAB,2,2,Service rapide et efficace,Temps d'attente trop long au guichet,Mettre en place un système de tickets plus clair
20/06/2024 17:56,Zone Centre,Agence de la Gare,Guichet,3,3,,Service rapide et efficace,Proposer plus de services sur l'application mobile
21/06/2024 10:13,Zone Nord,Agence du Littoral,Centre d'appels,5,5,Prise en charge rapide au guichet,Prise en charge rapide au guichet,
21/06/2024 12:31,Zone Nord,Agence des Palmiers,Accueil,5,3,Prise en charge rapide au guichet,,
21/06/2024 13:59,Zone Est,Agence des Acacias,Conseiller clientèle,5,3,Agence propre et bien organisée,,
21/06/2024 15:48,Zone Est,Agence des Acacias,Guichet,5,3,,Conseiller à l'écoute du client,Améliorer l'application mobile de la banque
21/06/2024 16:52,Zone Est,Agence du Stade,Guichet,4,4,,,Améliorer l'application mobile de la banque
22/06/2024 12:29,Zone Est,Agence de l'Horloge,Centre d'appels,2,4,Temps d'attente trop long au guichet,,
22/06/2024 15:08,Zone Nord,Agence du Littoral,Guichet,5,4,Conseiller à l'écoute du client,File d'attente mal organisée,
24/06/2024 08:25,Zone Centre,Agence du Parc,Guichet,5,5,Service rapide et efficace,Prise en charge rapide au guichet,Améliorer le temps d'attente en agence
24/06/2024 09:19,Zone Sud,Agence de la Rivière,Centre d'appels,4,4,,Agence propre et bien organisée,Former le personnel à l'accueil des clients
24/06/2024 12:22,Zone Centre,Agence du Marché,Conseiller clientèle,4,3,Personnel accueillant et souriant,Conseiller à l'écoute du client,Augmenter le personnel aux heures de pointe
24/06/2024 16:51,Zone Est,Agence de l'Horloge,Accueil,4,4,Très bonne orientation dès l'entrée,,Réduire les frais de tenue de compte
24/06/2024 17:18,Zone Est,Agence du Stade,Guichet,3,5,,,Climatiser la salle d'attente de l'agence
25/06/2024 09:56,Zone Est,Agence de l'Horloge,Guichet,4,5,Conseiller à l'écoute du client,,Ajouter un guichet automatique dans le quartier
25/06/2024 10:14,Zone Centre,Agence du Parc,GAB,4,4,Conseiller à l'écoute du client,Temps d'attente trop long au guichet,
25/06/2024 10:29,Zone Ouest,Agence de la Corniche,GAB,3,3,,,Installer plus de sièges dans la salle d'attente
25/06/2024 12:34,Zone Ouest,Agence de la Corniche,Application mobile,3,4,Temps d'attente trop long au guichet,Personnel accueillant et souriant,Proposer plus de services sur l'application mobile
25/06/2024 14:10,Zone Centre,Agence de la Gare,Guichet,3,5,Personnel accueillant et souriant,,
25/06/2024 15:46,Zone Ouest,Agence du Phare,Centre d'appels,4,5,,,
25/06/2024 16:23,Zone Nord,Agence du Littoral,Guichet,5,5,Prise en charge rapide au guichet,Conseiller à l'écoute du client,Améliorer l'application mobile de la banque
25/06/2024 16:29,Zone Centre,Agence du Parc,Conseiller clientèle,4,5,Service rapide et efficace,Personnel accueillant et souriant,Ajouter un guichet automatique dans le quartier
26/06/2024 10:00,Zone Est,Agence de l'Horloge,Accueil,3,4,,,Augmenter le personnel aux heures de pointe
26/06/2024 10:13,Zone Est,Agence des Acacias,Accueil,5,4,,Agence propre et bien organisée,Améliorer l'application mobile de la banque
26/06/2024 11:45,Zone Nord,Agence des Dunes,GAB,4,4,Service rapide et efficace,,
26/06/2024 11:59,Zone Est,Agence des Acacias,GAB,5,4,Très bonne orientation dès l'entrée,Prise en charge rapide au guichet,
26/06/2024 13:23,Zone Ouest,Agence de la Corniche,Accueil,4,4,Service rapide et efficace,Peu d'écoute face à ma réclamation,
26/06/2024 13:47,Zone Sud,Agence de la Rivière,Accueil,5,5,Personnel accueillant et souriant,Manque de personnel aux heures de pointe,Climatiser la salle d'attente de l'agence
26/06/2024 15:13,Zone Centre,Agence du Parc,Accueil,5,5,Agence propre et bien organisée,Personnel accueillant et souriant,
26/06/2024 16:42,Zone Est,Agence des Acacias,GAB,5,4,,,Ajouter un guichet automatique dans le quartier
27/06/2024 08:19,Zone Centre,Agence du Marché,Guichet,3,3,,Personnel accueillant et souriant,
27/06/2024 09:21,Zone Ouest,Agence de la Corniche,GAB,4,2,Prise en charge rapide au guichet,Horaires d'ouverture peu pratiques,
27/06/2024 09:34,Zone Nord,Agence des Palmiers,Guichet,3,5,Temps d'attente trop long au guichet,Prise en charge rapide au guichet,Installer plus de sièges dans la salle d'attente
27/06/2024 09:40,Zone Nord,Agence des Palmiers,Conseiller clientèle,3,4,,Prise en charge rapide au guichet,
27/06/2024 10:12,Zone Sud,Agence de la Rivière,Guichet,3,4,Agence propre et bien organisée,Conseiller à l'écoute du client,
27/06/2024 10:50,Zone Nord,Agence du Littoral,Application mobile,5,5,Prise en charge rapide au guichet,,
27/06/2024 14:43,Zone Sud,Agence des Collines,GAB,2,3,Guichet automatique souvent en panne,Horaires d'ouverture peu pratiques,Mettre en place un système de tickets plus clair
27/06/2024 14:44,Zone Ouest,Agence de la Corniche,Guichet,2,2,,Peu d'écoute face à ma réclamation,
28/06/2024 10:04,Zone Nord,Agence des Dunes,Application mobile,5,4,Peu d'écoute face à ma réclamation,,Améliorer le temps d'attente en agence
28/06/2024 11:12,Zone Sud,Agence des Collines,GAB,4,4,,Service rapide et efficace,Former le personnel à l'accueil des clients
28/06/2024 13:23,Zone Nord,Agence du Littoral,Accueil,5,5,,,Augmenter le personnel aux heures de pointe
28/06/2024 13:34,Zone Nord,Agence des Palmiers,Guichet,5,3,Personnel accueillant et souriant,,Améliorer l'application mobile de la banque
28/06/2024 14:28,Zone Centre,Agence du Parc,Guichet,5,5,,,
28/06/2024 17:12,Zone Nord,Agence du Littoral,Centre d'appels,5,5,Prise en charge rapide au guichet,,Proposer plus de services sur l'application mobile
29/06/2024 10:01,Zone Nord,Agence des Palmiers,Conseiller clientèle,4,4,,,Mettre en place un système de tickets plus clair
29/06/2024 16:21,Zone Centre,Agence du Parc,Conseiller clientèle,5,5,Agence propre et bien organisée,Agence propre et bien organisée,
29/06/2024 17:44,Zone Centre,Agence du Parc,Conseiller clientèle,3,4,,,
01/07/2024 10:10,Zone Ouest,Agence du Phare,Application mobile,4,2,,Peu d'écoute face à ma réclamation,Ajouter un guichet automatique dans le quartier
01/07/2024 12:33,Zone Est,Agence du Stade,Accueil,5,4,Conseiller à l'écoute du client,Personnel accueillant et souriant,Proposer plus de services sur l'application mobile
02/07/2024 10:30,Zone Ouest,Agence de la Corniche,Conseiller clientèle,4,3,Service rapide et efficace,Personnel accueillant et souriant,
02/07/2024 13:48,Zone Est,Agence de l'Horloge,Conseiller clientèle,4,4,Service rapide et efficace,Très bonne orientation dès l'entrée,
02/07/2024 14:15,Zone Centre,Agence du Marché,Guichet,5,3,File d'attente mal organisée,Temps d'attente trop long au guichet,Ajouter un guichet automatique dans le quartier
02/07/2024 15:43,Zone Ouest,Agence du Phare,Application mobile,3,5,Agence propre et bien organisée,Service rapide et efficace,
02/07/2024 16:23,Zone Ouest,Agence de la Corniche,Conseiller clientèle,4,4,Agence propre et bien organisée,Service rapide et efficace,Augmenter le personnel aux heures de pointe
02/07/2024 17:08,Zone Nord,Agence des Dunes,GAB,5,2,Personnel accueillant et souriant,Manque de personnel aux heures de pointe,
03/07/2024 09:03,Zone Nord,Agence des Dunes,Application mobile,3,4,,Conseiller à l'écoute du client,Climatiser la salle d'attente de l'agence
03/07/2024 09:04,Zone Centre,Agence de la Gare,Centre d'appels,4,4,Conseiller à l'écoute du client,,Ajouter un guichet automatique dans le quartier
03/07/2024 09:48,Zone Est,Agence des Acacias,Conseiller clientèle,5,4,Agence propre et bien organisée,Personnel accueillant et souriant,
03/07/2024 10:34,Zone Centre,Agence du Marché,Application mobile,4,2,Service rapide et efficace,Temps d'attente trop long au guichet,
03/07/2024 12:27,Zone Centre,Agence du Marché,Application mobile,4,2,Personnel accueillant et souriant,,Ajouter un guichet automatique dans le quartier
03/07/2024 14:34,Zone Sud,Agence des Collines,Application mobile,4,2,Conseiller à l'écoute du client,File d'attente mal organisée,Ajouter un guichet automatique dans le quartier
03/07/2024 15:14,Zone Nord,Agence des Dunes,GAB,3,4,,,
03/07/2024 16:53,Zone Est,Agence de l'Horloge,Centre d'appels,5,4,,Peu d'écoute face à ma réclamation,
04/07/2024 09:33,Zone Ouest,Agence du Phare,GAB,3,5,,,
04/07/2024 11:21,Zone Est,Agence de l'Horloge,Accueil,5,4,Très bonne orientation dès l'entrée,,
04/07/2024 11:47,Zone Sud,Agence des Collines,Application mobile,2,2,Manque de personnel aux heures de pointe,Peu d'écoute face à ma réclamation,Climatiser la salle d'attente de l'agence
04/07/2024 13:37,Zone Nord,Agence des Palmiers,Conseiller clientèle,5,3,Conseiller à l'écoute du client,Très bonne orientation dès l'entrée,
04/07/2024 14:24,Zone Ouest,Agence de la Corniche,GAB,3,2,,Peu d'écoute face à ma réclamation,
04/07/2024 15:12,Zone Ouest,Agence de la Corniche,Guichet,5,4,Très bonne orientation dès l'entrée,,
04/07/2024 16:02,Zone Centre,Agence du Parc,Conseiller clientèle,3,5,,Prise en charge rapide au guichet,
04/07/2024 17:55,Zone Est,Agence de l'Horloge,Conseiller clientèle,3,4,,Très bonne orientation dès l'entrée,Former le personnel à l'accueil des clients
05/07/2024 09:02,Zone Centre,Agence du Marché,Conseiller clientèle,3,5,Peu d'écoute face à ma réclamation,,
05/07/2024 09:36,Zone Centre,Agence de la Gare,Conseiller clientèle,5,4,Personnel accueillant et souriant,,Augmenter le personnel aux heures de pointe
05/07/2024 11:29,Zone Nord,Agence des Dunes,Guichet,4,3,Conseiller à l'écoute du client,File d'attente mal organisée,
05/07/2024 14:51,Zone Nord,Agence des Dunes,Conseiller clientèle,5,3,,,Former le personnel à l'accueil des clients
05/07/2024 16:56,Zone Est,Agence de l'Horloge,Guichet,3,2,,Temps d'attente trop long au guichet,Réduire les frais de tenue de compte
06/07/2024 11:05,Zone Ouest,Agence de la Corniche,GAB,5,4,Service rapide et efficace,Très bonne orientation dès l'entrée,
06/07/2024 11:21,Zone Centre,Agence du Parc,Accueil,4,5,Prise en charge rapide au guichet,,
08/07/2024 09:10,Zone Est,Agence de l'Horloge,GAB,4,3,,,
08/07/2024 11:30,Zone Nord,Agence des Dunes,Centre d'appels,4,4,Manque de personnel aux heures de pointe,,
08/07/2024 13:31,Zone Sud,Agence des Collines,Centre d'appels,4,4,Prise en charge rapide au guichet,Très bonne orientation dès l'entrée,Installer plus de sièges dans la salle d'attente
08/07/2024 14:03,Zone Sud,Agence des Collines,Guichet,3,4,,Agence propre et bien organisée,Réduire les frais de tenue de compte
08/07/2024 14:48,Zone Est,Agence des Acacias,Conseiller clientèle,4,5,Personnel accueillant et souriant,Conseiller à l'écoute du client,
08/07/2024 16:12,Zone Est,Agence de l'Horloge,Application mobile,5,3,,,Climatiser la salle d'attente de l'agence
09/07/2024 09:10,Zone Nord,Agence des Palmiers,Guichet,5,5,Très bonne orientation dès l'entrée,,Réduire le temps d'attente au guichet
09/07/2024 09:20,Zone Sud,Agence de la Rivière,Conseiller clientèle,5,4,Prise en charge rapide au guichet,,
09/07/2024 10:57,Zone Centre,Agence du Parc,Guichet,4,4,Prise en charge rapide au guichet,Conseiller à l'écoute du client,
09/07/2024 11:56,Zone Centre,Agence de la Gare,Centre d'appels,4,4,Service rapide et efficace,Prise en charge rapide au guichet,Mettre en place un système de tickets plus clair
09/07/2024 15:43,Zone Ouest,Agence de la Corniche,GAB,5,4,Personnel accueillant et souriant,,Ajouter un guichet automatique dans le quartier
09/07/2024 15:44,Zone Nord,Agence des Dunes,Accueil,4,2,Prise en charge rapide au guichet,,Ouvrir l'agence le samedi matin
09/07/2024 16:26,Zone Nord,Agence du Littoral,Guichet,5,4,,,
09/07/2024 16:29,Zone Nord,Agence des Dunes,Guichet,5,5,Agence propre et bien organisée,,Climatiser la salle d'attente de l'agence
09/07/2024 16:49,Zone Sud,Agence des Collines,Conseiller clientèle,4,4,,Agence propre et bien organisée,
10/07/2024 09:00,Zone Centre,Agence de la Gare,Conseiller clientèle,4,3,Conseiller à l'écoute du client,,
10/07/2024 09:45,Zone Ouest,Agence du Phare,Accueil,4,3,Personnel accueillant et souriant,,
10/07/2024 09:57,Zone Est,Agence des Acacias,Application mobile,4,4,,,Réduire le temps d'attente au guichet
10/07/2024 10:35,Zone Ouest,Agence de la Corniche,GAB,3,3,,Prise en charge rapide au guichet,Proposer plus de services sur l'application mobile
10/07/2024 11:08,Zone Centre,Agence de la Gare,Guichet,5,5,,,Ajouter un guichet automatique dans le quartier
10/07/2024 11:17,Zone Est,Agence de l'Horloge,Application mobile,4,5,,Agence propre et bien organisée,Réduire les frais de tenue de compte
10/07/2024 14:39,Zone Ouest,Agence du Phare,Accueil,4,4,,Très bonne orientation dès l'entrée,Améliorer l'application mobile de la banque
10/07/2024 16:02,Zone Ouest,Agence de la Corniche,Conseiller clientèle,4,3,Agence propre et bien organisée,,Mettre en place un système de tickets plus clair
10/07/2024 16:11,Zone Nord,Agence des Palmiers,Guichet,2,5,Horaires d'ouverture peu pratiques,File d'attente mal organisée,
11/07/2024 08:16,Zone Nord,Agence des Palmiers,Conseiller clientèle,5,5,Très bonne orientation dès l'entrée,,
11/07/2024 09:00,Zone Nord,Agence des Palmiers,Accueil,5,5,Conseiller à l'écoute du client,,Réduire les frais de tenue de compte
11/07/2024 09:25,Zone Est,Agence de l'Horloge,Guichet,3,4,,,
11/07/2024 11:00,Zone Nord,Agence du Littoral,Guichet,5,5,,Conseiller à l'écoute du client,
11/07/2024 12:02,Zone Nord,Agence des Palmiers,GAB,4,2,Conseiller à l'écoute du client,Guichet automatique souvent en panne,Ajouter un guichet automatique dans le quartier
11/07/2024 12:44,Zone Nord,Agence des Palmiers,Conseiller clientèle,3,3,,,
11/07/2024 13:08,Zone Est,Agence de l'Horloge,Conseiller clientèle,4,3,Prise en charge rapide au guichet,,Climatiser la salle d'attente de l'agence
11/07/2024 13:19,Zone Ouest,Agence de la Corniche,GAB,5,3,Conseiller à l'écoute du client,,Réduire les frais de tenue de compte
11/07/2024 13:56,Zone Nord,Agence des Dunes,Centre d'appels,5,3,Conseiller à l'écoute du client,,
12/07/2024 08:04,Zone Ouest,Agence de la Corniche,Guichet,3,5,,Temps d'attente trop long au guichet,Augmenter le personnel aux heures de pointe
12/07/2024 10:36,Zone Nord,Agence des Palmiers,Conseiller clientèle,5,5,,,
12/07/2024 11:11,Zone Ouest,Agence de la Corniche,Guichet,4,3,Conseiller à l'écoute du client,,Climatiser la salle d'attente de l'agence
12/07/2024 11:17,Zone Nord,Agence des Dunes,GAB,2,4,Manque de personnel aux heures de pointe,,Installer plus de sièges dans la salle d'attente
12/07/2024 14:44,Zone Nord,Agence du Littoral,Accueil,5,4,Conseiller à l'écoute du client,,
12/07/2024 14:59,Zone Ouest,Agence du Phare,Guichet,4,3,Prise en charge rapide au guichet,,Mettre en place un système de tickets plus clair
13/07/2024 10:40,Zone Centre,Agence de la Gare,Application mobile,4,5,,,
13/07/2024 11:00,Zone Centre,Agence du Marché,Guichet,5,2,,Guichet automatique souvent en panne,Améliorer l'application mobile de la banque
15/07/2024 08:21,Zone Est,Agence du Stade,GAB,4,3,,,
15/07/2024 09:07,Zone Sud,Agence des Collines,Conseiller clientèle,4,3,,,Mettre en place un système de tickets plus clair
15/07/2024 09:34,Zone Centre,Agence du Marché,GAB,3,4,,Guichet automatique souvent en panne,
15/07/2024 10:23,Zone Ouest,Agence de la Corniche,Conseiller clientèle,5,4,,Prise en charge rapide au guichet,Améliorer l'application mobile de la banque
15/07/2024 10:50,Zone Centre,Agence du Parc,GAB,3,5,Personnel accueillant et souriant,Temps d'attente trop long au guichet,Réduire les frais de tenue de compte
15/07/2024 15:06,Zone Ouest,Agence de la Corniche,GAB,5,2,Agence propre et bien organisée,Horaires d'ouverture peu pratiques,
16/07/2024 10:33,Zone Nord,Agence des Dunes,Conseiller clientèle,2,4,File d'attente mal organisée,,
16/07/2024 10:57,Zone Est,Agence des Acacias,Guichet,4,5,Prise en charge rapide au guichet,Très bonne orientation dès l'entrée,Réduire les frais de tenue de compte
16/07/2024 12:47,Zone Est,Agence des Acacias,Centre d'appels,5,5,Très bonne orientation dès l'entrée,Prise en charge rapide au guichet,Ajouter un guichet automatique dans le quartier
16/07/2024 15:26,Zone Sud,Agence des Collines,Conseiller clientèle,3,4,,,
17/07/2024 08:06,Zone Ouest,Agence du Phare,Accueil,4,3,,Manque de personnel aux heures de pointe,
17/07/2024 08:17,Zone Est,Agence de l'Horloge,GAB,4,5,Manque de personnel aux heures de pointe,,Réduire le temps d'attente au guichet
17/07/2024 09:11,Zone Est,Agence des Acacias,GAB,5,4,Service rapide et efficace,,Réduire les frais de tenue de compte
17/07/2024 12:33,Zone Ouest,Agence du Phare,Guichet,3,3,,Guichet automatique souvent en panne,
17/07/2024 15:04,Zone Ouest,Agence du Phare,Centre d'appels,4,5,,Personnel accueillant et souriant,
17/07/2024 17:44,Zone Sud,Agence de la Rivière,Guichet,5,5,Peu d'écoute face à ma réclamation,Personnel accueillant et souriant,Améliorer le temps d'attente en agence
18/07/2024 08:10,Zone Centre,Agence du Parc,Conseiller clientèle,4,5,Conseiller à l'écoute du client,,Réduire le temps d'attente au guichet
18/07/2024 09:07,Zone Est,Agence des Acacias,Guichet,5,3,,Manque de personnel aux heures de pointe,Améliorer le temps d'attente en agence
18/07/2024 09:40,Zone Nord,Agence des Dunes,Guichet,4,4,Conseiller à l'écoute du client,,Améliorer le temps d'attente en agence
18/07/2024 09:43,Zone Ouest,Agence du Phare,Accueil,3,2,Personnel accueillant et souriant,Manque de personnel aux heures de pointe,
18/07/2024 10:32,Zone Est,Agence du Stade,Application mobile,2,4,Peu d'écoute face à ma réclamation,Conseiller à l'écoute du client,
18/07/2024 13:37,Zone Sud,Agence de la Rivière,Centre d'appels,5,5,Service rapide et efficace,,Réduire le temps d'attente au guichet
18/07/2024 14:20,Zone Sud,Agence des Collines,Application mobile,1,3,Manque de personnel aux heures de pointe,,
18/07/2024 14:48,Zone Nord,Agence des Palmiers,Conseiller clientèle,5,5,Prise en charge rapide au guichet,,
18/07/2024 15:26,Zone Sud,Agence des Collines,Conseiller clientèle,3,2,Très bonne orientation dès l'entrée,Personnel accueillant et souriant,Augmenter le personnel aux heures de pointe
18/07/2024 15:58,Zone Centre,Agence de la Gare,Accueil,5,4,Prise en charge rapide au guichet,Prise en charge rapide au guichet,Former le personnel à l'accueil des clients
19/07/2024 09:59,Zone Sud,Agence des Collines,Application mobile,4,4,,Personnel accueillant et souriant,Mettre en place un système de tickets plus clair
19/07/2024 10:17,Zone Ouest,Agence de la Corniche,Accueil,5,3,Agence propre et bien organisée,,
19/07/2024 10:17,Zone Est,Agence du Stade,Accueil,4,5,,,
19/07/2024 10:31,Zone Nord,Agence des Dunes,GAB,4,3,,,
19/07/2024 10:55,Zone Ouest,Agence de la Corniche,Guichet,2,5,Guichet automatique souvent en panne,Service rapide et efficace,Améliorer le temps d'attente en agence
19/07/2024 10:59,Zone Nord,Agence des Dunes,GAB,5,3,Horaires d'ouverture peu pratiques,,
19/07/2024 12:52,Zone Est,Agence de l'Horloge,Conseiller clientèle,4,4,Agence propre et bien organisée,Personnel accueillant et souriant,
19/07/2024 13:48,Zone Centre,Agence de la Gare,Guichet,4,4,,,Réduire les frais de tenue de compte
19/07/2024 16:59,Zone Est,Agence de l'Horloge,Conseiller clientèle,3,5,,,Améliorer le temps d'attente en agence
19/07/2024 17:47,Zone Centre,Agence de la Gare,Accueil,4,5,Personnel accueillant et souriant,Conseiller à l'écoute du client,Climatiser la salle d'attente de l'agence
20/07/2024 09:53,Zone Centre,Agence du Marché,Guichet,4,5,Conseiller à l'écoute du client,,Réduire le temps d'attente au guichet
20/07/2024 15:48,Zone Est,Agence du Stade,GAB,4,5,,Prise en charge rapide au guichet,Installer plus de sièges dans la salle d'attente
20/07/2024 16:57,Zone Est,Agence de l'Horloge,Conseiller clientèle,4,4,Agence propre et bien organisée,Agence propre et bien organisée,
22/07/2024 08:38,Zone Nord,Agence du Littoral,Conseiller clientèle,5,5,Très bonne orientation dès l'entrée,,Former le personnel à l'accueil des clients
22/07/2024 08:51,Zone Nord,Agence des Palmiers,Conseiller clientèle,4,3,,,Ajouter un guichet automatique dans le quartier
22/07/2024 08:59,Zone Est,Agence des Acacias,Guichet,5,3,Prise en charge rapide au guichet,,Mettre en place un système de tickets plus clair
22/07/2024 10:11,Zone Nord,Agence des Palmiers,Application mobile,5,4,Service rapide et efficace,Horaires d'ouverture peu pratiques,
22/07/2024 11:05,Zone Sud,Agence des Collines,Accueil,4,2,Service rapide et efficace,Guichet automatique souvent en panne,Améliorer l'application mobile de la banque
22/07/2024 11:15,Zone Centre,Agence du Parc,GAB,4,5,Agence propre et bien organisée,Personnel accueillant et souriant,Installer plus de sièges dans la salle d'attente
22/07/2024 11:50,Zone Nord,Agence du Littoral,Conseiller clientèle,4,3,Personnel accueillant et souriant,,Former le personnel à l'accueil des clients
22/07/2024 14:27,Zone Centre,Agence de la Gare,Guichet,5,4,Très bonne orientation dès l'entrée,Service rapide et efficace,
22/07/2024 14:28,Zone Est,Agence de l'Horloge,Guichet,5,4,Agence propre et bien organisée,Prise en charge rapide au guichet,Mettre en place un système de tickets plus clair
22/07/2024 15:16,Zone Ouest,Agence de la Corniche,Application mobile,5,3,,,Ouvrir l'agence le samedi matin
22/07/2024 16:02,Zone Sud,Agence des Collines,Accueil,3,5,,File d'attente mal organisée,Augmenter le personnel aux heures de pointe
22/07/2024 16:39,Zone Nord,Agence des Dunes,Guichet,4,4,,,Augmenter le personnel aux heures de pointe
23/07/2024 09:18,Zone Nord,Agence des Palmiers,GAB,3,4,,Agence propre et bien organisée,
23/07/2024 10:19,Zone Sud,Agence des Collines,Guichet,4,3,,Prise en charge rapide au guichet,
23/07/2024 10:30,Zone Sud,Agence des Collines,Accueil,4,3,File d'attente mal organisée,Guichet automatique souvent en panne,Proposer plus de services sur l'application mobile
23/07/2024 11:59,Zone Est,Agence de l'Horloge,Centre d'appels,5,4,Personnel accueillant et souriant,Très bonne orientation dès l'entrée,Réduire le temps d'attente au guichet
23/07/2024 14:47,Zone Est,Agence des Acacias,Conseiller clientèle,5,5,Personnel accueillant et souriant,Personnel accueillant et souriant,
23/07/2024 15:04,Zone Centre,Agence du Parc,Centre d'appels,5,3,Prise en charge rapide au guichet,,Installer plus de sièges dans la salle d'attente
23/07/2024 16:21,Zone Ouest,Agence de la Corniche,Conseiller clientèle,3,3,,Service rapide et efficace,Ajouter un guichet automatique dans le quartier
24/07/2024 10:20,Zone Centre,Agence du Parc,Conseiller clientèle,3,4,,,Former le personnel à l'accueil des clients
24/07/2024 11:12,Zone Centre,Agence du Parc,Application mobile,5,4,Service rapide et efficace,,
24/07/2024 13:51,Zone Est,Agence des Acacias,Accueil,4,5,,Conseiller à l'écoute du client,Réduire le temps d'attente au guichet
24/07/2024 15:12,Zone Nord,Agence des Dunes,Guichet,5,3,Personnel accueillant et souriant,,
25/07/2024 09:35,Zone Est,Agence du Stade,Application mobile,5,2,,File d'attente mal organisée,Proposer plus de services sur l'application mobile
25/07/2024 09:55,Zone Ouest,Agence de la Corniche,Centre d'appels,5,3,Prise en charge rapide au guichet,,
25/07/2024 10:20,Zone Ouest,Agence du Phare,Guichet,3,4,,Prise en charge rapide au guichet,Réduire les frais de tenue de compte
25/07/2024 12:19,Zone Sud,Agence des Collines,Centre d'appels,5,3,Prise en charge rapide au guichet,,
25/07/2024 13:17,Zone Centre,Agence du Parc,Guichet,5,4,,,Installer plus de sièges dans la salle d'attente
25/07/2024 15:15,Zone Nord,Agence du Littoral,Conseiller clientèle,5,5,,Service rapide et efficace,
25/07/2024 15:17,Zone Sud,Agence des Collines,Guichet,3,5,Agence propre et bien organisée,Service rapide et efficace,
25/07/2024 15:45,Zone Est,Agence des Acacias,Application mobile,5,3,Agence propre et bien organisée,Guichet automatique souvent en panne,Améliorer le temps d'attente en agence
25/07/2024 16:51,Zone Centre,Agence de la Gare,Application mobile,4,4,,File d'attente mal organisée,
26/07/2024 09:10,Zone Est,Agence des Acacias,Accueil,4,5,Très bonne orientation dès l'entrée,Personnel accueillant et souriant,Améliorer le temps d'attente en agence
26/07/2024 10:51,Zone Est,Agence de l'Horloge,Conseiller clientèle,3,3,,,Ouvrir l'agence le samedi matin
26/07/2024 11:48,Zone Ouest,Agence de la Corniche,Guichet,4,3,,Peu d'écoute face à ma réclamation,Mettre en place un système de tickets plus clair
26/07/2024 15:01,Zone Ouest,Agence de la Corniche,Centre d'appels,2,4,Manque de personnel aux heures de pointe,,Améliorer l'application mobile de la banque
26/07/2024 15:23,Zone Sud,Agence des Collines,Accueil,5,2,,,
26/07/2024 16:23,Zone Sud,Agence des Collines,Accueil,4,3,Service rapide et efficace,,
26/07/2024 16:59,Zone Nord,Agence des Dunes,Conseiller clientèle,4,3,Manque de personnel aux heures de pointe,,
27/07/2024 08:34,Zone Nord,Agence des Dunes,Conseiller clientèle,3,4,,Personnel accueillant et souriant,Ouvrir l'agence le samedi matin
27/07/2024 15:22,Zone Est,Agence de l'Horloge,Conseiller clientèle,3,3,Horaires d'ouverture peu pratiques,,
29/07/2024 08:06,Zone Est,Agence des Acacias,GAB,5,4,Conseiller à l'écoute du client,Guichet automatique souvent en panne,Proposer plus de services sur l'application mobile
29/07/2024 08:13,Zone Centre,Agence de la Gare,Guichet,3,2,Guichet automatique souvent en panne,Guichet automatique souvent en panne,Réduire le temps d'attente au guichet
29/07/2024 08:14,Zone Ouest,Agence de la Corniche,Centre d'appels,3,5,File d'attente mal organisée,Personnel accueillant et souriant,
29/07/2024 08:31,Zone Nord,Agence des Dunes,GAB,4,3,Conseiller à l'écoute du client,,Ajouter un guichet automatique dans le quartier
29/07/2024 09:08,Zone Sud,Agence de la Rivière,GAB,5,4,Très bonne orientation dès l'entrée,Très bonne orientation dès l'entrée,
29/07/2024 10:41,Zone Centre,Agence du Marché,Guichet,4,5,Manque de personnel aux heures de pointe,Prise en charge rapide au guichet,Mettre en place un système de tickets plus clair
29/07/2024 12:05,Zone Nord,Agence des Dunes,GAB,3,5,,Personnel accueillant et souriant,Ajouter un guichet automatique dans le quartier
29/07/2024 12:57,Zone Ouest,Agence de la Corniche,Application mobile,2,3,Peu d'écoute face à ma réclamation,,Réduire les frais de tenue de compte
29/07/2024 15:37,Zone Sud,Agence des Collines,Conseiller clientèle,3,3,,,Améliorer l'application mobile de la banque
29/07/2024 16:07,Zone Nord,Agence du Littoral,Accueil,5,5,,Personnel accueillant et souriant,
30/07/2024 09:06,Zone Est,Agence des Acacias,Guichet,5,5,Prise en charge rapide au guichet,Service rapide et efficace,
30/07/2024 11:17,Zone Est,Agence de l'Horloge,Guichet,4,5,Agence propre et bien organisée,Agence propre et bien organisée,Climatiser la salle d'attente de l'agence
30/07/2024 11:51,Zone Centre,Agence de la Gare,Accueil,5,5,,Personnel accueillant et souriant,
30/07/2024 11:55,Zone Sud,Agence de la Rivière,Application mobile,4,5,Conseiller à l'écoute du client,,Proposer plus de services sur l'application mobile
30/07/2024 14:53,Zone Ouest,Agence de la Corniche,Conseiller clientèle,4,4,Service rapide et efficace,,Climatiser la salle d'attente de l'agence
30/07/2024 15:28,Zone Ouest,Agence de la Corniche,Guichet,3,3,Très bonne orientation dès l'entrée,Peu d'écoute face à ma réclamation,
30/07/2024 15:42,Zone Ouest,Agence du Phare,Guichet,4,5,Personnel accueillant et souriant,Service rapide et efficace,
30/07/2024 17:06,Zone Est,Agence des Acacias,GAB,5,5,Très bonne orientation dès l'entrée,Agence propre et bien organisée,Ajouter un guichet automatique dans le quartier
31/07/2024 08:26,Zone Sud,Agence de la Rivière,Guichet,4,5,Très bonne orientation dès l'entrée,,
31/07/2024 08:45,Zone Ouest,Agence du Phare,GAB,4,5,Prise en charge rapide au guichet,Conseiller à l'écoute du client,Ouvrir l'agence le samedi matin
31/07/2024 10:49,Zone Ouest,Agence du Phare,Guichet,3,3,,File d'attente mal organisée,
31/07/2024 11:00,Zone Est,Agence des Acacias,Accueil,5,5,Manque de personnel aux heures de pointe,Très bonne orientation dès l'entrée,
31/07/2024 11:11,Zone Centre,Agence de la Gare,GAB,5,5,Prise en charge rapide au guichet,,
31/07/2024 12:58,Zone Ouest,Agence de la Corniche,Conseiller clientèle,2,4,Manque de personnel aux heures de pointe,Prise en charge rapide au guichet,
31/07/2024 14:19,Zone Nord,Agence du Littoral,GAB,5,4,,,Réduire les frais de tenue de compte
31/07/2024 15:48,Zone Sud,Agence des Collines,Guichet,5,4,Service rapide et efficace,Personnel accueillant et souriant,Améliorer l'application mobile de la banque
01/08/2024 08:28,Zone Ouest,Agence du Phare,Application mobile,2,4,File d'attente mal organisée,,Augmenter le personnel aux heures de pointe
01/08/2024 09:50,Zone Nord,Agence du Littoral,Conseiller clientèle,4,5,Très bonne orientation dès l'entrée,,Réduire les frais de tenue de compte
01/08/2024 10:22,Zone Sud,Agence des Collines,GAB,5,5,Personnel accueillant et souriant,,Climatiser la salle d'attente de l'agence
01/08/2024 11:10,Zone Sud,Agence des Collines,Accueil,5,3,Personnel accueillant et souriant,,
01/08/2024 11:18,Zone Centre,Agence de la Gare,Guichet,3,5,,Très bonne orientation dès l'entrée,
01/08/2024 11:27,Zone Sud,Agence des Collines,Accueil,4,3,Très bonne orientation dès l'entrée,Horaires d'ouverture peu pratiques,Ouvrir l'agence le samedi matin
01/08/2024 11:29,Zone Ouest,Agence de la Corniche,Conseiller clientèle,4,4,Service rapide et efficace,Service rapide et efficace,Former le personnel à l'accueil des clients
01/08/2024 13:00,Zone Centre,Agence de la Gare,Conseiller clientèle,4,4,Agence propre et bien organisée,Prise en charge rapide au guichet,Proposer plus de services sur l'application mobile
01/08/2024 15:01,Zone Nord,Agence des Dunes,Conseiller clientèle,3,4,File d'attente mal organisée,Agence propre et bien organisée,Climatiser la salle d'attente de l'agence
01/08/2024 16:18,Zone Nord,Agence du Littoral,Conseiller clientèle,3,3,,,Proposer plus de services sur l'application mobile
01/08/2024 16:58,Zone Centre,Agence du Parc,Conseiller clientèle,4,5,Personnel accueillant et souriant,Personnel accueillant et souriant,
01/08/2024 17:34,Zone Centre,Agence de la Gare,Guichet,3,4,Horaires d'ouverture peu pratiques,Conseiller à l'écoute du client,Augmenter le personnel aux heures de pointe
02/08/2024 09:56,Zone Centre,Agence de la Gare,Centre d'appels,4,5,Conseiller à l'écoute du client,,
02/08/2024 10:38,Zone Centre,Agence du Parc,Conseiller clientèle,5,5,,,
02/08/2024 11:48,Zone Est,Agence de l'Horloge,Conseiller clientèle,4,5,,Conseiller à l'écoute du client,Ouvrir l'agence le samedi matin
02/08/2024 14:32,Zone Centre,Agence de la Gare,Conseiller clientèle,3,5,,,
02/08/2024 14:39,Zone Est,Agence du Stade,Application mobile,4,3,Personnel accueillant et souriant,Horaires d'ouverture peu pratiques,Ouvrir l'agence le samedi matin
02/08/2024 15:52,Zone Est,Agence de l'Horloge,GAB,3,4,Peu d'écoute face à ma réclamation,Prise en charge rapide au guichet,Ouvrir l'agence le samedi matin
02/08/2024 16:48,Zone Sud,Agence des Collines,Accueil,4,5,,,
02/08/2024 17:07,Zone Sud,Agence des Collines,Conseiller clientèle,3,2,,Horaires d'ouverture peu pratiques,Réduire le temps d'attente au guichet
02/08/2024 17:19,Zone Ouest,Agence du Phare,GAB,4,3,Service rapide et efficace,,Installer plus de sièges dans la salle d'attente
03/08/2024 09:39,Zone Sud,Agence des Collines,Application mobile,3,4,,Prise en charge rapide au guichet,
03/08/2024 10:13,Zone Nord,Agence des Dunes,Accueil,3,3,Agence propre et bien organisée,,
05/08/2024 08:18,Zone Est,Agence des Acacias,Guichet,4,5,,,
05/08/2024 09:19,Zone Est,Agence de l'Horloge,Accueil,4,5,Très bonne orientation dès l'entrée,Conseiller à l'écoute du client,Améliorer le temps d'attente en agence
05/08/2024 12:25,Zone Nord,Agence des Dunes,GAB,3,3,,,
05/08/2024 13:30,Zone Est,Agence de l'Horloge,Conseiller clientèle,3,4,,Prise en charge rapide au guichet,Mettre en place un système de tickets plus clair
05/08/2024 14:07,Zone Est,Agence des Acacias,Guichet,4,3,Prise en charge rapide au guichet,,Ouvrir l'agence le samedi matin
05/08/2024 14:18,Zone Est,Agence des Acacias,Conseiller clientèle,3,4,,Personnel accueillant et souriant,
05/08/2024 15:40,Zone Ouest,Agence du Phare,Accueil,5,3,,Peu d'écoute face à ma réclamation,
05/08/2024 17:29,Zone Nord,Agence des Dunes,Conseiller clientèle,5,4,Très bonne orientation dès l'entrée,Personnel accueillant et souriant,
06/08/2024 10:37,Zone Nord,Agence des Dunes,GAB,4,3,Conseiller à l'écoute du client,Guichet automatique souvent en panne,Mettre en place un système de tickets plus clair
06/08/2024 10:46,Zone Nord,Agence du Littoral,Guichet,5,5,,Conseiller à l'écoute du client,
06/08/2024 12:36,Zone Nord,Agence des Palmiers,Application mobile,2,4,File d'attente mal organisée,,
06/08/2024 12:45,Zone Ouest,Agence de la Corniche,Centre d'appels,3,3,,,Installer plus de sièges dans la salle d'attente
06/08/2024 12:59,Zone Centre,Agence du Parc,Conseiller clientèle,3,5,Manque de personnel aux heures de pointe,Personnel accueillant et souriant,Réduire les frais de tenue de compte
06/08/2024 14:04,Zone Nord,Agence des Palmiers,Guichet,4,4,Service rapide et efficace,Très bonne orientation dès l'entrée,
06/08/2024 15:01,Zone Centre,Agence de la Gare,Guichet,5,5,,Agence propre et bien organisée,Ouvrir l'agence le samedi matin
06/08/2024 15:34,Zone Nord,Agence du Littoral,GAB,4,5,Conseiller à l'écoute du client,Très bonne orientation dès l'entrée,
07/08/2024 08:38,Zone Centre,Agence de la Gare,Conseiller clientèle,4,3,Service rapide et efficace,,
07/08/2024 09:03,Zone Centre,Agence de la Gare,Guichet,4,4,,Personnel accueillant et souriant,
07/08/2024 09:51,Zone Centre,Agence de la Gare,Accueil,4,3,Prise en charge rapide au guichet,,Installer plus de sièges dans la salle d'attente
07/08/2024 09:52,Zone Nord,Agence des Dunes,GAB,4,5,Conseiller à l'écoute du client,Agence propre et bien organisée,Ajouter un guichet automatique dans le quartier
07/08/2024 11:24,Zone Ouest,Agence de la Corniche,GAB,3,4,,Service rapide et efficace,Former le personnel à l'accueil des clients
07/08/2024 11:46,Zone Est,Agence du Stade,GAB,5,3,Personnel accueillant et souriant,,Augmenter le personnel aux heures de pointe
07/08/2024 12:23,Zone Centre,Agence de la Gare,GAB,4,4,Service rapide et efficace,,
07/08/2024 13:08,Zone Est,Agence des Acacias,Guichet,5,4,Prise en charge rapide au guichet,Agence propre et bien organisée,
07/08/2024 15:02,Zone Centre,Agence du Parc,Conseiller clientèle,4,3,Service rapide et efficace,,
07/08/2024 15:42,Zone Est,Agence du Stade,GAB,3,3,,Conseiller à l'écoute du client,Augmenter le personnel aux heures de pointe
07/08/2024 16:05,Zone Ouest,Agence du Phare,Application mobile,4,3,Très bonne orientation dès l'entrée,Peu d'écoute face à ma réclamation,
08/08/2024 10:59,Zone Centre,Agence du Parc,Guichet,4,2,Très bonne orientation dès l'entrée,Guichet automatique souvent en panne,
08/08/2024 11:39,Zone Sud,Agence des Collines,Conseiller clientèle,3,4,,Service rapide et efficace,Ajouter un guichet automatique dans le quartier
08/08/2024 12:46,Zone Nord,Agence des Dunes,Guichet,2,5,Horaires d'ouverture peu pratiques,Très bonne orientation dès l'entrée,
08/08/2024 12:47,Zone Nord,Agence des Palmiers,Conseiller clientèle,4,5,Personnel accueillant et souriant,Prise en charge rapide au guichet,Climatiser la salle d'attente de l'agence
08/08/2024 13:37,Zone Est,Agence du Stade,Conseiller clientèle,5,3,Personnel accueillant et souriant,,Ouvrir l'agence le samedi matin
08/08/2024 14:00,Zone Est,Agence du Stade,Conseiller clientèle,4,4,Guichet automatique souvent en panne,Service rapide et efficace,
08/08/2024 15:18,Zone Nord,Agence du Littoral,Guichet,5,5,Agence propre et bien organisée,Agence propre et bien organisée,Réduire le temps d'attente au guichet
08/08/2024 16:36,Zone Centre,Agence du Parc,Conseiller clientèle,5,4,Agence propre et bien organisée,,
08/08/2024 16:50,Zone Sud,Agence de la Rivière,Guichet,4,4,Prise en charge rapide au guichet,Prise en charge rapide au guichet,Proposer plus de services sur l'application mobile
09/08/2024 08:00,Zone Nord,Agence du Littoral,Conseiller clientèle,5,5,Service rapide et efficace,Peu d'écoute face à ma réclamation,Former le personnel à l'accueil des clients
09/08/2024 08:01,Zone Ouest,Agence de la Corniche,Guichet,4,2,,Manque de personnel aux heures de pointe,
09/08/2024 08:20,Zone Sud,Agence des Collines,Centre d'appels,2,3,Guichet automatique souvent en panne,Guichet automatique souvent en panne,Augmenter le personnel aux heures de pointe
09/08/2024 09:11,Zone Sud,Agence de la Rivière,GAB,4,3,Conseiller à l'écoute du client,,
09/08/2024 09:17,Zone Sud,Agence des Collines,GAB,4,3,Agence propre et bien organisée,Service rapide et efficace,Proposer plus de services sur l'application mobile
09/08/2024 09:34,Zone Ouest,Agence de la Corniche,Application mobile,3,5,Horaires d'ouverture peu pratiques,,Installer plus de sièges dans la salle d'attente
09/08/2024 09:39,Zone Ouest,Agence du Phare,Accueil,2,3,Temps d'attente trop long au guichet,,Ouvrir l'agence le samedi matin
09/08/2024 09:47,Zone Centre,Agence de la Gare,GAB,4,5,,Prise en charge rapide au guichet,Proposer plus de services sur l'application mobile
09/08/2024 11:06,Zone Est,Agence du Stade,Guichet,4,4,Personnel accueillant et souriant,,Mettre en place un système de tickets plus clair
09/08/2024 11:17,Zone Centre,Agence de la Gare,Guichet,3,4,Peu d'écoute face à ma réclamation,,Ajouter un guichet automatique dans le quartier
09/08/2024 11:45,Zone Centre,Agence du Marché,Guichet,2,5,Temps d'attente trop long au guichet,Prise en charge rapide au guichet,
09/08/2024 12:07,Zone Ouest,Agence de la Corniche,Application mobile,4,3,Conseiller à l'écoute du client,,Mettre en place un système de tickets plus clair
09/08/2024 12:13,Zone Est,Agence du Stade,GAB,2,3,Horaires d'ouverture peu pratiques,,
09/08/2024 14:08,Zone Est,Agence des Acacias,Centre d'appels,4,4,,Service rapide et efficace,Augmenter le personnel aux heures de pointe
09/08/2024 15:33,Zone Ouest,Agence du Phare,GAB,4,5,Prise en charge rapide au guichet,Service rapide et efficace,
09/08/2024 15:42,Zone Ouest,Agence du Phare,Guichet,3,3,,,Réduire le temps d'attente au guichet
10/08/2024 09:00,Zone Ouest,Agence du Phare,Guichet,3,3,,,
10/08/2024 11:56,Zone Est,Agence des Acacias,Guichet,5,4,,Temps d'attente trop long au guichet,Réduire le temps d'attente au guichet
10/08/2024 12:08,Zone Nord,Agence des Palmiers,Accueil,4,4,,Service rapide et efficace,
10/08/2024 15:36,Zone Nord,Agence des Palmiers,Guichet,3,4,,,
10/08/2024 15:55,Zone Est,Agence du Stade,Application mobile,3,3,Prise en charge rapide au guichet,,Climatiser la salle d'attente de l'agence
10/08/2024 17:32,Zone Ouest,Agence de la Corniche,Guichet,4,2,,Peu d'écoute face à ma réclamation,Ajouter un guichet automatique dans le quartier
12/08/2024 09:05,Zone Centre,Agence de la Gare,Guichet,5,4,Personnel accueillant et souriant,,Réduire le temps d'attente au guichet
12/08/2024 09:25,Zone Nord,Agence des Dunes,Conseiller clientèle,4,4,Personnel accueillant et souriant,Service rapide et efficace,Réduire les frais de tenue de compte
12/08/2024 10:52,Zone Centre,Agence du Parc,Guichet,3,2,,,
12/08/2024 13:01,Zone Est,Agence des Acacias,Conseiller clientèle,5,5,Prise en charge rapide au guichet,Personnel accueillant et souriant,Former le personnel à l'accueil des clients
12/08/2024 14:06,Zone Est,Agence de l'Horloge,Guichet,5,3,Prise en charge rapide au guichet,,
12/08/2024 14:44,Zone Ouest,Agence de la Corniche,Conseiller clientèle,3,3,,,
12/08/2024 14:53,Zone Centre,Agence du Marché,Accueil,5,5,,,
12/08/2024 17:35,Zone Ouest,Agence de la Corniche,Guichet,5,3,,,
12/08/2024 17:57,Zone Centre,Agence du Marché,Conseiller clientèle,3,5,,Agence propre et bien organisée,
13/08/2024 08:40,Zone Nord,Agence des Palmiers,GAB,3,2,,Peu d'écoute face à ma réclamation,
13/08/2024 10:10,Zone Est,Agence de l'Horloge,Centre d'appels,5,3,,,Améliorer l'application mobile de la banque
13/08/2024 11:16,Zone Est,Agence des Acacias,Centre d'appels,4,3,Service rapide et efficace,Très bonne orientation dès l'entrée,
13/08/2024 13:22,Zone Est,Agence du Stade,Accueil,4,3,Personnel accueillant et souriant,,Améliorer l'application mobile de la banque
13/08/2024 15:57,Zone Nord,Agence des Palmiers,Guichet,2,3,Peu d'écoute face à ma réclamation,,
13/08/2024 16:01,Zone Nord,Agence des Palmiers,Guichet,5,5,,,Améliorer le temps d'attente en agence
13/08/2024 16:47,Zone Est,Agence de l'Horloge,GAB,5,3,,,Réduire le temps d'attente au guichet
14/08/2024 08:21,Zone Centre,Agence de la Gare,Conseiller clientèle,3,4,,Personnel accueillant et souriant,
14/08/2024 09:26,Zone Centre,Agence du Marché,GAB,3,4,,Personnel accueillant et souriant,Installer plus de sièges dans la salle d'attente
14/08/2024 10:07,Zone Nord,Agence des Dunes,GAB,3,3,,,Climatiser la salle d'attente de l'agence
14/08/2024 10:40,Zone Est,Agence des Acacias,Conseiller clientèle,4,5,,Service rapide et efficace,
14/08/2024 14:23,Zone Est,Agence des Acacias,Guichet,4,4,Prise en charge rapide au guichet,Conseiller à l'écoute du client,
14/08/2024 14:37,Zone Ouest,Agence de la Corniche,Guichet,4,3,,,Ajouter un guichet automatique dans le quartier
14/08/2024 15:34,Zone Centre,Agence du Marché,Application mobile,4,2,Prise en charge rapide au guichet,Horaires d'ouverture peu pratiques,Augmenter le personnel aux heures de pointe
14/08/2024 15:42,Zone Centre,Agence du Parc,Application mobile,5,5,Agence propre et bien organisée,,
15/08/2024 09:24,Zone Est,Agence de l'Horloge,Centre d'appels,5,4,Conseiller à l'écoute du client,Conseiller à l'écoute du client,
15/08/2024 09:59,Zone Nord,Agence des Dunes,Conseiller clientèle,4,3,,,Mettre en place un système de tickets plus clair
15/08/2024 12:10,Zone Est,Agence des Acacias,Accueil,4,5,Personnel accueillant et souriant,Très bonne orientation dès l'entrée,Ouvrir l'agence le samedi matin
15/08/2024 14:21,Zone Nord,Agence du Littoral,GAB,4,4,Conseiller à l'écoute du client,Agence propre et bien organisée,Former le personnel à l'accueil des clients
16/08/2024 08:34,Zone Sud,Agence de la Rivière,Conseiller clientèle,4,5,Personnel accueillant et souriant,Personnel accueillant et souriant,Proposer plus de services sur l'application mobile
16/08/2024 10:12,Zone Centre,Agence du Parc,Accueil,5,2,,Très bonne orientation dès l'entrée,
16/08/2024 11:22,Zone Centre,Agence du Parc,Guichet,4,4,,Guichet automatique souvent en panne,
16/08/2024 11:25,Zone Sud,Agence des Collines,Conseiller clientèle,3,3,,Service rapide et efficace,
16/08/2024 12:09,Zone Ouest,Agence de la Corniche,Conseiller clientèle,5,3,,,
16/08/2024 12:20,Zone Centre,Agence du Parc,Guichet,4,3,Conseiller à l'écoute du client,,Améliorer le temps d'attente en agence
16/08/2024 15:00,Zone Sud,Agence de la Rivière,Guichet,5,4,,Prise en charge rapide au guichet,
17/08/2024 10:38,Zone Ouest,Agence de la Corniche,Guichet,2,4,Temps d'attente trop long au guichet,Très bonne orientation dès l'entrée,Ouvrir l'agence le samedi matin
17/08/2024 17:20,Zone Centre,Agence du Parc,Conseiller clientèle,5,3,,,Former le personnel à l'accueil des clients
17/08/2024 17:45,Zone Sud,Agence de la Rivière,Conseiller clientèle,4,4,Conseiller à l'écoute du client,Service rapide et efficace,Améliorer le temps d'attente en agence
19/08/2024 09:17,Zone Sud,Agence de la Rivière,Conseiller clientèle,2,2,Peu d'écoute face à ma réclamation,Manque de personnel aux heures de pointe,Améliorer l'application mobile de la banque
19/08/2024 09:22,Zone Nord,Agence des Palmiers,Conseiller clientèle,3,5,,Prise en charge rapide au guichet,
19/08/2024 10:20,Zone Nord,Agence des Palmiers,Conseiller clientèle,4,3,,,
19/08/2024 10:47,Zone Est,Agence de l'Horloge,Conseiller clientèle,4,4,Agence propre et bien organisée,Personnel accueillant et souriant,Réduire les frais de tenue de compte
19/08/2024 11:47,Zone Centre,Agence de la Gare,Conseiller clientèle,2,5,Peu d'écoute face à ma réclamation,,
19/08/2024 11:48,Zone Centre,Agence du Marché,Guichet,5,4,Service rapide et efficace,,
19/08/2024 12:06,Zone Ouest,Agence du Phare,Accueil,4,5,,,Améliorer le temps d'attente en agence
19/08/2024 12:24,Zone Est,Agence de l'Horloge,Application mobile,5,5,Prise en charge rapide au guichet,Service rapide et efficace,
19/08/2024 14:20,Zone Est,Agence des Acacias,Guichet,5,4,,,Installer plus de sièges dans la salle d'attente
19/08/2024 14:44,Zone Sud,Agence de la Rivière,Conseiller clientèle,5,5,Très bonne orientation dès l'entrée,Personnel accueillant et souriant,Mettre en place un système de tickets plus clair
19/08/2024 15:30,Zone Est,Agence du Stade,Application mobile,3,5,File d'attente mal organisée,Guichet automatique souvent en panne,Installer plus de sièges dans la salle d'attente
19/08/2024 15:59,Zone Est,Agence du Stade,Conseiller clientèle,4,3,,Temps d'attente trop long au guichet,Ajouter un guichet automatique dans le quartier
19/08/2024 16:24,Zone Centre,Agence de la Gare,GAB,4,5,,Très bonne orientation dès l'entrée,Climatiser la salle d'attente de l'agence
19/08/2024 17:27,Zone Ouest,Agence de la Corniche,Application mobile,4,2,Temps d'attente trop long au guichet,Horaires d'ouverture peu pratiques,
20/08/2024 08:08,Zone Ouest,Agence de la Corniche,GAB,2,3,Peu d'écoute face à ma réclamation,,
20/08/2024 09:29,Zone Nord,Agence du Littoral,Conseiller clientèle,5,4,Manque de personnel aux heures de pointe,Personnel accueillant et souriant,
20/08/2024 09:49,Zone Centre,Agence de la Gare,Conseiller clientèle,4,3,,Très bonne orientation dès l'entrée,
20/08/2024 10:16,Zone Sud,Agence des Collines,Guichet,4,4,Manque de personnel aux heures de pointe,Personnel accueillant et souriant,
20/08/2024 10:34,Zone Nord,Agence des Dunes,Conseiller clientèle,4,4,Personnel accueillant et souriant,Conseiller à l'écoute du client,
20/08/2024 11:03,Zone Centre,Agence du Parc,Accueil,5,5,Très bonne orientation dès l'entrée,Très bonne orientation dès l'entrée,Proposer plus de services sur l'application mobile
20/08/2024 11:46,Zone Centre,Agence du Marché,GAB,2,3,Manque de personnel aux heures de pointe,Agence propre et bien organisée,
20/08/2024 12:29,Zone Ouest,Agence de la Corniche,Guichet,3,2,,Manque de personnel aux heures de pointe,
20/08/2024 12:38,Zone Nord,Agence du Littoral,Accueil,5,4,Service rapide et efficace,,Ajouter un guichet automatique dans le quartier
20/08/2024 14:29,Zone Est,Agence de l'Horloge,Guichet,5,3,Agence propre et bien organisée,,Mettre en place un système de tickets plus clair
20/08/2024 15:39,Zone Centre,Agence de la Gare,Centre d'appels,4,4,Service rapide et efficace,Personnel accueillant et souriant,Installer plus de sièges dans la salle d'attente
20/08/2024 17:23,Zone Sud,Agence de la Rivière,Conseiller clientèle,5,5,Très bonne orientation dès l'entrée,Très bonne orientation dès l'entrée,Réduire le temps d'attente au guichet
21/08/2024 08:14,Zone Ouest,Agence de la Corniche,Conseiller clientèle,4,3,,,Ajouter un guichet automatique dans le quartier
21/08/2024 08:36,Zone Est,Agence de l'Horloge,GAB,5,5,,Personnel accueillant et souriant,Ouvrir l'agence le samedi matin
21/08/2024 10:39,Zone Ouest,Agence de la Corniche,Guichet,5,4,,,
21/08/2024 12:24,Zone Sud,Agence de la Rivière,GAB,5,4,Guichet automatique souvent en panne,Très bonne orientation dès l'entrée,
21/08/2024 14:42,Zone Centre,Agence de la Gare,Conseiller clientèle,3,5,,,Améliorer l'application mobile de la banque
21/08/2024 16:44,Zone Sud,Agence des Collines,Centre d'appels,3,4,Peu d'écoute face à ma réclamation,,Ouvrir l'agence le samedi matin
22/08/2024 08:09,Zone Nord,Agence du Littoral,Application mobile,4,5,,Prise en charge rapide au guichet,Améliorer l'application mobile de la banque
22/08/2024 10:23,Zone Sud,Agence des Collines,Guichet,4,4,Très bonne orientation dès l'entrée,,Améliorer l'application mobile de la banque
22/08/2024 11:08,Zone Nord,Agence des Dunes,Application mobile,4,5,Prise en charge rapide au guichet,Agence propre et bien organisée,Réduire les frais de tenue de compte
22/08/2024 11:41,Zone Nord,Agence du Littoral,GAB,4,5,Personnel accueillant et souriant,Conseiller à l'écoute du client,Ajouter un guichet automatique dans le quartier
22/08/2024 12:50,Zone Est,Agence des Acacias,Conseiller clientèle,4,3,Personnel accueillant et souriant,,
22/08/2024 15:51,Zone Nord,Agence des Dunes,Application mobile,3,4,,Conseiller à l'écoute du client,
23/08/2024 08:44,Zone Nord,Agence du Littoral,Application mobile,5,5,,Très bonne orientation dès l'entrée,Améliorer le temps d'attente en agence
23/08/2024 10:48,Zone Nord,Agence des Dunes,Guichet,3,5,,Très bonne orientation dès l'entrée,
23/08/2024 12:22,Zone Nord,Agence des Palmiers,Guichet,5,5,,Personnel accueillant et souriant,
23/08/2024 13:13,Zone Ouest,Agence de la Corniche,Guichet,4,3,,,Réduire le temps d'attente au guichet
23/08/2024 14:10,Zone Centre,Agence de la Gare,Centre d'appels,5,4,Peu d'écoute face à ma réclamation,,
23/08/2024 17:50,Zone Nord,Agence du Littoral,Guichet,5,5,,Personnel accueillant et souriant,Améliorer l'application mobile de la banque
24/08/2024 08:36,Zone Nord,Agence du Littoral,GAB,5,5,,Personnel accueillant et souriant,Ouvrir l'agence le samedi matin
24/08/2024 08:46,Zone Est,Agence des Acacias,Centre d'appels,4,3,Conseiller à l'écoute du client,,
24/08/2024 08:50,Zone Nord,Agence des Dunes,Conseiller clientèle,3,4,,Agence propre et bien organisée,
24/08/2024 08:58,Zone Ouest,Agence de la Corniche,Guichet,4,3,Manque de personnel aux heures de pointe,,
24/08/2024 09:27,Zone Sud,Agence des Collines,Conseiller clientèle,3,3,File d'attente mal organisée,,Améliorer l'application mobile de la banque
24/08/2024 09:34,Zone Est,Agence de l'Horloge,Accueil,5,3,,,Ajouter un guichet automatique dans le quartier
24/08/2024 11:50,Zone Centre,Agence de la Gare,Application mobile,5,5,,,
24/08/2024 14:04,Zone Centre,Agence de la Gare,Conseiller clientèle,4,4,Personnel accueillant et souriant,Personnel accueillant et souriant,
24/08/2024 14:47,Zone Nord,Agence des Palmiers,Centre d'appels,5,3,Très bonne orientation dès l'entrée,,Climatiser la salle d'attente de l'agence
24/08/2024 16:26,Zone Est,Agence des Acacias,Accueil,5,4,Service rapide et efficace,,
26/08/2024 08:03,Zone Nord,Agence des Dunes,Conseiller clientèle,4,3,Très bonne orientation dès l'entrée,,
26/08/2024 09:28,Zone Sud,Agence des Collines,Accueil,4,2,Personnel accueillant et souriant,,Proposer plus de services sur l'application mobile
26/08/2024 10:16,Zone Nord,Agence des Dunes,Guichet,3,3,,Peu d'écoute face à ma réclamation,Améliorer l'application mobile de la banque
26/08/2024 10:33,Zone Sud,Agence de la Rivière,Conseiller clientèle,4,4,Très bonne orientation dès l'entrée,Très bonne orientation dès l'entrée,Former le personnel à l'accueil des clients
26/08/2024 11:42,Zone Est,Agence des Acacias,Conseiller clientèle,4,5,,,Augmenter le personnel aux heures de pointe
26/08/2024 13:21,Zone Sud,Agence des Collines,Centre d'appels,3,2,,File d'attente mal organisée,Augmenter le personnel aux heures de pointe
26/08/2024 16:08,Zone Nord,Agence des Dunes,Conseiller clientèle,4,3,Très bonne orientation dès l'entrée,,Ouvrir l'agence le samedi matin
26/08/2024 16:41,Zone Est,Agence des Acacias,Guichet,2,5,File d'attente mal organisée,Manque de personnel aux heures de pointe,
27/08/2024 09:40,Zone Nord,Agence des Dunes,Accueil,4,4,,Service rapide et efficace,Ouvrir l'agence le samedi matin
27/08/2024 09:44,Zone Ouest,Agence du Phare,Guichet,4,2,Très bonne orientation dès l'entrée,Guichet automatique souvent en panne,
27/08/2024 10:01,Zone Centre,Agence du Parc,Guichet,5,4,Prise en charge rapide au guichet,,Former le personnel à l'accueil des clients
27/08/2024 10:46,Zone Centre,Agence du Parc,Guichet,3,5,Peu d'écoute face à ma réclamation,,
27/08/2024 13:51,Zone Sud,Agence des Collines,Application mobile,3,3,,,
27/08/2024 14:19,Zone Sud,Agence de la Rivière,Application mobile,4,4,,,
27/08/2024 14:44,Zone Nord,Agence des Palmiers,Application mobile,4,4,Prise en charge rapide au guichet,,
27/08/2024 15:31,Zone Ouest,Agence de la Corniche,Accueil,2,3,,,Former le personnel à l'accueil des clients
27/08/2024 15:32,Zone Centre,Agence de la Gare,Guichet,4,5,Prise en charge rapide au guichet,Prise en charge rapide au guichet,Climatiser la salle d'attente de l'agence
28/08/2024 09:26,Zone Nord,Agence des Palmiers,GAB,5,5,Très bonne orientation dès l'entrée,,
28/08/2024 09:55,Zone Est,Agence du Stade,GAB,4,4,Prise en charge rapide au guichet,,Améliorer l'application mobile de la banque
28/08/2024 10:43,Zone Sud,Agence de la Rivière,Guichet,5,4,Agence propre et bien organisée,Agence propre et bien organisée,
28/08/2024 10:49,Zone Sud,Agence de la Rivière,GAB,5,4,Prise en charge rapide au guichet,Très bonne orientation dès l'entrée,Proposer plus de services sur l'application mobile
28/08/2024 10:49,Zone Ouest,Agence du Phare,Application mobile,2,3,Guichet automatique souvent en panne,,
28/08/2024 10:56,Zone Nord,Agence du Littoral,Guichet,5,5,,Agence propre et bien organisée,Former le personnel à l'accueil des clients
28/08/2024 11:12,Zone Sud,Agence de la Rivière,Conseiller clientèle,5,5,,Agence propre et bien organisée,Améliorer le temps d'attente en agence
28/08/2024 11:40,Zone Centre,Agence de la Gare,Accueil,5,5,,Très bonne orientation dès l'entrée,Réduire les frais de tenue de compte
28/08/2024 12:27,Zone Nord,Agence des Palmiers,Application mobile,5,5,,Agence propre et bien organisée,Augmenter le personnel aux heures de pointe
28/08/2024 13:55,Zone Centre,Agence de la Gare,Guichet,5,5,Service rapide et efficace,Conseiller à l'écoute du client,
28/08/2024 15:50,Zone Est,Agence du Stade,Accueil,5,1,,Manque de personnel aux heures de pointe,
28/08/2024 17:35,Zone Nord,Agence des Dunes,Guichet,5,4,Très bonne orientation dès l'entrée,Service rapide et efficace,Ouvrir l'agence le samedi matin
28/08/2024 17:58,Zone Ouest,Agence de la Corniche,GAB,3,3,,,Installer plus de sièges dans la salle d'attente
29/08/2024 10:28,Zone Ouest,Agence de la Corniche,Conseiller clientèle,3,4,,,Ajouter un guichet automatique dans le quartier
29/08/2024 10:36,Zone Ouest,Agence de la Corniche,Conseiller clientèle,3,2,,Temps d'attente trop long au guichet,Réduire le temps d'attente au guichet
29/08/2024 15:33,Zone Nord,Agence des Dunes,Application mobile,4,3,Très bonne orientation dès l'entrée,,Augmenter le personnel aux heures de pointe
29/08/2024 16:11,Zone Ouest,Agence du Phare,Conseiller clientèle,4,2,,Temps d'attente trop long au guichet,
30/08/2024 08:17,Zone Ouest,Agence de la Corniche,Conseiller clientèle,5,2,,Peu d'écoute face à ma réclamation,Réduire le temps d'attente au guichet
30/08/2024 08:38,Zone Centre,Agence du Parc,Application mobile,4,5,Prise en charge rapide au guichet,Service rapide et efficace,
30/08/2024 09:38,Zone Est,Agence du Stade,Guichet,4,4,Prise en charge rapide au guichet,,Réduire le temps d'attente au guichet
30/08/2024 09:59,Zone Nord,Agence du Littoral,Centre d'appels,5,5,,,Ajouter un guichet automatique dans le quartier
30/08/2024 10:41,Zone Est,Agence du Stade,Guichet,3,4,,Service rapide et efficace,
30/08/2024 12:21,Zone Sud,Agence des Collines,Centre d'appels,4,4,Agence propre et bien organisée,Service rapide et efficace,Mettre en place un système de tickets plus clair
30/08/2024 13:20,Zone Nord,Agence du Littoral,GAB,5,4,Agence propre et bien organisée,,Proposer plus de services sur l'application mobile
30/08/2024 13:39,Zone Est,Agence du Stade,GAB,4,4,Service rapide et efficace,Service rapide et efficace,Augmenter le personnel aux heures de pointe
30/08/2024 15:06,Zone Ouest,Agence de la Corniche,GAB,4,1,File d'attente mal organisée,Manque de personnel aux heures de pointe,
30/08/2024 15:26,Zone Nord,Agence des Dunes,Accueil,5,3,Personnel accueillant et souriant,,
30/08/2024 16:50,Zone Est,Agence du Stade,GAB,5,4,Service rapide et efficace,Agence propre et bien organisée,Ouvrir l'agence le samedi matin
31/08/2024 08:39,Zone Est,Agence de l'Horloge,Accueil,5,5,,Personnel accueillant et souriant,Former le personnel à l'accueil des clients
31/08/2024 09:25,Zone Est,Agence du Stade,Guichet,4,4,Personnel accueillant et souriant,,
31/08/2024 09:38,Zone Ouest,Agence du Phare,Guichet,3,4,,,Climatiser la salle d'attente de l'agence
31/08/2024 14:22,Zone Nord,Agence des Palmiers,Guichet,4,5,,Agence propre et bien organisée,
31/08/2024 16:46,Zone Ouest,Agence de la Corniche,Accueil,3,5,,Service rapide et efficace,
31/08/2024 17:37,Zone Nord,Agence des Palmiers,Guichet,4,4,,Conseiller à l'écoute du client,Installer plus de sièges dans la salle d'attente
02/09/2024 09:05,Zone Centre,Agence du Parc,Centre d'appels,4,4,Prise en charge rapide au guichet,Service rapide et efficace,
02/09/2024 11:15,Zone Centre,Agence de la Gare,GAB,3,4,,Guichet automatique souvent en panne,
02/09/2024 11:42,Zone Nord,Agence du Littoral,Conseiller clientèle,5,5,Très bonne orientation dès l'entrée,Peu d'écoute face à ma réclamation,
02/09/2024 11:59,Zone Sud,Agence des Collines,GAB,3,5,,Personnel accueillant et souriant,Proposer plus de services sur l'application mobile
02/09/2024 13:47,Zone Centre,Agence de la Gare,Application mobile,3,3,,,
02/09/2024 14:50,Zone Sud,Agence de la Rivière,Centre d'appels,3,5,,Service rapide et efficace,Réduire le temps d'attente au guichet
02/09/2024 15:30,Zone Centre,Agence du Marché,Conseiller clientèle,4,4,Personnel accueillant et souriant,,
03/09/2024 08:41,Zone Centre,Agence de la Gare,Guichet,3,3,,Guichet automatique souvent en panne,Proposer plus de services sur l'application mobile
03/09/2024 11:05,Zone Centre,Agence du Parc,Accueil,3,4,,Personnel accueillant et souriant,
03/09/2024 11:39,Zone Est,Agence du Stade,Conseiller clientèle,4,4,Conseiller à l'écoute du client,Personnel accueillant et souriant,Améliorer le temps d'attente en agence
03/09/2024 12:35,Zone Nord,Agence des Dunes,Centre d'appels,3,5,,Agence propre et bien organisée,Améliorer le temps d'attente en agence
03/09/2024 12:48,Zone Sud,Agence des Collines,Guichet,5,5,,Conseiller à l'écoute du client,Installer plus de sièges dans la salle d'attente
03/09/2024 13:03,Zone Centre,Agence du Parc,Guichet,5,5,Conseiller à l'écoute du client,Conseiller à l'écoute du client,Mettre en place un système de tickets plus clair
03/09/2024 14:58,Zone Ouest,Agence de la Corniche,Application mobile,4,5,Service rapide et efficace,Très bonne orientation dès l'entrée,
03/09/2024 15:30,Zone Nord,Agence des Palmiers,GAB,3,3,,,Ouvrir l'agence le samedi matin
03/09/2024 15:36,Zone Centre,Agence de la Gare,GAB,5,3,,Guichet automatique souvent en panne,Mettre en place un système de tickets plus clair
03/09/2024 17:06,Zone Centre,Agence du Marché,Application mobile,5,4,Conseiller à l'écoute du client,Prise en charge rapide au guichet,Installer plus de sièges dans la salle d'attente
04/09/2024 08:09,Zone Est,Agence du Stade,Accueil,5,3,Conseiller à l'écoute du client,,Proposer plus de services sur l'application mobile
04/09/2024 08:25,Zone Nord,Agence des Dunes,Guichet,3,5,,Agence propre et bien organisée,
04/09/2024 12:04,Zone Nord,Agence des Palmiers,Conseiller clientèle,5,4,,,
04/09/2024 14:18,Zone Nord,Agence des Dunes,GAB,4,4,Agence propre et bien organisée,Service rapide et efficace,
04/09/2024 16:29,Zone Nord,Agence des Palmiers,Guichet,5,3,Prise en charge rapide au guichet,,Climatiser la salle d'attente de l'agence
05/09/2024 09:09,Zone Sud,Agence de la Rivière,Conseiller clientèle,4,5,Guichet automatique souvent en panne,,Climatiser la salle d'attente de l'agence
05/09/2024 09:51,Zone Centre,Agence de la Gare,Conseiller clientèle,4,4,,Prise en charge rapide au guichet,Former le personnel à l'accueil des clients
05/09/2024 10:51,Zone Est,Agence du Stade,GAB,5,3,Agence propre et bien organisée,Horaires d'ouverture peu pratiques,
05/09/2024 12:42,Zone Ouest,Agence du Phare,Conseiller clientèle,5,2,Service rapide et efficace,Manque de personnel aux heures de pointe,
05/09/2024 14:20,Zone Centre,Agence de la Gare,Conseiller clientèle,5,4,,Agence propre et bien organisée,Améliorer le temps d'attente en agence
05/09/2024 14:27,Zone Centre,Agence du Marché,Application mobile,4,2,,Horaires d'ouverture peu pratiques,Mettre en place un système de tickets plus clair
05/09/2024 15:12,Zone Est,Agence de l'Horloge,GAB,4,5,,Personnel accueillant et souriant,
06/09/2024 09:50,Zone Nord,Agence des Dunes,Conseiller clientèle,3,2,,Guichet automatique souvent en panne,Former le personnel à l'accueil des clients
06/09/2024 12:34,Zone Centre,Agence de la Gare,Guichet,4,5,,,
06/09/2024 14:18,Zone Centre,Agence de la Gare,Conseiller clientèle,4,5,,,
07/09/2024 09:45,Zone Ouest,Agence du Phare,Application mobile,4,3,Service rapide et efficace,,Mettre en place un système de tickets plus clair
07/09/2024 11:50,Zone Nord,Agence des Palmiers,Application mobile,4,3,,Manque de personnel aux heures de pointe,
07/09/2024 12:06,Zone Est,Agence des Acacias,Conseiller clientèle,4,3,,,Ouvrir l'agence le samedi matin
07/09/2024 12:26,Zone Centre,Agence de la Gare,Centre d'appels,4,3,,,Mettre en place un système de tickets plus clair
07/09/2024 13:04,Zone Nord,Agence du Littoral,Conseiller clientèle,3,3,,,Ajouter un guichet automatique dans le quartier
07/09/2024 15:30,Zone Centre,Agence de la Gare,Guichet,3,5,Agence propre et bien organisée,Prise en charge rapide au guichet,Améliorer le temps d'attente en agence
09/09/2024 09:47,Zone Ouest,Agence de la Corniche,Centre d'appels,3,4,,,Installer plus de sièges dans la salle d'attente
09/09/2024 10:29,Zone Sud,Agence des Collines,Accueil,3,3,,,
09/09/2024 13:18,Zone Ouest,Agence de la Corniche,GAB,5,3,Personnel accueillant et souriant,File d'attente mal organisée,
09/09/2024 14:51,Zone Nord,Agence des Dunes,Guichet,5,3,Horaires d'ouverture peu pratiques,,
09/09/2024 15:47,Zone Est,Agence des Acacias,Conseiller clientèle,4,4,Agence propre et bien organisée,Conseiller à l'écoute du client,
09/09/2024 17:04,Zone Centre,Agence du Parc,Guichet,4,5,,Prise en charge rapide au guichet,Améliorer le temps d'attente en agence
10/09/2024 08:30,Zone Centre,Agence du Parc,Conseiller clientèle,3,4,,Personnel accueillant et souriant,Ouvrir l'agence le samedi matin
10/09/2024 08:47,Zone Centre,Agence du Marché,GAB,4,4,Service rapide et efficace,,Climatiser la salle d'attente de l'agence
10/09/2024 11:07,Zone Est,Agence des Acacias,GAB,4,5,,Conseiller à l'écoute du client,
10/09/2024 12:25,Zone Ouest,Agence de la Corniche,Guichet,4,2,Personnel accueillant et souriant,Horaires d'ouverture peu pratiques,
10/09/2024 17:38,Zone Ouest,Agence de la Corniche,GAB,4,3,Prise en charge rapide au guichet,,Ouvrir l'agence le samedi matin
11/09/2024 09:12,Zone Centre,Agence de la Gare,GAB,4,4,Agence propre et bien organisée,Conseiller à l'écoute du client,
11/09/2024 09:57,Zone Nord,Agence des Dunes,Accueil,5,2,Très bonne orientation dès l'entrée,,
11/09/2024 10:54,Zone Sud,Agence de la Rivière,Accueil,2,4,Guichet automatique souvent en panne,Conseiller à l'écoute du client,
11/09/2024 11:00,Zone Est,Agence de l'Horloge,Conseiller clientèle,4,3,Conseiller à l'écoute du client,,Réduire le temps d'attente au guichet
11/09/2024 14:39,Zone Centre,Agence du Parc,Conseiller clientèle,5,3,Service rapide et efficace,Guichet automatique souvent en panne,Climatiser la salle d'attente de l'agence
11/09/2024 15:14,Zone Nord,Agence des Dunes,Accueil,4,5,Temps d'attente trop long au guichet,,
11/09/2024 15:25,Zone Sud,Agence de la Rivière,GAB,4,3,Prise en charge rapide au guichet,,Ajouter un guichet automatique dans le quartier
11/09/2024 15:40,Zone Ouest,Agence de la Corniche,Guichet,2,4,File d'attente mal organisée,,
12/09/2024 09:09,Zone Centre,Agence de la Gare,Accueil,5,4,,Prise en charge rapide au guichet,
12/09/2024 09:27,Zone Centre,Agence du Parc,Accueil,5,4,Service rapide et efficace,,Réduire le temps d'attente au guichet
12/09/2024 09:29,Zone Est,Agence du Stade,Accueil,5,4,Horaires d'ouverture peu pratiques,Agence propre et bien organisée,
12/09/2024 09:30,Zone Est,Agence des Acacias,Application mobile,5,4,Très bonne orientation dès l'entrée,,
12/09/2024 10:13,Zone Centre,Agence du Marché,Conseiller clientèle,4,4,Agence propre et bien organisée,,
12/09/2024 11:39,Zone Est,Agence des Acacias,Application mobile,4,5,,,
12/09/2024 16:39,Zone Sud,Agence de la Rivière,Guichet,5,4,Conseiller à l'écoute du client,Temps d'attente trop long au guichet,Installer plus de sièges dans la salle d'attente
12/09/2024 16:40,Zone Centre,Agence du Parc,Application mobile,5,4,Agence propre et bien organisée,Très bonne orientation dès l'entrée,
13/09/2024 09:02,Zone Centre,Agence de la Gare,Accueil,3,4,Peu d'écoute face à ma réclamation,Personnel accueillant et souriant,
13/09/2024 09:40,Zone Nord,Agence du Littoral,Guichet,5,5,Agence propre et bien organisée,Agence propre et bien organisée,Réduire les frais de tenue de compte
13/09/2024 13:22,Zone Sud,Agence des Collines,Conseiller clientèle,5,5,Service rapide et efficace,,
13/09/2024 16:28,Zone Est,Agence de l'Horloge,Conseiller clientèle,5,3,Très bonne orientation dès l'entrée,Personnel accueillant et souriant,Améliorer l'application mobile de la banque
14/09/2024 08:55,Zone Nord,Agence du Littoral,Guichet,5,5,,,
14/09/2024 10:15,Zone Est,Agence du Stade,Guichet,5,2,,Temps d'attente trop long au guichet,Réduire le temps d'attente au guichet
14/09/2024 11:23,Zone Nord,Agence des Palmiers,Accueil,5,4,Très bonne orientation dès l'entrée,,
14/09/2024 12:54,Zone Est,Agence du Stade,GAB,2,4,,,
14/09/2024 13:41,Zone Nord,Agence des Palmiers,GAB,4,5,Personnel accueillant et souriant,,Réduire les frais de tenue de compte
14/09/2024 15:15,Zone Est,Agence des Acacias,Application mobile,4,5,Personnel accueillant et souriant,,Former le personnel à l'accueil des clients
16/09/2024 08:44,Zone Centre,Agence du Parc,Conseiller clientèle,5,3,Service rapide et efficace,,Augmenter le personnel aux heures de pointe
16/09/2024 08:52,Zone Centre,Agence de la Gare,Conseiller clientèle,4,5,Agence propre et bien organisée,Prise en charge rapide au guichet,
16/09/2024 09:35,Zone Centre,Agence du Marché,Centre d'appels,2,5,Horaires d'ouverture peu pratiques,,Mettre en place un système de tickets plus clair
16/09/2024 09:50,Zone Ouest,Agence de la Corniche,Guichet,4,5,Personnel accueillant et souriant,Personnel accueillant et souriant,
16/09/2024 10:08,Zone Nord,Agence du Littoral,Guichet,5,5,Agence propre et bien organisée,,Mettre en place un système de tickets plus clair
16/09/2024 13:17,Zone Centre,Agence du Marché,Application mobile,5,4,,Guichet automatique souvent en panne,
16/09/2024 15:34,Zone Nord,Agence du Littoral,Guichet,5,4,Agence propre et bien organisée,,Réduire les frais de tenue de compte
16/09/2024 16:32,Zone Ouest,Agence du Phare,Conseiller clientèle,5,5,,,
16/09/2024 17:26,Zone Centre,Agence de la Gare,Application mobile,3,3,,,Améliorer l'application mobile de la banque
17/09/2024 09:30,Zone Est,Agence du Stade,Application mobile,4,3,,,Ajouter un guichet automatique dans le quartier
17/09/2024 10:02,Zone Est,Agence des Acacias,Accueil,5,5,Prise en charge rapide au guichet,Prise en charge rapide au guichet,
17/09/2024 10:25,Zone Nord,Agence du Littoral,Guichet,5,5,Peu d'écoute face à ma réclamation,,Ajouter un guichet automatique dans le quartier
17/09/2024 10:31,Zone Sud,Agence des Collines,Application mobile,4,3,,,Améliorer le temps d'attente en agence
17/09/2024 10:46,Zone Sud,Agence des Collines,Centre d'appels,2,4,Manque de personnel aux heures de pointe,,Améliorer le temps d'attente en agence
17/09/2024 11:05,Zone Nord,Agence des Dunes,GAB,4,4,,Conseiller à l'écoute du client,Ouvrir l'agence le samedi matin
17/09/2024 11:26,Zone Centre,Agence de la Gare,Accueil,5,4,Prise en charge rapide au guichet,,Améliorer le temps d'attente en agence
17/09/2024 11:34,Zone Sud,Agence des Collines,Accueil,4,4,Très bonne orientation dès l'entrée,Prise en charge rapide au guichet,Climatiser la salle d'attente de l'agence
17/09/2024 11:52,Zone Nord,Agence des Dunes,Conseiller clientèle,5,3,Personnel accueillant et souriant,Conseiller à l'écoute du client,
17/09/2024 12:34,Zone Est,Agence de l'Horloge,Guichet,3,3,,,
17/09/2024 13:17,Zone Sud,Agence des Collines,Centre d'appels,5,2,Très bonne orientation dès l'entrée,Horaires d'ouverture peu pratiques,
17/09/2024 14:48,Zone Nord,Agence des Palmiers,Application mobile,3,5,Manque de personnel aux heures de pointe,Prise en charge rapide au guichet,Installer plus de sièges dans la salle d'attente
17/09/2024 16:51,Zone Est,Agence des Acacias,Conseiller clientèle,5,5,Guichet automatique souvent en panne,,
18/09/2024 08:14,Zone Centre,Agence du Marché,GAB,5,3,Service rapide et efficace,,Proposer plus de services sur l'application mobile
18/09/2024 08:32,Zone Sud,Agence des Collines,Conseiller clientèle,4,3,Personnel accueillant et souriant,,Ouvrir l'agence le samedi matin
18/09/2024 08:55,Zone Sud,Agence de la Rivière,GAB,4,2,Agence propre et bien organisée,,Proposer plus de services sur l'application mobile
18/09/2024 09:08,Zone Centre,Agence du Parc,Application mobile,5,4,Personnel accueillant et souriant,Service rapide et efficace,
18/09/2024 09:58,Zone Est,Agence de l'Horloge,Guichet,4,5,,Agence propre et bien organisée,Réduire le temps d'attente au guichet
18/09/2024 10:00,Zone Sud,Agence des Collines,Centre d'appels,3,5,,,Climatiser la salle d'attente de l'agence
18/09/2024 10:51,Zone Nord,Agence du Littoral,Accueil,5,5,,Personnel accueillant et souriant,Ajouter un guichet automatique dans le quartier
18/09/2024 11:52,Zone Est,Agence des Acacias,Accueil,4,3,,,Proposer plus de services sur l'application mobile
18/09/2024 15:46,Zone Est,Agence de l'Horloge,Conseiller clientèle,5,2,Personnel accueillant et souriant,,
19/09/2024 08:24,Zone Nord,Agence des Dunes,Application mobile,5,4,Agence propre et bien organisée,,Former le personnel à l'accueil des clients
19/09/2024 08:49,Zone Nord,Agence des Dunes,Guichet,4,5,Conseiller à l'écoute du client,File d'attente mal organisée,Réduire les frais de tenue de compte
19/09/2024 09:15,Zone Ouest,Agence de la Corniche,Accueil,3,4,,Personnel accueillant et souriant,Améliorer l'application mobile de la banque
19/09/2024 09:30,Zone Ouest,Agence de la Corniche,Guichet,3,3,,,
19/09/2024 13:04,Zone Nord,Agence des Palmiers,Conseiller clientèle,3,4,Très bonne orientation dès l'entrée,,
19/09/2024 15:15,Zone Ouest,Agence du Phare,Application mobile,4,3,Très bonne orientation dès l'entrée,Manque de personnel aux heures de pointe,Ouvrir l'agence le samedi matin
20/09/2024 09:16,Zone Sud,Agence de la Rivière,Centre d'appels,5,3,Conseiller à l'écoute du client,,
20/09/2024 09:19,Zone Ouest,Agence de la Corniche,Guichet,3,2,,,
20/09/2024 10:31,Zone Est,Agence de l'Horloge,Guichet,5,3,,Service rapide et efficace,Améliorer l'application mobile de la banque
20/09/2024 10:58,Zone Sud,Agence de la Rivière,Conseiller clientèle,4,5,Service rapide et efficace,Service rapide et efficace,Réduire les frais de tenue de compte
20/09/2024 11:36,Zone Est,Agence des Acacias,Guichet,3,5,,Personnel accueillant et souriant,Améliorer l'application mobile de la banque
20/09/2024 11:55,Zone Est,Agence du Stade,GAB,4,2,Conseiller à l'écoute du client,Horaires d'ouverture peu pratiques,
20/09/2024 12:06,Zone Nord,Agence du Littoral,Guichet,5,5,Agence propre et bien organisée,Agence propre et bien organisée,Réduire les frais de tenue de compte
20/09/2024 12:32,Zone Nord,Agence du Littoral,Centre d'appels,5,5,Personnel accueillant et souriant,Très bonne orientation dès l'entrée,
21/09/2024 10:33,Zone Nord,Agence des Dunes,GAB,3,4,Personnel accueillant et souriant,Prise en charge rapide au guichet,Augmenter le personnel aux heures de pointe
21/09/2024 11:43,Zone Nord,Agence des Palmiers,Accueil,4,4,,Prise en charge rapide au guichet,
21/09/2024 12:45,Zone Est,Agence de l'Horloge,Conseiller clientèle,3,5,,,
23/09/2024 09:04,Zone Est,Agence des Acacias,Guichet,3,3,,,Mettre en place un système de tickets plus clair
23/09/2024 09:54,Zone Nord,Agence du Littoral,Guichet,5,3,Prise en charge rapide au guichet,,
23/09/2024 10:05,Zone Centre,Agence du Marché,Guichet,1,5,,,
23/09/2024 10:47,Zone Sud,Agence des Collines,Guichet,2,3,Peu d'écoute face à ma réclamation,Peu d'écoute face à ma réclamation,Former le personnel à l'accueil des clients
23/09/2024 11:46,Zone Est,Agence des Acacias,Conseiller clientèle,4,3,Très bonne orientation dès l'entrée,,
23/09/2024 12:20,Zone Sud,Agence de la Rivière,Guichet,2,5,File d'attente mal organisée,,Améliorer l'application mobile de la banque
23/09/2024 12:47,Zone Est,Agence des Acacias,Accueil,4,4,Conseiller à l'écoute du client,Agence propre et bien organisée,Ouvrir l'agence le samedi matin
23/09/2024 13:20,Zone Nord,Agence des Dunes,Guichet,4,4,Guichet automatique souvent en panne,Service rapide et efficace,Réduire le temps d'attente au guichet
23/09/2024 15:11,Zone Sud,Agence des Collines,Guichet,3,4,,Personnel accueillant et souriant,Ajouter un guichet automatique dans le quartier
23/09/2024 16:49,Zone Centre,Agence du Parc,GAB,5,5,Prise en charge rapide au guichet,Conseiller à l'écoute du client,Mettre en place un système de tickets plus clair
24/09/2024 08:22,Zone Sud,Agence de la Rivière,GAB,3,5,Très bonne orientation dès l'entrée,,Proposer plus de services sur l'application mobile
24/09/2024 08:58,Zone Est,Agence de l'Horloge,Guichet,4,4,Très bonne orientation dès l'entrée,Prise en charge rapide au guichet,
24/09/2024 11:34,Zone Est,Agence du Stade,Conseiller clientèle,4,3,Service rapide et efficace,,Améliorer l'application mobile de la banque
24/09/2024 11:58,Zone Sud,Agence de la Rivière,GAB,5,4,Personnel accueillant et souriant,Agence propre et bien organisée,
24/09/2024 12:23,Zone Nord,Agence du Littoral,Accueil,5,5,Très bonne orientation dès l'entrée,Très bonne orientation dès l'entrée,
24/09/2024 12:58,Zone Est,Agence de l'Horloge,Centre d'appels,4,5,,,
24/09/2024 15:14,Zone Est,Agence du Stade,Conseiller clientèle,3,3,,Très bonne orientation dès l'entrée,Proposer plus de services sur l'application mobile
24/09/2024 15:57,Zone Nord,Agence des Palmiers,Conseiller clientèle,4,4,,Conseiller à l'écoute du client,
24/09/2024 17:04,Zone Nord,Agence des Palmiers,Accueil,5,5,Conseiller à l'écoute du client,Agence propre et bien organisée,
24/09/2024 17:07,Zone Sud,Agence des Collines,Guichet,3,5,,,Ajouter un guichet automatique dans le quartier
25/09/2024 09:35,Zone Est,Agence des Acacias,Conseiller clientèle,5,4,,Prise en charge rapide au guichet,
25/09/2024 12:03,Zone Centre,Agence du Marché,Accueil,4,4,Prise en charge rapide au guichet,Peu d'écoute face à ma réclamation,Ouvrir l'agence le samedi matin
25/09/2024 13:41,Zone Sud,Agence de la Rivière,Accueil,3,5,Prise en charge rapide au guichet,,Proposer plus de services sur l'application mobile
25/09/2024 14:03,Zone Centre,Agence de la Gare,Accueil,4,5,,Très bonne orientation dès l'entrée,
25/09/2024 15:22,Zone Centre,Agence du Parc,Guichet,5,5,Agence propre et bien organisée,Agence propre et bien organisée,
26/09/2024 09:06,Zone Centre,Agence de la Gare,Guichet,5,4,Prise en charge rapide au guichet,Service rapide et efficace,Proposer plus de services sur l'application mobile
26/09/2024 09:53,Zone Nord,Agence des Dunes,GAB,4,5,,Conseiller à l'écoute du client,
26/09/2024 10:42,Zone Est,Agence de l'Horloge,Guichet,4,4,Très bonne orientation dès l'entrée,Agence propre et bien organisée,
26/09/2024 11:28,Zone Ouest,Agence de la Corniche,Conseiller clientèle,5,2,,Temps d'attente trop long au guichet,Réduire les frais de tenue de compte
26/09/2024 12:13,Zone Ouest,Agence de la Corniche,GAB,5,4,,Très bonne orientation dès l'entrée,Augmenter le personnel aux heures de pointe
26/09/2024 16:36,Zone Ouest,Agence de la Corniche,Conseiller clientèle,3,4,,Très bonne orientation dès l'entrée,
27/09/2024 08:07,Zone Centre,Agence du Parc,Accueil,5,4,Conseiller à l'écoute du client,Conseiller à l'écoute du client,
27/09/2024 08:45,Zone Nord,Agence du Littoral,Conseiller clientèle,5,4,Conseiller à l'écoute du client,,
27/09/2024 08:56,Zone Nord,Agence du Littoral,Conseiller clientèle,5,5,Agence propre et bien organisée,Service rapide et efficace,Proposer plus de services sur l'application mobile
27/09/2024 09:21,Zone Nord,Agence des Palmiers,Application mobile,3,5,,,Climatiser la salle d'attente de l'agence
27/09/2024 09:29,Zone Nord,Agence des Dunes,Guichet,4,3,,,
27/09/2024 09:40,Zone Nord,Agence des Dunes,Conseiller clientèle,1,5,Horaires d'ouverture peu pratiques,,Former le personnel à l'accueil des clients
27/09/2024 10:15,Zone Nord,Agence du Littoral,Conseiller clientèle,5,5,,Personnel accueillant et souriant,Mettre en place un système de tickets plus clair
27/09/2024 11:09,Zone Nord,Agence du Littoral,Guichet,5,5,,Conseiller à l'écoute du client,Améliorer l'application mobile de la banque
27/09/2024 13:01,Zone Est,Agence de l'Horloge,Guichet,4,5,Très bonne orientation dès l'entrée,Personnel accueillant et souriant,
27/09/2024 13:03,Zone Ouest,Agence de la Corniche,Guichet,4,3,Personnel accueillant et souriant,,
27/09/2024 14:11,Zone Centre,Agence de la Gare,Application mobile,4,5,Horaires d'ouverture peu pratiques,Personnel accueillant et souriant,
27/09/2024 14:17,Zone Est,Agence des Acacias,Accueil,5,4,Très bonne orientation dès l'entrée,,Réduire les frais de tenue de compte
28/09/2024 09:46,Zone Sud,Agence des Collines,Accueil,3,3,,,
28/09/2024 13:36,Zone Ouest,Agence de la Corniche,Application mobile,3,5,,Agence propre et bien organisée,
28/09/2024 14:08,Zone Centre,Agence du Marché,GAB,5,3,,,Augmenter le personnel aux heures de pointe
30/09/2024 08:14,Zone Sud,Agence des Collines,GAB,4,3,,,
30/09/2024 08:41,Zone Sud,Agence des Collines,GAB,3,4,,Très bonne orientation dès l'entrée,Améliorer l'application mobile de la banque
30/09/2024 09:49,Zone Nord,Agence des Palmiers,Guichet,5,5,Personnel accueillant et souriant,,Réduire le temps d'attente au guichet
30/09/2024 10:16,Zone Nord,Agence des Palmiers,Guichet,5,5,,Agence propre et bien organisée,
30/09/2024 10:48,Zone Centre,Agence de la Gare,Accueil,5,5,Personnel accueillant et souriant,,
30/09/2024 10:49,Zone Centre,Agence de la Gare,GAB,4,4,Conseiller à l'écoute du client,,Réduire le temps d'attente au guichet
30/09/2024 10:50,Zone Centre,Agence de la Gare,Accueil,5,4,Personnel accueillant et souriant,,
30/09/2024 15:37,Zone Nord,Agence des Dunes,Application mobile,3,5,,Très bonne orientation dès l'entrée,
01/10/2024 08:03,Zone Centre,Agence de la Gare,GAB,5,3,,,
01/10/2024 09:32,Zone Ouest,Agence de la Corniche,Conseiller clientèle,5,4,Service rapide et efficace,Prise en charge rapide au guichet,Mettre en place un système de tickets plus clair
01/10/2024 09:39,Zone Nord,Agence des Dunes,GAB,5,4,Conseiller à l'écoute du client,Service rapide et efficace,
01/10/2024 11:19,Zone Ouest,Agence de la Corniche,Accueil,5,4,Prise en charge rapide au guichet,,Améliorer le temps d'attente en agence
01/10/2024 14:33,Zone Est,Agence de l'Horloge,Accueil,4,4,,,
01/10/2024 14:42,Zone Sud,Agence de la Rivière,GAB,2,4,,Prise en charge rapide au guichet,
01/10/2024 15:00,Zone Ouest,Agence de la Corniche,Guichet,4,5,Service rapide et efficace,Très bonne orientation dès l'entrée,
01/10/2024 15:19,Zone Sud,Agence des Collines,Guichet,3,3,,,
01/10/2024 15:54,Zone Centre,Agence du Parc,GAB,4,5,Service rapide et efficace,Personnel accueillant et souriant,Réduire le temps d'attente au guichet
01/10/2024 16:24,Zone Sud,Agence des Collines,Conseiller clientèle,4,3,,Personnel accueillant et souriant,
02/10/2024 08:28,Zone Nord,Agence des Palmiers,Conseiller clientèle,4,4,Personnel accueillant et souriant,Prise en charge rapide au guichet,Augmenter le personnel aux heures de pointe
02/10/2024 08:33,Zone Centre,Agence du Parc,GAB,4,4,,Personnel accueillant et souriant,Mettre en place un système de tickets plus clair
02/10/2024 09:34,Zone Est,Agence des Acacias,Application mobile,5,4,Prise en charge rapide au guichet,,Augmenter le personnel aux heures de pointe
02/10/2024 10:01,Zone Centre,Agence du Parc,Conseiller clientèle,5,4,,Service rapide et efficace,
02/10/2024 11:43,Zone Nord,Agence des Palmiers,GAB,3,4,,,
02/10/2024 15:26,Zone Centre,Agence de la Gare,Guichet,4,5,Très bonne orientation dès l'entrée,Service rapide et efficace,Climatiser la salle d'attente de l'agence
03/10/2024 09:22,Zone Centre,Agence du Marché,GAB,5,4,Service rapide et efficace,,
03/10/2024 09:34,Zone Est,Agence du Stade,Centre d'appels,5,3,Prise en charge rapide au guichet,,Réduire le temps d'attente au guichet
03/10/2024 09:48,Zone Centre,Agence du Parc,Guichet,3,4,Conseiller à l'écoute du client,,
03/10/2024 10:21,Zone Est,Agence des Acacias,Guichet,4,5,Service rapide et efficace,,
03/10/2024 10:46,Zone Nord,Agence des Palmiers,Guichet,4,4,Personnel accueillant et souriant,Service rapide et efficace,
03/10/2024 15:05,Zone Nord,Agence des Dunes,Accueil,5,2,Prise en charge rapide au guichet,,
03/10/2024 16:07,Zone Nord,Agence des Dunes,GAB,5,3,Temps d'attente trop long au guichet,,Mettre en place un système de tickets plus clair
03/10/2024 16:08,Zone Est,Agence de l'Horloge,Guichet,4,4,,Conseiller à l'écoute du client,Installer plus de sièges dans la salle d'attente
03/10/2024 17:49,Zone Est,Agence de l'Horloge,Guichet,5,4,Personnel accueillant et souriant,Service rapide et efficace,Mettre en place un système de tickets plus clair
04/10/2024 08:33,Zone Centre,Agence de la Gare,Centre d'appels,4,3,,,
04/10/2024 09:59,Zone Ouest,Agence de la Corniche,Centre d'appels,2,2,File d'attente mal organisée,Manque de personnel aux heures de pointe,Climatiser la salle d'attente de l'agence
04/10/2024 10:48,Zone Nord,Agence des Dunes,GAB,5,4,Personnel accueillant et souriant,,Former le personnel à l'accueil des clients
04/10/2024 12:28,Zone Est,Agence des Acacias,Guichet,5,4,,Conseiller à l'écoute du client,
04/10/2024 12:36,Zone Est,Agence de l'Horloge,Application mobile,4,5,,Service rapide et efficace,
04/10/2024 13:42,Zone Nord,Agence du Littoral,GAB,4,3,,,Former le personnel à l'accueil des clients
04/10/2024 15:44,Zone Ouest,Agence du Phare,Accueil,2,4,,,
05/10/2024 10:57,Zone Ouest,Agence du Phare,GAB,4,3,Agence propre et bien organisée,,Ouvrir l'agence le samedi matin
05/10/2024 14:05,Zone Nord,Agence du Littoral,Guichet,5,5,Horaires d'ouverture peu pratiques,,
05/10/2024 15:41,Zone Sud,Agence des Collines,Guichet,2,4,Manque de personnel aux heures de pointe,Prise en charge rapide au guichet,Augmenter le personnel aux heures de pointe
07/10/2024 08:11,Zone Nord,Agence du Littoral,Application mobile,5,5,,Personnel accueillant et souriant,Réduire les frais de tenue de compte
07/10/2024 10:00,Zone Centre,Agence du Marché,Conseiller clientèle,3,2,,File d'attente mal organisée,Proposer plus de services sur l'application mobile
07/10/2024 14:28,Zone Est,Agence du Stade,Guichet,5,3,,,
07/10/2024 14:41,Zone Est,Agence de l'Horloge,Conseiller clientèle,5,5,Très bonne orientation dès l'entrée,Service rapide et efficace,Ajouter un guichet automatique dans le quartier
07/10/2024 14:55,Zone Centre,Agence du Parc,Accueil,5,4,,,Améliorer le temps d'attente en agence
07/10/2024 15:26,Zone Est,Agence du Stade,Accueil,5,4,,Service rapide et efficace,Proposer plus de services sur l'application mobile
07/10/2024 15:55,Zone Est,Agence du Stade,Guichet,4,3,Prise en charge rapide au guichet,File d'attente mal organisée,Installer plus de sièges dans la salle d'attente
07/10/2024 16:12,Zone Sud,Agence des Collines,Guichet,3,2,,Peu d'écoute face à ma réclamation,
07/10/2024 16:30,Zone Sud,Agence de la Rivière,Accueil,3,3,Guichet automatique souvent en panne,,
08/10/2024 10:38,Zone Centre,Agence de la Gare,GAB,4,4,,,
08/10/2024 10:44,Zone Est,Agence du Stade,Guichet,3,5,,Service rapide et efficace,
08/10/2024 11:45,Zone Est,Agence du Stade,Centre d'appels,5,5,Personnel accueillant et souriant,Guichet automatique souvent en panne,
08/10/2024 11:50,Zone Sud,Agence des Collines,Centre d'appels,4,5,,Conseiller à l'écoute du client,Réduire les frais de tenue de compte
08/10/2024 14:35,Zone Est,Agence des Acacias,GAB,4,4,Prise en charge rapide au guichet,Conseiller à l'écoute du client,
08/10/2024 15:03,Zone Nord,Agence des Palmiers,Conseiller clientèle,4,3,Agence propre et bien organisée,,Ajouter un guichet automatique dans le quartier
08/10/2024 15:34,Zone Nord,Agence des Palmiers,Conseiller clientèle,5,5,Très bonne orientation dès l'entrée,Prise en charge rapide au guichet,
08/10/2024 16:54,Zone Nord,Agence des Palmiers,Application mobile,4,5,Personnel accueillant et souriant,,Proposer plus de services sur l'application mobile
09/10/2024 09:20,Zone Est,Agence du Stade,Guichet,5,5,,Très bonne orientation dès l'entrée,
09/10/2024 11:20,Zone Nord,Agence des Dunes,Conseiller clientèle,2,4,,Service rapide et efficace,Proposer plus de services sur l'application mobile
09/10/2024 11:31,Zone Ouest,Agence de la Corniche,Conseiller clientèle,4,5,Conseiller à l'écoute du client,,Réduire les frais de tenue de compte
09/10/2024 12:39,Zone Sud,Agence de la Rivière,Conseiller clientèle,4,5,,,Installer plus de sièges dans la salle d'attente
09/10/2024 13:16,Zone Est,Agence des Acacias,Conseiller clientèle,4,5,Agence propre et bien organisée,Très bonne orientation dès l'entrée,Réduire les frais de tenue de compte
09/10/2024 13:34,Zone Ouest,Agence de la Corniche,Guichet,5,3,Service rapide et efficace,,Réduire les frais de tenue de compte
09/10/2024 14:04,Zone Nord,Agence des Dunes,GAB,4,3,,,Améliorer l'application mobile de la banque
09/10/2024 14:26,Zone Est,Agence de l'Horloge,GAB,4,3,Manque de personnel aux heures de pointe,Service rapide et efficace,Réduire le temps d'attente au guichet
09/10/2024 14:37,Zone Ouest,Agence de la Corniche,Conseiller clientèle,3,4,,Très bonne orientation dès l'entrée,Climatiser la salle d'attente de l'agence
09/10/2024 14:42,Zone Sud,Agence de la Rivière,GAB,4,5,,Agence propre et bien organisée,Climatiser la salle d'attente de l'agence
09/10/2024 14:48,Zone Est,Agence de l'Horloge,GAB,5,4,Service rapide et efficace,,
09/10/2024 15:23,Zone Nord,Agence du Littoral,Conseiller clientèle,5,5,Agence propre et bien organisée,,
09/10/2024 16:29,Zone Est,Agence du Stade,Guichet,3,4,,,Réduire les frais de tenue de compte
09/10/2024 16:32,Zone Centre,Agence de la Gare,Application mobile,4,5,,Service rapide et efficace,
10/10/2024 10:13,Zone Centre,Agence de la Gare,Guichet,4,4,Personnel accueillant et souriant,Conseiller à l'écoute du client,
10/10/2024 11:12,Zone Est,Agence des Acacias,Centre d'appels,5,5,Agence propre et bien organisée,Conseiller à l'écoute du client,Mettre en place un système de tickets plus clair
10/10/2024 11:52,Zone Est,Agence de l'Horloge,Conseiller clientèle,4,4,,Service rapide et efficace,Ajouter un guichet automatique dans le quartier
10/10/2024 13:45,Zone Centre,Agence de la Gare,Conseiller clientèle,5,5,Service rapide et efficace,,Augmenter le personnel aux heures de pointe
10/10/2024 14:42,Zone Nord,Agence du Littoral,Guichet,4,4,Conseiller à l'écoute du client,,
10/10/2024 14:55,Zone Centre,Agence de la Gare,Guichet,5,4,Personnel accueillant et souriant,Agence propre et bien organisée,Installer plus de sièges dans la salle d'attente
11/10/2024 08:01,Zone Est,Agence des Acacias,Conseiller clientèle,5,5,,Conseiller à l'écoute du client,
11/10/2024 09:59,Zone Centre,Agence de la Gare,Guichet,4,4,,,Installer plus de sièges dans la salle d'attente
11/10/2024 10:21,Zone Nord,Agence des Dunes,Application mobile,5,3,,,
11/10/2024 11:19,Zone Centre,Agence de la Gare,GAB,5,5,Personnel accueillant et souriant,Horaires d'ouverture peu pratiques,Réduire le temps d'attente au guichet
11/10/2024 11:24,Zone Sud,Agence des Collines,Accueil,4,3,,Temps d'attente trop long au guichet,Former le personnel à l'accueil des clients
11/10/2024 15:21,Zone Centre,Agence de la Gare,Application mobile,4,4,Peu d'écoute face à ma réclamation,,Mettre en place un système de tickets plus clair
11/10/2024 15:32,Zone Ouest,Agence de la Corniche,Application mobile,3,3,,Prise en charge rapide au guichet,
11/10/2024 16:43,Zone Sud,Agence des Collines,GAB,5,4,Prise en charge rapide au guichet,Prise en charge rapide au guichet,Améliorer l'application mobile de la banque
11/10/2024 17:05,Zone Est,Agence de l'Horloge,Centre d'appels,4,4,Conseiller à l'écoute du client,Conseiller à l'écoute du client,Mettre en place un système de tickets plus clair
11/10/2024 17:28,Zone Nord,Agence des Dunes,Application mobile,3,4,Service rapide et efficace,,Climatiser la salle d'attente de l'agence
12/10/2024 08:28,Zone Est,Agence des Acacias,Centre d'appels,5,3,Agence propre et bien organisée,,
12/10/2024 09:42,Zone Centre,Agence de la Gare,Guichet,5,3,Très bonne orientation dès l'entrée,,
12/10/2024 10:00,Zone Sud,Agence de la Rivière,Conseiller clientèle,4,4,,Conseiller à l'écoute du client,
12/10/2024 10:01,Zone Centre,Agence du Marché,Conseiller clientèle,5,4,,Conseiller à l'écoute du client,
12/10/2024 11:17,Zone Ouest,Agence du Phare,Guichet,4,3,,,
12/10/2024 14:37,Zone Nord,Agence du Littoral,Guichet,5,5,,Service rapide et efficace,Ouvrir l'agence le samedi matin
12/10/2024 16:36,Zone Est,Agence de l'Horloge,Guichet,4,3,Conseiller à l'écoute du client,,Ouvrir l'agence le samedi matin
14/10/2024 09:00,Zone Sud,Agence des Collines,GAB,4,4,,Agence propre et bien organisée,Installer plus de sièges dans la salle d'attente
14/10/2024 10:04,Zone Ouest,Agence de la Corniche,Guichet,3,3,Temps d'attente trop long au guichet,,
14/10/2024 10:42,Zone Est,Agence des Acacias,Guichet,4,5,Personnel accueillant et souriant,Service rapide et efficace,Former le personnel à l'accueil des clients
14/10/2024 10:45,Zone Centre,Agence du Parc,GAB,4,3,Conseiller à l'écoute du client,Horaires d'ouverture peu pratiques,Climatiser la salle d'attente de l'agence
14/10/2024 13:01,Zone Centre,Agence de la Gare,Accueil,5,3,Prise en charge rapide au guichet,Temps d'attente trop long au guichet,Augmenter le personnel aux heures de pointe
14/10/2024 13:24,Zone Sud,Agence des Collines,GAB,4,3,Service rapide et efficace,Service rapide et efficace,
14/10/2024 14:26,Zone Ouest,Agence de la Corniche,Conseiller clientèle,4,3,Prise en charge rapide au guichet,,
14/10/2024 16:07,Zone Nord,Agence du Littoral,Accueil,5,4,Service rapide et efficace,,Installer plus de sièges dans la salle d'attente
14/10/2024 16:12,Zone Sud,Agence de la Rivière,Accueil,3,4,,,Améliorer l'application mobile de la banque
14/10/2024 16:18,Zone Ouest,Agence de la Corniche,GAB,3,3,,,Mettre en place un système de tickets plus clair
15/10/2024 09:04,Zone Est,Agence des Acacias,Conseiller clientèle,4,4,Agence propre et bien organisée,,
15/10/2024 09:40,Zone Est,Agence des Acacias,Accueil,3,4,,Service rapide et efficace,Ajouter un guichet automatique dans le quartier
15/10/2024 10:27,Zone Centre,Agence du Marché,Accueil,3,5,,Conseiller à l'écoute du client,
15/10/2024 11:11,Zone Nord,Agence des Dunes,Guichet,5,4,,Prise en charge rapide au guichet,
15/10/2024 11:39,Zone Nord,Agence du Littoral,GAB,5,5,,,
15/10/2024 12:21,Zone Centre,Agence de la Gare,Application mobile,4,5,,,Climatiser la salle d'attente de l'agence
15/10/2024 12:42,Zone Nord,Agence du Littoral,Conseiller clientèle,5,5,,,
15/10/2024 13:47,Zone Centre,Agence du Parc,Centre d'appels,5,3,Prise en charge rapide au guichet,,
16/10/2024 08:16,Zone Centre,Agence du Parc,Conseiller clientèle,5,5,Très bonne orientation dès l'entrée,,Installer plus de sièges dans la salle d'attente
16/10/2024 08:28,Zone Centre,Agence du Parc,Conseiller clientèle,5,4,Agence propre et bien organisée,Prise en charge rapide au guichet,
16/10/2024 10:49,Zone Sud,Agence de la Rivière,Accueil,3,5,Personnel accueillant et souriant,Agence propre et bien organisée,
16/10/2024 15:52,Zone Centre,Agence de la Gare,GAB,4,5,Prise en charge rapide au guichet,,
17/10/2024 09:33,Zone Sud,Agence des Collines,Conseiller clientèle,4,3,Prise en charge rapide au guichet,,Améliorer l'application mobile de la banque
17/10/2024 10:15,Zone Centre,Agence de la Gare,GAB,4,3,,,
17/10/2024 10:32,Zone Sud,Agence des Collines,GAB,4,4,Service rapide et efficace,,Installer plus de sièges dans la salle d'attente
17/10/2024 11:13,Zone Sud,Agence des Collines,Application mobile,5,4,Personnel accueillant et souriant,Très bonne orientation dès l'entrée,
17/10/2024 11:20,Zone Centre,Agence du Parc,Guichet,5,4,,,
17/10/2024 15:44,Zone Nord,Agence des Palmiers,Guichet,4,4,Très bonne orientation dès l'entrée,Service rapide et efficace,Réduire le temps d'attente au guichet
17/10/2024 16:21,Zone Est,Agence de l'Horloge,Guichet,4,4,Agence propre et bien organisée,,Climatiser la salle d'attente de l'agence
18/10/2024 08:21,Zone Centre,Agence de la Gare,Guichet,3,4,,,Réduire les frais de tenue de compte
18/10/2024 08:38,Zone Nord,Agence des Dunes,Conseiller clientèle,5,3,,,
18/10/2024 10:00,Zone Nord,Agence des Dunes,Conseiller clientèle,4,2,Très bonne orientation dès l'entrée,File d'attente mal organisée,
18/10/2024 10:06,Zone Nord,Agence du Littoral,Application mobile,5,5,,Conseiller à l'écoute du client,
18/10/2024 10:32,Zone Est,Agence de l'Horloge,Conseiller clientèle,4,4,Conseiller à l'écoute du client,Service rapide et efficace,
18/10/2024 10:38,Zone Sud,Agence des Collines,GAB,4,3,,,
18/10/2024 11:19,Zone Sud,Agence des Collines,GAB,5,5,Très bonne orientation dès l'entrée,,Former le personnel à l'accueil des clients
18/10/2024 12:53,Zone Sud,Agence de la Rivière,Conseiller clientèle,5,3,,,
18/10/2024 15:34,Zone Est,Agence des Acacias,GAB,4,4,,Agence propre et bien organisée,
18/10/2024 15:40,Zone Centre,Agence du Parc,Accueil,5,3,,,
18/10/2024 15:50,Zone Ouest,Agence de la Corniche,Accueil,4,3,Conseiller à l'écoute du client,,Climatiser la salle d'attente de l'agence
18/10/2024 16:17,Zone Est,Agence des Acacias,Accueil,5,5,Horaires d'ouverture peu pratiques,Service rapide et efficace,Réduire les frais de tenue de compte
19/10/2024 12:30,Zone Nord,Agence des Palmiers,Conseiller clientèle,4,5,Prise en charge rapide au guichet,,Améliorer le temps d'attente en agence
19/10/2024 13:47,Zone Est,Agence des Acacias,GAB,5,5,,Prise en charge rapide au guichet,Ouvrir l'agence le samedi matin
19/10/2024 16:14,Zone Est,Agence des Acacias,GAB,5,3,Agence propre et bien organisée,,Ouvrir l'agence le samedi matin
21/10/2024 08:21,Zone Centre,Agence du Parc,Application mobile,3,5,Conseiller à l'écoute du client,,Réduire le temps d'attente au guichet
21/10/2024 09:15,Zone Sud,Agence des Collines,Conseiller clientèle,4,2,Agence propre et bien organisée,Manque de personnel aux heures de pointe,
21/10/2024 09:25,Zone Nord,Agence des Palmiers,Guichet,4,5,Conseiller à l'écoute du client,,
21/10/2024 09:41,Zone Sud,Agence de la Rivière,Application mobile,3,4,,,
21/10/2024 10:16,Zone Centre,Agence du Parc,Conseiller clientèle,5,4,Service rapide et efficace,Agence propre et bien organisée,Installer plus de sièges dans la salle d'attente
21/10/2024 16:05,Zone Est,Agence des Acacias,Application mobile,4,5,,Prise en charge rapide au guichet,Installer plus de sièges dans la salle d'attente
21/10/2024 16:35,Zone Ouest,Agence du Phare,GAB,4,5,Conseiller à l'écoute du client,Personnel accueillant et souriant,Réduire les frais de tenue de compte
22/10/2024 10:22,Zone Ouest,Agence du Phare,Application mobile,5,4,Horaires d'ouverture peu pratiques,Temps d'attente trop long au guichet,Former le personnel à l'accueil des clients
22/10/2024 11:35,Zone Centre,Agence du Parc,Application mobile,4,5,Horaires d'ouverture peu pratiques,Personnel accueillant et souriant,Proposer plus de services sur l'application mobile
22/10/2024 12:59,Zone Centre,Agence de la Gare,Application mobile,5,5,Très bonne orientation dès l'entrée,,Former le personnel à l'accueil des clients
22/10/2024 13:30,Zone Est,Agence des Acacias,Centre d'appels,4,5,,,
22/10/2024 16:13,Zone Est,Agence des Acacias,Conseiller clientèle,5,5,Prise en charge rapide au guichet,Prise en charge rapide au guichet,Augmenter le personnel aux heures de pointe
23/10/2024 08:02,Zone Sud,Agence de la Rivière,Conseiller clientèle,4,5,Personnel accueillant et souriant,,
23/10/2024 09:02,Zone Sud,Agence des Collines,Application mobile,4,4,Horaires d'ouverture peu pratiques,Conseiller à l'écoute du client,Proposer plus de services sur l'application mobile
23/10/2024 09:50,Zone Ouest,Agence de la Corniche,Centre d'appels,4,1,,Temps d'attente trop long au guichet,
23/10/2024 09:53,Zone Ouest,Agence du Phare,Accueil,3,2,,File d'attente mal organisée,
23/10/2024 14:21,Zone Sud,Agence de la Rivière,Guichet,5,5,Très bonne orientation dès l'entrée,Très bonne orientation dès l'entrée,Améliorer le temps d'attente en agence
23/10/2024 14:31,Zone Nord,Agence du Littoral,Application mobile,2,5,Guichet automatique souvent en panne,,
23/10/2024 14:54,Zone Est,Agence des Acacias,Conseiller clientèle,4,5,Très bonne orientation dès l'entrée,,
23/10/2024 15:22,Zone Sud,Agence de la Rivière,Accueil,4,5,Prise en charge rapide au guichet,Service rapide et efficace,
24/10/2024 09:05,Zone Est,Agence de l'Horloge,GAB,4,4,Personnel accueillant et souriant,Prise en charge rapide au guichet,Climatiser la salle d'attente de l'agence
24/10/2024 10:01,Zone Nord,Agence des Dunes,GAB,5,5,Personnel accueillant et souriant,,
24/10/2024 11:05,Zone Nord,Agence des Dunes,GAB,2,3,Manque de personnel aux heures de pointe,,Ajouter un guichet automatique dans le quartier
24/10/2024 11:25,Zone Est,Agence de l'Horloge,Guichet,2,5,Guichet automatique souvent en panne,,Installer plus de sièges dans la salle d'attente
24/10/2024 15:45,Zone Nord,Agence du Littoral,Accueil,5,3,Très bonne orientation dès l'entrée,,Ajouter un guichet automatique dans le quartier
24/10/2024 15:45,Zone Ouest,Agence du Phare,Conseiller clientèle,3,4,,,Augmenter le personnel aux heures de pointe
25/10/2024 08:00,Zone Ouest,Agence du Phare,Application mobile,4,5,Très bonne orientation dès l'entrée,Très bonne orientation dès l'entrée,Mettre en place un système de tickets plus clair
25/10/2024 08:13,Zone Est,Agence de l'Horloge,Application mobile,5,4,,Personnel accueillant et souriant,Mettre en place un système de tickets plus clair
25/10/2024 10:21,Zone Est,Agence des Acacias,Conseiller clientèle,3,4,,File d'attente mal organisée,Réduire le temps d'attente au guichet
25/10/2024 11:52,Zone Nord,Agence du Littoral,GAB,4,5,,Très bonne orientation dès l'entrée,
25/10/2024 11:55,Zone Centre,Agence du Parc,Conseiller clientèle,3,3,Horaires d'ouverture peu pratiques,,
25/10/2024 11:59,Zone Centre,Agence du Parc,GAB,4,4,Personnel accueillant et souriant,,Ouvrir l'agence le samedi matin
25/10/2024 12:31,Zone Est,Agence du Stade,Conseiller clientèle,2,3,Peu d'écoute face à ma réclamation,,Réduire le temps d'attente au guichet
25/10/2024 12:52,Zone Centre,Agence de la Gare,Guichet,4,5,,Très bonne orientation dès l'entrée,
25/10/2024 13:07,Zone Sud,Agence de la Rivière,Guichet,4,3,Personnel accueillant et souriant,,Réduire les frais de tenue de compte
25/10/2024 15:02,Zone Sud,Agence des Collines,Accueil,4,3,Prise en charge rapide au guichet,,Former le personnel à l'accueil des clients
26/10/2024 13:15,Zone Centre,Agence de la Gare,Guichet,4,5,,Conseiller à l'écoute du client,Améliorer le temps d'attente en agence
26/10/2024 13:56,Zone Sud,Agence des Collines,Guichet,4,4,Service rapide et efficace,,Ajouter un guichet automatique dans le quartier
26/10/2024 14:28,Zone Centre,Agence du Parc,Guichet,5,4,,Conseiller à l'écoute du client,
26/10/2024 14:38,Zone Centre,Agence du Marché,Guichet,3,3,,,Améliorer l'application mobile de la banque
26/10/2024 14:57,Zone Est,Agence des Acacias,Centre d'appels,5,4,Conseiller à l'écoute du client,,
28/10/2024 08:36,Zone Centre,Agence du Parc,Application mobile,5,2,Agence propre et bien organisée,Temps d'attente trop long au guichet,Mettre en place un système de tickets plus clair
28/10/2024 09:17,Zone Centre,Agence du Marché,Guichet,4,4,Temps d'attente trop long au guichet,,Proposer plus de services sur l'application mobile
28/10/2024 09:36,Zone Centre,Agence du Parc,Conseiller clientèle,4,3,Très bonne orientation dès l'entrée,,
28/10/2024 10:18,Zone Centre,Agence du Parc,Accueil,4,4,Prise en charge rapide au guichet,Conseiller à l'écoute du client,
28/10/2024 11:06,Zone Est,Agence des Acacias,Guichet,5,4,,Personnel accueillant et souriant,
28/10/2024 13:13,Zone Sud,Agence des Collines,Accueil,5,4,,Prise en charge rapide au guichet,
28/10/2024 14:03,Zone Ouest,Agence de la Corniche,GAB,4,5,Peu d'écoute face à ma réclamation,Service rapide et efficace,Proposer plus de services sur l'application mobile
28/10/2024 17:03,Zone Sud,Agence des Collines,Conseiller clientèle,4,3,,,
29/10/2024 08:10,Zone Nord,Agence des Dunes,Guichet,4,3,,,Mettre en place un système de tickets plus clair
29/10/2024 09:22,Zone Nord,Agence du Littoral,Guichet,5,4,,,Réduire le temps d'attente au guichet
29/10/2024 09:24,Zone Centre,Agence de la Gare,Accueil,4,5,,Prise en charge rapide au guichet,
29/10/2024 10:19,Zone Sud,Agence des Collines,Accueil,2,4,Peu d'écoute face à ma réclamation,Très bonne orientation dès l'entrée,Améliorer l'application mobile de la banque
29/10/2024 10:25,Zone Est,Agence de l'Horloge,GAB,5,3,,,
29/10/2024 10:39,Zone Ouest,Agence du Phare,Centre d'appels,4,4,Guichet automatique souvent en panne,Personnel accueillant et souriant,
29/10/2024 10:59,Zone Sud,Agence de la Rivière,Conseiller clientèle,4,3,Très bonne orientation dès l'entrée,,Proposer plus de services sur l'application mobile
29/10/2024 12:23,Zone Est,Agence des Acacias,Guichet,4,5,,Très bonne orientation dès l'entrée,
29/10/2024 12:51,Zone Centre,Agence de la Gare,Guichet,5,5,,Personnel accueillant et souriant,
30/10/2024 08:31,Zone Est,Agence du Stade,Application mobile,5,3,Personnel accueillant et souriant,Personnel accueillant et souriant,Améliorer le temps d'attente en agence
30/10/2024 09:11,Zone Sud,Agence des Collines,Conseiller clientèle,3,3,,,Mettre en place un système de tickets plus clair
30/10/2024 09:52,Zone Sud,Agence des Collines,Conseiller clientèle,4,2,Service rapide et efficace,,Installer plus de sièges dans la salle d'attente
30/10/2024 10:49,Zone Sud,Agence des Collines,Guichet,3,4,,Prise en charge rapide au guichet,
30/10/2024 11:14,Zone Nord,Agence des Palmiers,Guichet,3,5,,Très bonne orientation dès l'entrée,
30/10/2024 14:56,Zone Nord,Agence des Palmiers,Guichet,5,4,,Service rapide et efficace,
30/10/2024 15:06,Zone Est,Agence du Stade,Application mobile,4,3,Personnel accueillant et souriant,,Mettre en place un système de tickets plus clair
30/10/2024 15:31,Zone Nord,Agence des Dunes,Guichet,2,3,,,
30/10/2024 15:35,Zone Centre,Agence du Marché,Guichet,5,5,,Très bonne orientation dès l'entrée,Améliorer le temps d'attente en agence
30/10/2024 16:20,Zone Centre,Agence du Parc,Application mobile,5,5,Service rapide et efficace,Très bonne orientation dès l'entrée,Proposer plus de services sur l'application mobile
30/10/2024 16:30,Zone Nord,Agence du Littoral,Guichet,4,4,Très bonne orientation dès l'entrée,Horaires d'ouverture peu pratiques,
31/10/2024 08:07,Zone Sud,Agence des Collines,Conseiller clientèle,2,2,Peu d'écoute face à ma réclamation,Horaires d'ouverture peu pratiques,
31/10/2024 08:31,Zone Nord,Agence des Palmiers,Centre d'appels,4,5,Service rapide et efficace,Service rapide et efficace,
31/10/2024 10:55,Zone Centre,Agence de la Gare,Guichet,5,5,Prise en charge rapide au guichet,,
31/10/2024 10:59,Zone Nord,Agence du Littoral,Accueil,5,5,Prise en charge rapide au guichet,,
31/10/2024 11:18,Zone Ouest,Agence de la Corniche,Guichet,4,4,,Conseiller à l'écoute du client,
31/10/2024 15:16,Zone Ouest,Agence du Phare,Guichet,3,4,,Personnel accueillant et souriant,Former le personnel à l'accueil des clients
31/10/2024 15:23,Zone Centre,Agence de la Gare,Conseiller clientèle,5,4,Temps d'attente trop long au guichet,Personnel accueillant et souriant,Proposer plus de services sur l'application mobile
31/10/2024 15:39,Zone Nord,Agence du Littoral,Conseiller clientèle,5,5,Prise en charge rapide au guichet,Agence propre et bien organisée,
31/10/2024 16:49,Zone Centre,Agence du Parc,Centre d'appels,5,5,Service rapide et efficace,Agence propre et bien organisée,Réduire le temps d'attente au guichet
31/10/2024 16:59,Zone Nord,Agence du Littoral,Conseiller clientèle,4,5,,,Mettre en place un système de tickets plus clair
01/11/2024 08:35,Zone Centre,Agence du Parc,GAB,5,4,,Agence propre et bien organisée,Installer plus de sièges dans la salle d'attente
01/11/2024 08:50,Zone Sud,Agence des Collines,Guichet,3,3,Temps d'attente trop long au guichet,,Installer plus de sièges dans la salle d'attente
01/11/2024 09:44,Zone Ouest,Agence de la Corniche,Guichet,3,4,,Temps d'attente trop long au guichet,Réduire le temps d'attente au guichet
01/11/2024 09:55,Zone Est,Agence du Stade,Application mobile,4,4,Agence propre et bien organisée,,Augmenter le personnel aux heures de pointe
01/11/2024 10:05,Zone Ouest,Agence du Phare,Conseiller clientèle,3,3,,,Former le personnel à l'accueil des clients
01/11/2024 13:42,Zone Nord,Agence des Palmiers,Conseiller clientèle,5,5,,,Améliorer le temps d'attente en agence
01/11/2024 13:47,Zone Ouest,Agence du Phare,Guichet,2,5,Temps d'attente trop long au guichet,,Réduire le temps d'attente au guichet
01/11/2024 13:54,Zone Nord,Agence des Palmiers,GAB,3,4,Conseiller à l'écoute du client,Conseiller à l'écoute du client,
01/11/2024 14:39,Zone Centre,Agence du Parc,Guichet,4,5,Prise en charge rapide au guichet,,Installer plus de sièges dans la salle d'attente
01/11/2024 14:47,Zone Nord,Agence des Palmiers,Centre d'appels,5,5,Service rapide et efficace,,Former le personnel à l'accueil des clients
01/11/2024 15:50,Zone Nord,Agence des Dunes,Conseiller clientèle,5,4,Agence propre et bien organisée,Service rapide et efficace,
01/11/2024 16:32,Zone Est,Agence du Stade,Guichet,4,3,Service rapide et efficace,,Améliorer le temps d'attente en agence
01/11/2024 16:38,Zone Est,Agence du Stade,Accueil,4,2,Conseiller à l'écoute du client,Peu d'écoute face à ma réclamation,
01/11/2024 17:27,Zone Centre,Agence du Parc,Application mobile,2,4,File d'attente mal organisée,Agence propre et bien organisée,Augmenter le personnel aux heures de pointe
01/11/2024 17:37,Zone Sud,Agence des Collines,Guichet,4,2,Très bonne orientation dès l'entrée,Temps d'attente trop long au guichet,Ajouter un guichet automatique dans le quartier
02/11/2024 08:26,Zone Ouest,Agence de la Corniche,GAB,3,3,,,Améliorer le temps d'attente en agence
02/11/2024 09:46,Zone Nord,Agence des Dunes,Guichet,2,4,Guichet automatique souvent en panne,Conseiller à l'écoute du client,
02/11/2024 15:02,Zone Ouest,Agence du Phare,Guichet,3,3,,,
04/11/2024 08:40,Zone Centre,Agence du Parc,Centre d'appels,5,3,,,Augmenter le personnel aux heures de pointe
04/11/2024 09:07,Zone Ouest,Agence de la Corniche,Guichet,3,2,,File d'attente mal organisée,
04/11/2024 09:12,Zone Centre,Agence de la Gare,Accueil,4,5,Agence propre et bien organisée,Très bonne orientation dès l'entrée,
04/11/2024 09:58,Zone Sud,Agence des Collines,Accueil,4,2,Personnel accueillant et souriant,Temps d'attente trop long au guichet,Climatiser la salle d'attente de l'agence
04/11/2024 10:28,Zone Nord,Agence des Dunes,GAB,4,3,,Très bonne orientation dès l'entrée,
04/11/2024 10:28,Zone Ouest,Agence de la Corniche,GAB,4,5,Agence propre et bien organisée,Conseiller à l'écoute du client,
04/11/2024 10:41,Zone Centre,Agence de la Gare,Guichet,5,5,Très bonne orientation dès l'entrée,Prise en charge rapide au guichet,Mettre en place un système de tickets plus clair
04/11/2024 10:57,Zone Nord,Agence des Palmiers,Accueil,4,5,Prise en charge rapide au guichet,Conseiller à l'écoute du client,Réduire le temps d'attente au guichet
04/11/2024 10:59,Zone Nord,Agence du Littoral,Guichet,5,4,Prise en charge rapide au guichet,,Réduire le temps d'attente au guichet
04/11/2024 12:03,Zone Ouest,Agence du Phare,Accueil,4,3,Très bonne orientation dès l'entrée,Service rapide et efficace,Installer plus de sièges dans la salle d'attente
04/11/2024 13:42,Zone Est,Agence des Acacias,Application mobile,5,5,Très bonne orientation dès l'entrée,,Former le personnel à l'accueil des clients
04/11/2024 14:46,Zone Centre,Agence de la Gare,Conseiller clientèle,4,4,Conseiller à l'écoute du client,Très bonne orientation dès l'entrée,Ajouter un guichet automatique dans le quartier
04/11/2024 15:51,Zone Centre,Agence du Marché,Conseiller clientèle,5,4,Peu d'écoute face à ma réclamation,Très bonne orientation dès l'entrée,Mettre en place un système de tickets plus clair
05/11/2024 08:58,Zone Centre,Agence du Parc,Guichet,4,4,,Agence propre et bien organisée,
05/11/2024 10:26,Zone Ouest,Agence de la Corniche,Guichet,3,3,,Très bonne orientation dès l'entrée,
05/11/2024 10:30,Zone Est,Agence du Stade,Accueil,4,3,Personnel accueillant et souriant,Peu d'écoute face à ma réclamation,
05/11/2024 10:35,Zone Centre,Agence de la Gare,Conseiller clientèle,4,4,Horaires d'ouverture peu pratiques,Prise en charge rapide au guichet,
05/11/2024 11:09,Zone Est,Agence du Stade,Guichet,3,3,,,Ajouter un guichet automatique dans le quartier
05/11/2024 12:11,Zone Ouest,Agence du Phare,Application mobile,4,2,Très bonne orientation dès l'entrée,Temps d'attente trop long au guichet,Réduire le temps d'attente au guichet
05/11/2024 13:13,Zone Sud,Agence de la Rivière,Application mobile,4,3,Conseiller à l'écoute du client,,
05/11/2024 14:07,Zone Nord,Agence des Palmiers,Guichet,4,5,,,Réduire les frais de tenue de compte
06/11/2024 08:49,Zone Est,Agence du Stade,Guichet,4,3,Agence propre et bien organisée,,
06/11/2024 09:21,Zone Sud,Agence de la Rivière,GAB,5,4,Agence propre et bien organisée,Très bonne orientation dès l'entrée,Installer plus de sièges dans la salle d'attente
06/11/2024 09:28,Zone Centre,Agence du Parc,Conseiller clientèle,5,5,,Très bonne orientation dès l'entrée,
06/11/2024 11:13,Zone Centre,Agence de la Gare,Guichet,5,5,Agence propre et bien organisée,Agence propre et bien organisée,Proposer plus de services sur l'application mobile
06/11/2024 11:40,Zone Sud,Agence de la Rivière,Centre d'appels,3,3,,Horaires d'ouverture peu pratiques,
06/11/2024 12:32,Zone Nord,Agence du Littoral,Conseiller clientèle,5,5,Personnel accueillant et souriant,,
06/11/2024 15:04,Zone Centre,Agence de la Gare,GAB,5,5,,Conseiller à l'écoute du client,Mettre en place un système de tickets plus clair
06/11/2024 16:48,Zone Nord,Agence du Littoral,Accueil,4,5,Service rapide et efficace,Service rapide et efficace,Ajouter un guichet automatique dans le quartier
07/11/2024 10:25,Zone Nord,Agence des Dunes,Guichet,4,4,Très bonne orientation dès l'entrée,,
07/11/2024 10:57,Zone Ouest,Agence de la Corniche,Conseiller clientèle,4,4,,,
07/11/2024 14:04,Zone Est,Agence des Acacias,Accueil,4,3,Agence propre et bien organisée,File d'attente mal organisée,
07/11/2024 14:47,Zone Nord,Agence des Palmiers,Accueil,5,5,Agence propre et bien organisée,Très bonne orientation dès l'entrée,
07/11/2024 16:18,Zone Est,Agence du Stade,Centre d'appels,4,4,,Prise en charge rapide au guichet,Installer plus de sièges dans la salle d'attente
08/11/2024 08:21,Zone Nord,Agence des Palmiers,Application mobile,4,3,Prise en charge rapide au guichet,,
08/11/2024 08:24,Zone Est,Agence du Stade,Application mobile,4,4,,Très bonne orientation dès l'entrée,Mettre en place un système de tickets plus clair
08/11/2024 09:04,Zone Sud,Agence de la Rivière,Conseiller clientèle,4,4,Agence propre et bien organisée,Personnel accueillant et souriant,
08/11/2024 10:04,Zone Est,Agence des Acacias,Accueil,5,5,Agence propre et bien organisée,Prise en charge rapide au guichet,Climatiser la salle d'attente de l'agence
08/11/2024 10:06,Zone Est,Agence du Stade,Conseiller clientèle,5,4,,Conseiller à l'écoute du client,Proposer plus de services sur l'application mobile
08/11/2024 10:20,Zone Sud,Agence de la Rivière,Accueil,5,4,Prise en charge rapide au guichet,Personnel accueillant et souriant,
08/11/2024 10:51,Zone Nord,Agence des Dunes,Conseiller clientèle,4,5,,Service rapide et efficace,
08/11/2024 11:15,Zone Nord,Agence des Dunes,Accueil,5,5,,Agence propre et bien organisée,Améliorer l'application mobile de la banque
08/11/2024 11:24,Zone Sud,Agence de la Rivière,Guichet,3,5,,Très bonne orientation dès l'entrée,
08/11/2024 11:48,Zone Centre,Agence du Parc,Accueil,4,5,,,Former le personnel à l'accueil des clients
08/11/2024 12:41,Zone Nord,Agence des Palmiers,Conseiller clientèle,4,5,Temps d'attente trop long au guichet,Personnel accueillant et souriant,
08/11/2024 16:29,Zone Est,Agence des Acacias,Guichet,3,5,,Personnel accueillant et souriant,Mettre en place un système de tickets plus clair
08/11/2024 16:36,Zone Centre,Agence de la Gare,Guichet,5,2,,,
09/11/2024 09:28,Zone Ouest,Agence du Phare,Conseiller clientèle,5,4,,Agence propre et bien organisée,Améliorer le temps d'attente en agence
09/11/2024 14:18,Zone Est,Agence de l'Horloge,Centre d'appels,5,5,Personnel accueillant et souriant,Service rapide et efficace,Proposer plus de services sur l'application mobile
09/11/2024 15:30,Zone Ouest,Agence de la Corniche,Guichet,3,3,,,
09/11/2024 15:40,Zone Ouest,Agence de la Corniche,Application mobile,4,3,Prise en charge rapide au guichet,,
09/11/2024 17:09,Zone Sud,Agence des Collines,Guichet,5,3,Agence propre et bien organisée,,
11/11/2024 10:09,Zone Sud,Agence des Collines,GAB,2,4,Horaires d'ouverture peu pratiques,,
11/11/2024 10:17,Zone Centre,Agence de la Gare,Centre d'appels,5,4,Service rapide et efficace,Service rapide et efficace,
11/11/2024 11:51,Zone Centre,Agence du Parc,Conseiller clientèle,5,3,,,
11/11/2024 14:28,Zone Sud,Agence de la Rivière,Guichet,3,3,,Très bonne orientation dès l'entrée,
11/11/2024 14:53,Zone Centre,Agence de la Gare,Guichet,5,2,,Manque de personnel aux heures de pointe,Ajouter un guichet automatique dans le quartier
11/11/2024 16:13,Zone Centre,Agence de la Gare,GAB,5,4,Prise en charge rapide au guichet,Personnel accueillant et souriant,
11/11/2024 16:27,Zone Centre,Agence de la Gare,Guichet,4,3,Service rapide et efficace,,
11/11/2024 16:35,Zone Nord,Agence du Littoral,Guichet,5,5,Conseiller à l'écoute du client,Très bonne orientation dès l'entrée,Proposer plus de services sur l'application mobile
11/11/2024 16:42,Zone Nord,Agence des Dunes,GAB,5,4,Temps d'attente trop long au guichet,Conseiller à l'écoute du client,Ajouter un guichet automatique dans le quartier
12/11/2024 08:13,Zone Centre,Agence du Parc,Centre d'appels,5,3,Prise en charge rapide au guichet,,Proposer plus de services sur l'application mobile
12/11/2024 09:06,Zone Nord,Agence des Palmiers,Accueil,4,4,Manque de personnel aux heures de pointe,Conseiller à l'écoute du client,Climatiser la salle d'attente de l'agence
12/11/2024 09:34,Zone Est,Agence des Acacias,Centre d'appels,4,3,,Personnel accueillant et souriant,
12/11/2024 09:36,Zone Centre,Agence de la Gare,Accueil,5,4,,Peu d'écoute face à ma réclamation,
12/11/2024 10:11,Zone Est,Agence de l'Horloge,Conseiller clientèle,5,4,,Très bonne orientation dès l'entrée,
12/11/2024 10:19,Zone Est,Agence de l'Horloge,Guichet,3,5,,,Réduire le temps d'attente au guichet
12/11/2024 11:30,Zone Est,Agence du Stade,Accueil,5,2,Peu d'écoute face à ma réclamation,Guichet automatique souvent en panne,Ouvrir l'agence le samedi matin
12/11/2024 11:40,Zone Ouest,Agence du Phare,Application mobile,3,3,,Service rapide et efficace,
12/11/2024 14:22,Zone Nord,Agence des Palmiers,Guichet,5,5,Service rapide et efficace,Service rapide et efficace,
12/11/2024 15:12,Zone Nord,Agence du Littoral,Accueil,5,3,Agence propre et bien organisée,,Augmenter le personnel aux heures de pointe
12/11/2024 15:53,Zone Est,Agence du Stade,Guichet,4,4,Conseiller à l'écoute du client,Très bonne orientation dès l'entrée,
12/11/2024 16:12,Zone Ouest,Agence du Phare,Accueil,3,1,Agence propre et bien organisée,Manque de personnel aux heures de pointe,
12/11/2024 16:26,Zone Est,Agence du Stade,Accueil,3,5,,Personnel accueillant et souriant,Augmenter le personnel aux heures de pointe
13/11/2024 08:00,Zone Est,Agence des Acacias,Accueil,4,3,Très bonne orientation dès l'entrée,,
13/11/2024 08:02,Zone Nord,Agence des Dunes,Conseiller clientèle,3,4,,,
13/11/2024 09:24,Zone Nord,Agence des Palmiers,Accueil,4,5,Agence propre et bien organisée,Prise en charge rapide au guichet,
13/11/2024 09:59,Zone Centre,Agence de la Gare,Guichet,4,4,Service rapide et efficace,,Proposer plus de services sur l'application mobile
13/11/2024 10:21,Zone Ouest,Agence de la Corniche,GAB,4,3,Prise en charge rapide au guichet,,Ouvrir l'agence le samedi matin
13/11/2024 10:37,Zone Sud,Agence de la Rivière,Guichet,5,2,File d'attente mal organisée,Peu d'écoute face à ma réclamation,
13/11/2024 10:52,Zone Est,Agence des Acacias,Guichet,4,4,Prise en charge rapide au guichet,,Réduire le temps d'attente au guichet
13/11/2024 12:31,Zone Nord,Agence du Littoral,GAB,5,5,Agence propre et bien organisée,Personnel accueillant et souriant,Améliorer l'application mobile de la banque
13/11/2024 17:50,Zone Est,Agence de l'Horloge,Conseiller clientèle,4,5,Prise en charge rapide au guichet,Agence propre et bien organisée,
14/11/2024 11:47,Zone Sud,Agence des Collines,Centre d'appels,3,3,,Agence propre et bien organisée,Mettre en place un système de tickets plus clair
14/11/2024 12:06,Zone Est,Agence de l'Horloge,Conseiller clientèle,4,4,Prise en charge rapide au guichet,Prise en charge rapide au guichet,Installer plus de sièges dans la salle d'attente
14/11/2024 12:06,Zone Nord,Agence des Palmiers,Conseiller clientèle,5,5,Personnel accueillant et souriant,Prise en charge rapide au guichet,Installer plus de sièges dans la salle d'attente
14/11/2024 15:46,Zone Centre,Agence du Parc,GAB,4,3,Très bonne orientation dès l'entrée,,
14/11/2024 16:20,Zone Ouest,Agence de la Corniche,Guichet,5,3,Conseiller à l'écoute du client,File d'attente mal organisée,Ajouter un guichet automatique dans le quartier
14/11/2024 17:33,Zone Est,Agence du Stade,Accueil,4,4,Service rapide et efficace,,
15/11/2024 09:27,Zone Centre,Agence du Marché,Guichet,5,4,,,
15/11/2024 09:53,Zone Sud,Agence des Collines,Centre d'appels,4,4,Conseiller à l'écoute du client,,Proposer plus de services sur l'application mobile
15/11/2024 10:27,Zone Sud,Agence des Collines,Centre d'appels,4,4,,Personnel accueillant et souriant,Réduire le temps d'attente au guichet
15/11/2024 10:58,Zone Nord,Agence du Littoral,Conseiller clientèle,4,3,,,Ajouter un guichet automatique dans le quartier
16/11/2024 10:25,Zone Est,Agence des Acacias,Conseiller clientèle,5,4,,Prise en charge rapide au guichet,Former le personnel à l'accueil des clients
16/11/2024 10:43,Zone Sud,Agence de la Rivière,Guichet,5,4,Service rapide et efficace,,Ajouter un guichet automatique dans le quartier
16/11/2024 12:04,Zone Nord,Agence des Dunes,GAB,3,4,Temps d'attente trop long au guichet,Très bonne orientation dès l'entrée,Améliorer l'application mobile de la banque
16/11/2024 15:32,Zone Sud,Agence de la Rivière,Accueil,4,3,Service rapide et efficace,,
16/11/2024 15:43,Zone Ouest,Agence de la Corniche,Centre d'appels,4,4,,Très bonne orientation dès l'entrée,
16/11/2024 16:26,Zone Est,Agence des Acacias,Application mobile,5,3,Personnel accueillant et souriant,,
18/11/2024 08:06,Zone Sud,Agence des Collines,Conseiller clientèle,3,5,,,
18/11/2024 09:20,Zone Est,Agence de l'Horloge,Centre d'appels,4,4,Très bonne orientation dès l'entrée,Conseiller à l'écoute du client,
18/11/2024 10:12,Zone Est,Agence du Stade,Application mobile,5,3,Manque de personnel aux heures de pointe,Horaires d'ouverture peu pratiques,
18/11/2024 10:34,Zone Centre,Agence de la Gare,Guichet,5,3,Prise en charge rapide au guichet,,Ouvrir l'agence le samedi matin
18/11/2024 12:34,Zone Est,Agence des Acacias,Guichet,5,5,Service rapide et efficace,,
18/11/2024 12:48,Zone Sud,Agence de la Rivière,Guichet,5,5,Horaires d'ouverture peu pratiques,Agence propre et bien organisée,Réduire le temps d'attente au guichet
18/11/2024 14:32,Zone Sud,Agence de la Rivière,Accueil,5,4,,Très bonne orientation dès l'entrée,Réduire les frais de tenue de compte
18/11/2024 14:49,Zone Sud,Agence des Collines,Guichet,4,2,Service rapide et efficace,Horaires d'ouverture peu pratiques,
18/11/2024 17:30,Zone Nord,Agence des Dunes,Application mobile,4,5,Horaires d'ouverture peu pratiques,Agence propre et bien organisée,Réduire le temps d'attente au guichet
19/11/2024 10:33,Zone Ouest,Agence de la Corniche,Guichet,3,4,,,Réduire les frais de tenue de compte
19/11/2024 11:03,Zone Nord,Agence des Palmiers,Guichet,4,4,Service rapide et efficace,Prise en charge rapide au guichet,Augmenter le personnel aux heures de pointe
19/11/2024 11:05,Zone Sud,Agence de la Rivière,Accueil,3,4,,,Proposer plus de services sur l'application mobile
19/11/2024 11:58,Zone Sud,Agence des Collines,Centre d'appels,4,4,,,
19/11/2024 13:05,Zone Nord,Agence du Littoral,Application mobile,5,5,Prise en charge rapide au guichet,Prise en charge rapide au guichet,Ajouter un guichet automatique dans le quartier
19/11/2024 13:29,Zone Est,Agence de l'Horloge,Accueil,5,3,Personnel accueillant et souriant,,Former le personnel à l'accueil des clients
19/11/2024 15:04,Zone Centre,Agence du Parc,Application mobile,5,4,Horaires d'ouverture peu pratiques,,Proposer plus de services sur l'application mobile
19/11/2024 15:37,Zone Centre,Agence du Parc,GAB,5,4,Agence propre et bien organisée,,
19/11/2024 15:42,Zone Ouest,Agence de la Corniche,Application mobile,4,5,Conseiller à l'écoute du client,Prise en charge rapide au guichet,
20/11/2024 09:01,Zone Centre,Agence de la Gare,Centre d'appels,5,5,Service rapide et efficace,Service rapide et efficace,Améliorer l'application mobile de la banque
20/11/2024 11:31,Zone Nord,Agence du Littoral,GAB,5,5,,Prise en charge rapide au guichet,
20/11/2024 14:35,Zone Ouest,Agence de la Corniche,Guichet,4,4,Conseiller à l'écoute du client,Agence propre et bien organisée,Réduire le temps d'attente au guichet
21/11/2024 08:10,Zone Nord,Agence du Littoral,Conseiller clientèle,5,5,,Personnel accueillant et souriant,
21/11/2024 09:37,Zone Centre,Agence de la Gare,Accueil,5,3,Agence propre et bien organisée,,Ajouter un guichet automatique dans le quartier
21/11/2024 10:32,Zone Nord,Agence des Palmiers,Guichet,4,4,Personnel accueillant et souriant,Service rapide et efficace,Climatiser la salle d'attente de l'agence
21/11/2024 13:51,Zone Sud,Agence des Collines,Application mobile,3,4,Personnel accueillant et souriant,Service rapide et efficace,Proposer plus de services sur l'application mobile
21/11/2024 14:51,Zone Est,Agence des Acacias,Application mobile,5,5,Agence propre et bien organisée,Personnel accueillant et souriant,Augmenter le personnel aux heures de pointe
21/11/2024 16:37,Zone Est,Agence des Acacias,Accueil,5,5,Service rapide et efficace,Personnel accueillant et souriant,Améliorer le temps d'attente en agence
22/11/2024 09:17,Zone Est,Agence du Stade,GAB,5,5,Prise en charge rapide au guichet,Temps d'attente trop long au guichet,
22/11/2024 09:18,Zone Nord,Agence des Dunes,GAB,5,3,Très bonne orientation dès l'entrée,,Augmenter le personnel aux heures de pointe
22/11/2024 09:20,Zone Est,Agence des Acacias,GAB,4,5,Service rapide et efficace,Prise en charge rapide au guichet,
22/11/2024 10:58,Zone Ouest,Agence de la Corniche,Conseiller clientèle,2,4,Peu d'écoute face à ma réclamation,,Réduire le temps d'attente au guichet
22/11/2024 14:09,Zone Nord,Agence du Littoral,Application mobile,5,5,Très bonne orientation dès l'entrée,Très bonne orientation dès l'entrée,Installer plus de sièges dans la salle d'attente
22/11/2024 14:46,Zone Nord,Agence du Littoral,GAB,5,4,Service rapide et efficace,Service rapide et efficace,Ouvrir l'agence le samedi matin
22/11/2024 15:04,Zone Est,Agence des Acacias,Conseiller clientèle,4,5,,Agence propre et bien organisée,Réduire le temps d'attente au guichet
22/11/2024 15:55,Zone Ouest,Agence du Phare,Accueil,4,5,,,
22/11/2024 16:52,Zone Centre,Agence du Parc,Conseiller clientèle,5,5,Prise en charge rapide au guichet,Conseiller à l'écoute du client,
23/11/2024 08:31,Zone Centre,Agence du Parc,Accueil,3,2,Personnel accueillant et souriant,,
23/11/2024 09:52,Zone Centre,Agence de la Gare,Guichet,5,5,Peu d'écoute face à ma réclamation,Service rapide et efficace,Améliorer le temps d'attente en agence
23/11/2024 11:05,Zone Centre,Agence du Parc,Guichet,4,3,Personnel accueillant et souriant,,
23/11/2024 11:28,Zone Est,Agence de l'Horloge,Centre d'appels,5,3,Agence propre et bien organisée,,Augmenter le personnel aux heures de pointe
23/11/2024 12:09,Zone Ouest,Agence de la Corniche,Application mobile,3,4,Conseiller à l'écoute du client,Personnel accueillant et souriant,Réduire le temps d'attente au guichet
23/11/2024 14:29,Zone Nord,Agence des Palmiers,GAB,4,4,Agence propre et bien organisée,Très bonne orientation dès l'entrée,Proposer plus de services sur l'application mobile
23/11/2024 14:51,Zone Centre,Agence du Parc,Guichet,5,2,,Manque de personnel aux heures de pointe,Ouvrir l'agence le samedi matin
23/11/2024 15:24,Zone Ouest,Agence du Phare,Guichet,5,3,Personnel accueillant et souriant,,Améliorer le temps d'attente en agence
23/11/2024 16:41,Zone Nord,Agence des Dunes,GAB,4,4,Prise en charge rapide au guichet,Service rapide et efficace,
25/11/2024 08:07,Zone Est,Agence des Acacias,Conseiller clientèle,5,4,Service rapide et efficace,Service rapide et efficace,
25/11/2024 09:17,Zone Centre,Agence du Parc,Guichet,5,4,Service rapide et efficace,,Climatiser la salle d'attente de l'agence
25/11/2024 10:53,Zone Centre,Agence du Parc,Guichet,4,4,,,Ajouter un guichet automatique dans le quartier
25/11/2024 11:12,Zone Sud,Agence de la Rivière,Accueil,4,4,Service rapide et efficace,Service rapide et efficace,Améliorer l'application mobile de la banque
25/11/2024 11:55,Zone Est,Agence de l'Horloge,Accueil,5,5,Très bonne orientation dès l'entrée,Service rapide et efficace,
25/11/2024 12:31,Zone Nord,Agence des Dunes,Guichet,1,4,Temps d'attente trop long au guichet,Service rapide et efficace,Climatiser la salle d'attente de l'agence
25/11/2024 13:56,Zone Ouest,Agence de la Corniche,Accueil,4,4,,Service rapide et efficace,Ajouter un guichet automatique dans le quartier
25/11/2024 15:35,Zone Sud,Agence des Collines,Centre d'appels,5,4,,,Augmenter le personnel aux heures de pointe
25/11/2024 16:25,Zone Centre,Agence du Marché,Accueil,3,4,,Très bonne orientation dès l'entrée,Ajouter un guichet automatique dans le quartier
25/11/2024 17:43,Zone Sud,Agence de la Rivière,Conseiller clientèle,5,2,,Guichet automatique souvent en panne,
26/11/2024 09:40,Zone Est,Agence du Stade,Conseiller clientèle,5,3,Service rapide et efficace,Très bonne orientation dès l'entrée,
26/11/2024 09:51,Zone Ouest,Agence de la Corniche,Accueil,4,4,Très bonne orientation dès l'entrée,,Mettre en place un système de tickets plus clair
26/11/2024 10:36,Zone Est,Agence du Stade,Accueil,3,5,,Conseiller à l'écoute du client,Réduire les frais de tenue de compte
26/11/2024 11:08,Zone Centre,Agence de la Gare,Guichet,4,4,,Conseiller à l'écoute du client,Former le personnel à l'accueil des clients
26/11/2024 11:26,Zone Nord,Agence du Littoral,GAB,3,5,,Personnel accueillant et souriant,
26/11/2024 13:49,Zone Centre,Agence du Parc,Accueil,5,4,,Personnel accueillant et souriant,Améliorer l'application mobile de la banque
26/11/2024 14:03,Zone Nord,Agence des Dunes,GAB,4,4,,Agence propre et bien organisée,Installer plus de sièges dans la salle d'attente
26/11/2024 14:48,Zone Est,Agence de l'Horloge,GAB,4,5,,,Augmenter le personnel aux heures de pointe
26/11/2024 15:34,Zone Nord,Agence des Dunes,Guichet,3,4,,,Proposer plus de services sur l'application mobile
27/11/2024 08:24,Zone Ouest,Agence de la Corniche,Guichet,4,4,,Très bonne orientation dès l'entrée,Améliorer le temps d'attente en agence
27/11/2024 11:26,Zone Est,Agence des Acacias,Guichet,4,5,,,Ouvrir l'agence le samedi matin
27/11/2024 11:44,Zone Est,Agence de l'Horloge,Conseiller clientèle,5,4,Conseiller à l'écoute du client,,Proposer plus de services sur l'application mobile
27/11/2024 13:23,Zone Ouest,Agence de la Corniche,Conseiller clientèle,3,2,,File d'attente mal organisée,
27/11/2024 15:58,Zone Ouest,Agence de la Corniche,GAB,3,4,,,Proposer plus de services sur l'application mobile
27/11/2024 17:58,Zone Centre,Agence du Parc,Conseiller clientèle,5,4,,Conseiller à l'écoute du client,Former le personnel à l'accueil des clients
28/11/2024 09:24,Zone Centre,Agence du Marché,Application mobile,2,4,Manque de personnel aux heures de pointe,Service rapide et efficace,Améliorer l'application mobile de la banque
28/11/2024 10:37,Zone Sud,Agence des Collines,Guichet,5,4,Horaires d'ouverture peu pratiques,,Installer plus de sièges dans la salle d'attente
28/11/2024 11:07,Zone Centre,Agence de la Gare,Application mobile,3,4,Guichet automatique souvent en panne,Personnel accueillant et souriant,
28/11/2024 11:10,Zone Ouest,Agence du Phare,Conseiller clientèle,5,3,,Peu d'écoute face à ma réclamation,
28/11/2024 12:10,Zone Nord,Agence des Dunes,GAB,5,4,Conseiller à l'écoute du client,Service rapide et efficace,Climatiser la salle d'attente de l'agence
28/11/2024 14:04,Zone Ouest,Agence de la Corniche,Guichet,3,5,Conseiller à l'écoute du client,Conseiller à l'écoute du client,Réduire les frais de tenue de compte
28/11/2024 17:42,Zone Centre,Agence de la Gare,Conseiller clientèle,4,4,,,Améliorer le temps d'attente en agence
29/11/2024 10:12,Zone Sud,Agence de la Rivière,Conseiller clientèle,4,4,,,Ouvrir l'agence le samedi matin
29/11/2024 11:29,Zone Ouest,Agence de la Corniche,GAB,3,3,,,
29/11/2024 11:55,Zone Sud,Agence de la Rivière,Application mobile,5,3,,,
29/11/2024 14:11,Zone Sud,Agence des Collines,Conseiller clientèle,5,3,Personnel accueillant et souriant,,Réduire le temps d'attente au guichet
30/11/2024 09:15,Zone Centre,Agence du Parc,Conseiller clientèle,5,4,,,
30/11/2024 10:12,Zone Ouest,Agence de la Corniche,Guichet,3,5,,Agence propre et bien organisée,
30/11/2024 11:10,Zone Centre,Agence du Parc,Accueil,2,4,,Prise en charge rapide au guichet,Réduire les frais de tenue de compte
30/11/2024 11:27,Zone Ouest,Agence de la Corniche,Accueil,4,2,,Manque de personnel aux heures de pointe,Installer plus de sièges dans la salle d'attente
30/11/2024 13:36,Zone Est,Agence du Stade,Accueil,4,5,,Agence propre et bien organisée,
30/11/2024 15:05,Zone Nord,Agence des Palmiers,Application mobile,3,3,Conseiller à l'écoute du client,,Proposer plus de services sur l'application mobile
02/12/2024 08:44,Zone Nord,Agence du Littoral,Accueil,5,5,Manque de personnel aux heures de pointe,,Proposer plus de services sur l'application mobile
02/12/2024 11:34,Zone Est,Agence de l'Horloge,Conseiller clientèle,4,4,Conseiller à l'écoute du client,,
02/12/2024 11:43,Zone Ouest,Agence du Phare,Guichet,1,3,Horaires d'ouverture peu pratiques,,
02/12/2024 12:02,Zone Centre,Agence de la Gare,Conseiller clientèle,4,4,Prise en charge rapide au guichet,,Ajouter un guichet automatique dans le quartier
02/12/2024 13:42,Zone Centre,Agence du Parc,Centre d'appels,5,3,Service rapide et efficace,Service rapide et efficace,
03/12/2024 08:05,Zone Sud,Agence des Collines,Guichet,3,2,,Peu d'écoute face à ma réclamation,Réduire le temps d'attente au guichet
03/12/2024 08:09,Zone Sud,Agence de la Rivière,Conseiller clientèle,3,5,,Très bonne orientation dès l'entrée,
03/12/2024 08:26,Zone Centre,Agence du Marché,Guichet,3,5,,,Réduire le temps d'attente au guichet
03/12/2024 09:56,Zone Nord,Agence des Palmiers,GAB,4,5,Service rapide et efficace,Conseiller à l'écoute du client,Installer plus de sièges dans la salle d'attente
03/12/2024 09:57,Zone Centre,Agence du Parc,Guichet,5,4,,,Former le personnel à l'accueil des clients
03/12/2024 13:43,Zone Sud,Agence de la Rivière,Conseiller clientèle,3,4,,Conseiller à l'écoute du client,Climatiser la salle d'attente de l'agence
03/12/2024 17:56,Zone Ouest,Agence de la Corniche,Application mobile,4,4,Personnel accueillant et souriant,Prise en charge rapide au guichet,Augmenter le personnel aux heures de pointe
04/12/2024 08:09,Zone Nord,Agence des Palmiers,Guichet,5,4,,,
04/12/2024 09:00,Zone Nord,Agence des Dunes,Conseiller clientèle,3,2,,Manque de personnel aux heures de pointe,Réduire le temps d'attente au guichet
04/12/2024 09:01,Zone Nord,Agence du Littoral,Conseiller clientèle,5,3,Peu d'écoute face à ma réclamation,,
04/12/2024 09:30,Zone Est,Agence de l'Horloge,Conseiller clientèle,4,4,,Très bonne orientation dès l'entrée,
04/12/2024 10:02,Zone Ouest,Agence du Phare,Application mobile,3,3,,,Climatiser la salle d'attente de l'agence
04/12/2024 10:21,Zone Ouest,Agence de la Corniche,Guichet,3,4,Guichet automatique souvent en panne,,Ouvrir l'agence le samedi matin
04/12/2024 11:08,Zone Nord,Agence des Dunes,Guichet,5,3,,,Climatiser la salle d'attente de l'agence
04/12/2024 11:34,Zone Sud,Agence de la Rivière,Application mobile,5,3,Agence propre et bien organisée,,Ouvrir l'agence le samedi matin
04/12/2024 12:30,Zone Est,Agence de l'Horloge,Accueil,4,2,,Peu d'écoute face à ma réclamation,Mettre en place un système de tickets plus clair
04/12/2024 13:15,Zone Centre,Agence de la Gare,Guichet,5,3,,Service rapide et efficace,
04/12/2024 15:48,Zone Nord,Agence des Palmiers,GAB,5,5,Prise en charge rapide au guichet,Très bonne orientation dès l'entrée,Augmenter le personnel aux heures de pointe
04/12/2024 16:17,Zone Nord,Agence du Littoral,Guichet,5,3,,Guichet automatique souvent en panne,Réduire les frais de tenue de compte
04/12/2024 16:36,Zone Nord,Agence des Dunes,GAB,5,3,,,
04/12/2024 17:01,Zone Nord,Agence des Palmiers,Guichet,4,4,,,
05/12/2024 08:00,Zone Centre,Agence de la Gare,Guichet,5,3,Prise en charge rapide au guichet,,Améliorer l'application mobile de la banque
05/12/2024 08:34,Zone Nord,Agence des Dunes,Accueil,3,3,,,
05/12/2024 10:54,Zone Sud,Agence des Collines,Accueil,2,3,Horaires d'ouverture peu pratiques,Très bonne orientation dès l'entrée,Améliorer l'application mobile de la banque
05/12/2024 11:03,Zone Nord,Agence des Dunes,Accueil,5,4,,,
05/12/2024 11:35,Zone Centre,Agence de la Gare,Accueil,4,5,Personnel accueillant et souriant,Prise en charge rapide au guichet,Ajouter un guichet automatique dans le quartier
05/12/2024 11:57,Zone Nord,Agence des Palmiers,GAB,4,5,Prise en charge rapide au guichet,Conseiller à l'écoute du client,Former le personnel à l'accueil des clients
05/12/2024 13:47,Zone Nord,Agence des Palmiers,GAB,5,4,,,Réduire les frais de tenue de compte
05/12/2024 15:24,Zone Est,Agence de l'Horloge,Guichet,3,3,,,
05/12/2024 15:30,Zone Est,Agence de l'Horloge,GAB,5,5,,Prise en charge rapide au guichet,Réduire le temps d'attente au guichet
05/12/2024 15:33,Zone Nord,Agence du Littoral,Guichet,5,5,Personnel accueillant et souriant,Très bonne orientation dès l'entrée,
05/12/2024 17:20,Zone Sud,Agence des Collines,Guichet,2,4,Guichet automatique souvent en panne,Prise en charge rapide au guichet,Ouvrir l'agence le samedi matin
06/12/2024 08:40,Zone Ouest,Agence de la Corniche,GAB,3,2,,Peu d'écoute face à ma réclamation,Former le personnel à l'accueil des clients
06/12/2024 09:45,Zone Sud,Agence des Collines,Accueil,5,3,Personnel accueillant et souriant,,Améliorer l'application mobile de la banque
06/12/2024 11:06,Zone Ouest,Agence de la Corniche,Conseiller clientèle,2,4,Manque de personnel aux heures de pointe,Personnel accueillant et souriant,
06/12/2024 11:30,Zone Est,Agence du Stade,GAB,5,5,Prise en charge rapide au guichet,,Former le personnel à l'accueil des clients
06/12/2024 11:43,Zone Nord,Agence des Palmiers,Guichet,4,5,Agence propre et bien organisée,Très bonne orientation dès l'entrée,
06/12/2024 15:42,Zone Centre,Agence du Parc,Guichet,4,5,,Conseiller à l'écoute du client,
06/12/2024 16:19,Zone Centre,Agence de la Gare,Centre d'appels,5,5,Prise en charge rapide au guichet,,
06/12/2024 16:55,Zone Centre,Agence de la Gare,Application mobile,5,5,Conseiller à l'écoute du client,,
07/12/2024 08:22,Zone Est,Agence de l'Horloge,Guichet,4,3,,,Installer plus de sièges dans la salle d'attente
07/12/2024 10:23,Zone Ouest,Agence de la Corniche,Accueil,3,3,,,
07/12/2024 12:27,Zone Centre,Agence de la Gare,Guichet,3,4,Temps d'attente trop long au guichet,Conseiller à l'écoute du client,
07/12/2024 15:05,Zone Sud,Agence des Collines,Application mobile,4,3,Personnel accueillant et souriant,,Ouvrir l'agence le samedi matin
07/12/2024 16:30,Zone Centre,Agence du Parc,Conseiller clientèle,3,4,,Agence propre et bien organisée,Former le personnel à l'accueil des clients
09/12/2024 09:15,Zone Sud,Agence des Collines,Application mobile,5,4,Conseiller à l'écoute du client,Personnel accueillant et souriant,
09/12/2024 09:46,Zone Ouest,Agence de la Corniche,Accueil,3,4,,Service rapide et efficace,Réduire les frais de tenue de compte
09/12/2024 10:20,Zone Centre,Agence du Parc,GAB,5,4,,Conseiller à l'écoute du client,Former le personnel à l'accueil des clients
09/12/2024 13:16,Zone Nord,Agence des Dunes,Application mobile,4,3,,,
09/12/2024 14:19,Zone Est,Agence du Stade,Accueil,5,5,Service rapide et efficace,,
10/12/2024 08:27,Zone Centre,Agence de la Gare,GAB,5,5,Très bonne orientation dès l'entrée,Très bonne orientation dès l'entrée,
10/12/2024 09:14,Zone Est,Agence de l'Horloge,Application mobile,5,4,Prise en charge rapide au guichet,Service rapide et efficace,Proposer plus de services sur l'application mobile
10/12/2024 09:43,Zone Centre,Agence du Marché,Guichet,4,5,,Conseiller à l'écoute du client,Climatiser la salle d'attente de l'agence
10/12/2024 10:51,Zone Centre,Agence du Parc,Conseiller clientèle,4,3,Agence propre et bien organisée,,Former le personnel à l'accueil des clients
10/12/2024 12:20,Zone Est,Agence du Stade,Accueil,3,4,,Conseiller à l'écoute du client,Augmenter le personnel aux heures de pointe
10/12/2024 12:24,Zone Est,Agence de l'Horloge,Guichet,4,3,,,Installer plus de sièges dans la salle d'attente
10/12/2024 12:38,Zone Centre,Agence du Parc,Guichet,4,3,,,
10/12/2024 15:24,Zone Centre,Agence de la Gare,Conseiller clientèle,4,3,Personnel accueillant et souriant,,Proposer plus de services sur l'application mobile
10/12/2024 15:40,Zone Centre,Agence de la Gare,Accueil,5,2,Personnel accueillant et souriant,Manque de personnel aux heures de pointe,
10/12/2024 16:26,Zone Ouest,Agence de la Corniche,Guichet,4,2,Très bonne orientation dès l'entrée,,
11/12/2024 09:02,Zone Centre,Agence du Parc,Centre d'appels,4,5,Personnel accueillant et souriant,,
11/12/2024 09:34,Zone Est,Agence des Acacias,Accueil,5,4,Agence propre et bien organisée,,Installer plus de sièges dans la salle d'attente
11/12/2024 10:00,Zone Sud,Agence de la Rivière,Conseiller clientèle,4,4,Très bonne orientation dès l'entrée,Personnel accueillant et souriant,Réduire les frais de tenue de compte
11/12/2024 11:50,Zone Sud,Agence des Collines,Centre d'appels,5,2,,Peu d'écoute face à ma réclamation,Réduire le temps d'attente au guichet
11/12/2024 13:02,Zone Nord,Agence des Dunes,Conseiller clientèle,3,3,,,Améliorer le temps d'attente en agence
11/12/2024 13:33,Zone Nord,Agence du Littoral,Guichet,5,5,Agence propre et bien organisée,Service rapide et efficace,Proposer plus de services sur l'application mobile
11/12/2024 13:37,Zone Sud,Agence de la Rivière,Accueil,1,4,Guichet automatique souvent en panne,Très bonne orientation dès l'entrée,Réduire les frais de tenue de compte
11/12/2024 17:52,Zone Est,Agence du Stade,Application mobile,3,3,,,Proposer plus de services sur l'application mobile
12/12/2024 08:29,Zone Est,Agence du Stade,Centre d'appels,3,3,,,
12/12/2024 11:21,Zone Sud,Agence des Collines,Centre d'appels,4,4,Personnel accueillant et souriant,,Réduire le temps d'attente au guichet
12/12/2024 13:00,Zone Ouest,Agence de la Corniche,Guichet,3,2,Guichet automatique souvent en panne,Horaires d'ouverture peu pratiques,Mettre en place un système de tickets plus clair
12/12/2024 13:10,Zone Nord,Agence des Palmiers,GAB,4,4,Prise en charge rapide au guichet,Conseiller à l'écoute du client,
12/12/2024 13:37,Zone Ouest,Agence de la Corniche,Guichet,4,4,Conseiller à l'écoute du client,Agence propre et bien organisée,Climatiser la salle d'attente de l'agence
12/12/2024 13:44,Zone Sud,Agence de la Rivière,Application mobile,5,4,Prise en charge rapide au guichet,,Ajouter un guichet automatique dans le quartier
12/12/2024 15:56,Zone Sud,Agence des Collines,Guichet,4,2,,File d'attente mal organisée,Installer plus de sièges dans la salle d'attente
12/12/2024 16:39,Zone Nord,Agence du Littoral,Guichet,4,5,Agence propre et bien organisée,,Améliorer le temps d'attente en agence
13/12/2024 08:17,Zone Nord,Agence des Dunes,Guichet,5,3,,,Mettre en place un système de tickets plus clair
13/12/2024 08:27,Zone Ouest,Agence de la Corniche,Conseiller clientèle,5,4,Agence propre et bien organisée,Conseiller à l'écoute du client,
13/12/2024 08:59,Zone Nord,Agence des Dunes,Guichet,4,5,Personnel accueillant et souriant,,
13/12/2024 09:09,Zone Nord,Agence des Palmiers,Guichet,3,3,,,
13/12/2024 09:24,Zone Centre,Agence de la Gare,GAB,4,5,Très bonne orientation dès l'entrée,Agence propre et bien organisée,Climatiser la salle d'attente de l'agence
13/12/2024 09:34,Zone Ouest,Agence du Phare,Guichet,3,5,,Agence propre et bien organisée,
13/12/2024 10:41,Zone Est,Agence des Acacias,Accueil,4,5,Agence propre et bien organisée,,
13/12/2024 13:27,Zone Centre,Agence de la Gare,GAB,5,3,Personnel accueillant et souriant,,Proposer plus de services sur l'application mobile
14/12/2024 11:52,Zone Est,Agence de l'Horloge,Guichet,4,4,,Conseiller à l'écoute du client,Proposer plus de services sur l'application mobile
14/12/2024 15:52,Zone Ouest,Agence de la Corniche,Guichet,2,3,Guichet automatique souvent en panne,Personnel accueillant et souriant,Climatiser la salle d'attente de l'agence
16/12/2024 09:00,Zone Nord,Agence des Palmiers,Guichet,5,4,Très bonne orientation dès l'entrée,,Augmenter le personnel aux heures de pointe
16/12/2024 09:10,Zone Sud,Agence des Collines,GAB,5,5,Agence propre et bien organisée,Service rapide et efficace,
16/12/2024 09:29,Zone Nord,Agence des Dunes,Conseiller clientèle,3,3,,,Ouvrir l'agence le samedi matin
16/12/2024 09:29,Zone Ouest,Agence de la Corniche,Guichet,3,3,,Guichet automatique souvent en panne,Améliorer l'application mobile de la banque
16/12/2024 09:50,Zone Centre,Agence de la Gare,Conseiller clientèle,5,3,Conseiller à l'écoute du client,,Proposer plus de services sur l'application mobile
16/12/2024 10:31,Zone Sud,Agence des Collines,Accueil,4,4,Agence propre et bien organisée,Personnel accueillant et souriant,
16/12/2024 10:34,Zone Sud,Agence de la Rivière,GAB,5,5,Agence propre et bien organisée,Conseiller à l'écoute du client,
16/12/2024 10:37,Zone Centre,Agence du Parc,Conseiller clientèle,3,3,,Prise en charge rapide au guichet,Proposer plus de services sur l'application mobile
16/12/2024 11:28,Zone Est,Agence de l'Horloge,Guichet,4,5,Très bonne orientation dès l'entrée,Service rapide et efficace,
16/12/2024 12:35,Zone Nord,Agence des Dunes,Accueil,3,4,,,
16/12/2024 12:36,Zone Est,Agence de l'Horloge,Conseiller clientèle,5,5,Agence propre et bien organisée,Service rapide et efficace,
16/12/2024 13:53,Zone Centre,Agence de la Gare,Application mobile,5,3,Conseiller à l'écoute du client,,Former le personnel à l'accueil des clients
16/12/2024 16:39,Zone Nord,Agence des Palmiers,Guichet,5,4,,,
16/12/2024 17:21,Zone Ouest,Agence de la Corniche,GAB,4,3,Personnel accueillant et souriant,Guichet automatique souvent en panne,Ouvrir l'agence le samedi matin
17/12/2024 08:28,Zone Nord,Agence des Palmiers,GAB,4,5,Service rapide et efficace,,Augmenter le personnel aux heures de pointe
17/12/2024 08:50,Zone Sud,Agence de la Rivière,Accueil,5,5,Très bonne orientation dès l'entrée,Guichet automatique souvent en panne,Améliorer l'application mobile de la banque
17/12/2024 10:25,Zone Nord,Agence des Dunes,Conseiller clientèle,3,5,,Agence propre et bien organisée,Réduire les frais de tenue de compte
17/12/2024 10:39,Zone Centre,Agence du Parc,Guichet,5,4,,,Réduire le temps d'attente au guichet
17/12/2024 10:43,Zone Nord,Agence des Dunes,Application mobile,5,4,,Conseiller à l'écoute du client,Améliorer l'application mobile de la banque
17/12/2024 11:29,Zone Ouest,Agence du Phare,Conseiller clientèle,2,4,Horaires d'ouverture peu pratiques,Très bonne orientation dès l'entrée,
17/12/2024 11:41,Zone Ouest,Agence de la Corniche,Guichet,4,1,,Peu d'écoute face à ma réclamation,
17/12/2024 11:54,Zone Est,Agence des Acacias,GAB,4,5,Agence propre et bien organisée,,
17/12/2024 16:50,Zone Nord,Agence des Palmiers,GAB,4,5,Prise en charge rapide au guichet,Personnel accueillant et souriant,
18/12/2024 10:08,Zone Nord,Agence des Palmiers,GAB,5,3,Prise en charge rapide au guichet,,
18/12/2024 10:18,Zone Centre,Agence de la Gare,Guichet,5,4,Agence propre et bien organisée,,Former le personnel à l'accueil des clients
18/12/2024 10:42,Zone Ouest,Agence du Phare,Guichet,4,5,Service rapide et efficace,Très bonne orientation dès l'entrée,
18/12/2024 10:47,Zone Est,Agence des Acacias,Guichet,4,5,Agence propre et bien organisée,Prise en charge rapide au guichet,
18/12/2024 10:47,Zone Est,Agence du Stade,Guichet,4,4,Prise en charge rapide au guichet,Personnel accueillant et souriant,
18/12/2024 13:24,Zone Ouest,Agence de la Corniche,Centre d'appels,5,5,Personnel accueillant et souriant,Conseiller à l'écoute du client,Augmenter le personnel aux heures de pointe
18/12/2024 13:59,Zone Ouest,Agence de la Corniche,Guichet,3,2,,Peu d'écoute face à ma réclamation,
18/12/2024 14:02,Zone Est,Agence de l'Horloge,Accueil,5,3,,,
18/12/2024 14:50,Zone Est,Agence du Stade,GAB,4,3,Agence propre et bien organisée,Peu d'écoute face à ma réclamation,Former le personnel à l'accueil des clients
18/12/2024 15:20,Zone Nord,Agence du Littoral,Centre d'appels,5,5,Agence propre et bien organisée,Personnel accueillant et souriant,Mettre en place un système de tickets plus clair
18/12/2024 15:42,Zone Sud,Agence de la Rivière,Accueil,3,3,,,
19/12/2024 08:32,Zone Nord,Agence des Dunes,Guichet,3,3,Prise en charge rapide au guichet,File d'attente mal organisée,Améliorer le temps d'attente en agence
19/12/2024 08:41,Zone Est,Agence des Acacias,Accueil,5,5,Conseiller à l'écoute du client,Personnel accueillant et souriant,Améliorer l'application mobile de la banque
19/12/2024 08:43,Zone Sud,Agence de la Rivière,Conseiller clientèle,4,4,Service rapide et efficace,,
19/12/2024 09:08,Zone Sud,Agence de la Rivière,Guichet,3,3,,Service rapide et efficace,
19/12/2024 10:21,Zone Centre,Agence de la Gare,Conseiller clientèle,4,1,Prise en charge rapide au guichet,File d'attente mal organisée,Améliorer l'application mobile de la banque
19/12/2024 11:16,Zone Nord,Agence des Dunes,Application mobile,5,3,,,Proposer plus de services sur l'application mobile
19/12/2024 12:36,Zone Ouest,Agence du Phare,Conseiller clientèle,4,5,Agence propre et bien organisée,Manque de personnel aux heures de pointe,Former le personnel à l'accueil des clients
19/12/2024 14:04,Zone Est,Agence de l'Horloge,Guichet,5,4,,,Mettre en place un système de tickets plus clair
19/12/2024 14:50,Zone Centre,Agence de la Gare,Application mobile,4,5,Prise en charge rapide au guichet,,
19/12/2024 15:15,Zone Nord,Agence des Palmiers,Accueil,3,4,,,
19/12/2024 15:56,Zone Ouest,Agence du Phare,Conseiller clientèle,4,3,,,Climatiser la salle d'attente de l'agence
19/12/2024 17:31,Zone Centre,Agence de la Gare,GAB,5,5,Prise en charge rapide au guichet,,
20/12/2024 10:47,Zone Sud,Agence des Collines,Application mobile,4,3,Conseiller à l'écoute du client,,Réduire le temps d'attente au guichet
20/12/2024 12:34,Zone Nord,Agence du Littoral,Guichet,5,5,,,Améliorer l'application mobile de la banque
20/12/2024 15:43,Zone Centre,Agence de la Gare,Guichet,4,3,Conseiller à l'écoute du client,,
20/12/2024 16:17,Zone Est,Agence du Stade,Guichet,5,4,Très bonne orientation dès l'entrée,Prise en charge rapide au guichet,
20/12/2024 17:54,Zone Centre,Agence de la Gare,Guichet,5,5,Très bonne orientation dès l'entrée,,Réduire les frais de tenue de compte
21/12/2024 09:00,Zone Nord,Agence du Littoral,Accueil,4,4,Personnel accueillant et souriant,,
21/12/2024 09:29,Zone Est,Agence des Acacias,Conseiller clientèle,4,5,Service rapide et efficace,Service rapide et efficace,
21/12/2024 10:04,Zone Est,Agence du Stade,Accueil,3,5,,Prise en charge rapide au guichet,
21/12/2024 12:37,Zone Ouest,Agence du Phare,Conseiller clientèle,3,2,,File d'attente mal organisée,Réduire le temps d'attente au guichet
21/12/2024 13:20,Zone Ouest,Agence du Phare,Accueil,2,5,,Personnel accueillant et souriant,
21/12/2024 13:25,Zone Est,Agence des Acacias,Conseiller clientèle,5,2,Prise en charge rapide au guichet,Manque de personnel aux heures de pointe,Installer plus de sièges dans la salle d'attente
21/12/2024 15:25,Zone Centre,Agence du Marché,Application mobile,5,5,,,
21/12/2024 16:24,Zone Ouest,Agence du Phare,GAB,4,3,Service rapide et efficace,,Augmenter le personnel aux heures de pointe
23/12/2024 08:50,Zone Centre,Agence de la Gare,Accueil,3,5,,Horaires d'ouverture peu pratiques,
23/12/2024 08:57,Zone Centre,Agence de la Gare,Conseiller clientèle,5,3,Agence propre et bien organisée,,Climatiser la salle d'attente de l'agence
23/12/2024 09:28,Zone Nord,Agence des Dunes,Accueil,4,4,,Agence propre et bien organisée,Mettre en place un système de tickets plus clair
23/12/2024 10:29,Zone Ouest,Agence de la Corniche,GAB,4,3,Service rapide et efficace,Peu d'écoute face à ma réclamation,
23/12/2024 10:58,Zone Est,Agence de l'Horloge,Application mobile,5,4,Agence propre et bien organisée,Prise en charge rapide au guichet,Réduire le temps d'attente au guichet
23/12/2024 11:42,Zone Est,Agence des Acacias,Conseiller clientèle,5,4,Prise en charge rapide au guichet,Personnel accueillant et souriant,
23/12/2024 11:44,Zone Nord,Agence des Dunes,Guichet,4,3,,Manque de personnel aux heures de pointe,
23/12/2024 11:53,Zone Est,Agence du Stade,Application mobile,4,4,Prise en charge rapide au guichet,Service rapide et efficace,Réduire les frais de tenue de compte
23/12/2024 12:42,Zone Nord,Agence des Palmiers,Centre d'appels,4,4,Personnel accueillant et souriant,,Installer plus de sièges dans la salle d'attente
23/12/2024 14:27,Zone Sud,Agence de la Rivière,Guichet,5,2,Personnel accueillant et souriant,Temps d'attente trop long au guichet,
23/12/2024 15:02,Zone Sud,Agence des Collines,Application mobile,4,5,Agence propre et bien organisée,Agence propre et bien organisée,Mettre en place un système de tickets plus clair
23/12/2024 15:48,Zone Ouest,Agence de la Corniche,GAB,2,3,Manque de personnel aux heures de pointe,,Proposer plus de services sur l'application mobile
23/12/2024 15:48,Zone Centre,Agence du Marché,GAB,5,5,Très bonne orientation dès l'entrée,,
23/12/2024 17:11,Zone Centre,Agence de la Gare,Accueil,5,4,Conseiller à l'écoute du client,Conseiller à l'écoute du client,Installer plus de sièges dans la salle d'attente
24/12/2024 09:30,Zone Centre,Agence du Parc,Accueil,4,4,,,Améliorer l'application mobile de la banque
24/12/2024 09:42,Zone Centre,Agence de la Gare,Conseiller clientèle,4,4,,Manque de personnel aux heures de pointe,
24/12/2024 10:54,Zone Ouest,Agence du Phare,Centre d'appels,5,3,Très bonne orientation dès l'entrée,,Réduire les frais de tenue de compte
24/12/2024 13:25,Zone Centre,Agence de la Gare,GAB,5,3,,,Former le personnel à l'accueil des clients
24/12/2024 15:19,Zone Centre,Agence du Marché,Conseiller clientèle,3,5,,,Réduire le temps d'attente au guichet
24/12/2024 17:54,Zone Centre,Agence de la Gare,Guichet,4,5,Service rapide et efficace,Prise en charge rapide au guichet,
25/12/2024 09:34,Zone Sud,Agence de la Rivière,Accueil,4,5,,,
25/12/2024 09:40,Zone Nord,Agence du Littoral,Guichet,5,5,,Très bonne orientation dès l'entrée,Climatiser la salle d'attente de l'agence
25/12/2024 10:20,Zone Ouest,Agence de la Corniche,Guichet,2,4,File d'attente mal organisée,Service rapide et efficace,
25/12/2024 10:21,Zone Nord,Agence du Littoral,Conseiller clientèle,5,4,,Très bonne orientation dès l'entrée,Réduire les frais de tenue de compte
25/12/2024 11:10,Zone Sud,Agence de la Rivière,Conseiller clientèle,5,4,Conseiller à l'écoute du client,Conseiller à l'écoute du client,Ajouter un guichet automatique dans le quartier
25/12/2024 11:19,Zone Sud,Agence des Collines,Guichet,5,4,Personnel accueillant et souriant,,
25/12/2024 11:27,Zone Nord,Agence des Palmiers,Accueil,3,4,,Agence propre et bien organisée,
25/12/2024 12:44,Zone Centre,Agence du Marché,Guichet,4,3,,,
25/12/2024 15:03,Zone Est,Agence du Stade,Guichet,4,4,,,Réduire le temps d'attente au guichet
25/12/2024 15:09,Zone Est,Agence du Stade,Guichet,5,5,Agence propre et bien organisée,,
25/12/2024 15:10,Zone Est,Agence de l'Horloge,Guichet,4,3,Très bonne orientation dès l'entrée,,
25/12/2024 15:14,Zone Sud,Agence de la Rivière,Centre d'appels,4,5,Service rapide et efficace,Prise en charge rapide au guichet,
25/12/2024 15:34,Zone Ouest,Agence de la Corniche,Conseiller clientèle,3,4,,Agence propre et bien organisée,
25/12/2024 16:00,Zone Sud,Agence des Collines,Guichet,4,3,Conseiller à l'écoute du client,,Améliorer le temps d'attente en agence
25/12/2024 16:52,Zone Sud,Agence des Collines,Centre d'appels,4,4,,,
26/12/2024 09:09,Zone Centre,Agence de la Gare,Application mobile,4,4,,Très bonne orientation dès l'entrée,
26/12/2024 09:26,Zone Est,Agence de l'Horloge,Guichet,5,4,Prise en charge rapide au guichet,,Proposer plus de services sur l'application mobile
26/12/2024 09:44,Zone Nord,Agence des Dunes,Guichet,2,4,Manque de personnel aux heures de pointe,,Réduire le temps d'attente au guichet
26/12/2024 10:13,Zone Centre,Agence de la Gare,GAB,4,5,Agence propre et bien organisée,Conseiller à l'écoute du client,
26/12/2024 10:26,Zone Centre,Agence du Marché,Centre d'appels,2,4,Horaires d'ouverture peu pratiques,,Climatiser la salle d'attente de l'agence
26/12/2024 10:30,Zone Nord,Agence du Littoral,Accueil,5,5,Conseiller à l'écoute du client,,Ajouter un guichet automatique dans le quartier
26/12/2024 11:02,Zone Ouest,Agence de la Corniche,GAB,3,3,,Temps d'attente trop long au guichet,Améliorer l'application mobile de la banque
26/12/2024 11:17,Zone Ouest,Agence de la Corniche,GAB,3,4,Guichet automatique souvent en panne,Conseiller à l'écoute du client,Améliorer le temps d'attente en agence
26/12/2024 13:21,Zone Nord,Agence du Littoral,Accueil,4,4,,,Améliorer le temps d'attente en agence
26/12/2024 16:53,Zone Ouest,Agence de la Corniche,Conseiller clientèle,4,4,Prise en charge rapide au guichet,,Installer plus de sièges dans la salle d'attente
26/12/2024 17:04,Zone Ouest,Agence de la Corniche,Guichet,3,3,,,Améliorer le temps d'attente en agence
26/12/2024 17:07,Zone Centre,Agence du Parc,Centre d'appels,5,4,,Prise en charge rapide au guichet,Réduire les frais de tenue de compte
26/12/2024 17:14,Zone Centre,Agence de la Gare,Guichet,3,2,Conseiller à l'écoute du client,Horaires d'ouverture peu pratiques,
27/12/2024 08:30,Zone Nord,Agence du Littoral,GAB,4,4,Agence propre et bien organisée,Service rapide et efficace,Réduire les frais de tenue de compte
27/12/2024 08:40,Zone Nord,Agence des Dunes,GAB,4,4,,Horaires d'ouverture peu pratiques,
27/12/2024 10:06,Zone Ouest,Agence de la Corniche,Guichet,3,5,Conseiller à l'écoute du client,,
27/12/2024 10:58,Zone Ouest,Agence de la Corniche,Conseiller clientèle,3,4,,Conseiller à l'écoute du client,
27/12/2024 16:26,Zone Centre,Agence du Parc,Accueil,5,5,Conseiller à l'écoute du client,Service rapide et efficace,Former le personnel à l'accueil des clients
27/12/2024 16:50,Zone Nord,Agence des Dunes,Conseiller clientèle,3,3,,,Améliorer le temps d'attente en agence
28/12/2024 11:21,Zone Nord,Agence du Littoral,Conseiller clientèle,5,4,Service rapide et efficace,,
28/12/2024 11:43,Zone Centre,Agence de la Gare,Conseiller clientèle,5,3,Personnel accueillant et souriant,,
30/12/2024 09:13,Zone Est,Agence du Stade,Guichet,5,3,Horaires d'ouverture peu pratiques,Temps d'attente trop long au guichet,Améliorer le temps d'attente en agence
30/12/2024 10:18,Zone Centre,Agence du Parc,Guichet,4,3,Prise en charge rapide au guichet,Prise en charge rapide au guichet,
30/12/2024 10:36,Zone Est,Agence de l'Horloge,Centre d'appels,4,4,Conseiller à l'écoute du client,Service rapide et efficace,Augmenter le personnel aux heures de pointe
30/12/2024 12:49,Zone Nord,Agence des Palmiers,Application mobile,5,5,Personnel accueillant et souriant,,Installer plus de sièges dans la salle d'attente
30/12/2024 13:02,Zone Ouest,Agence de la Corniche,Guichet,3,3,,Temps d'attente trop long au guichet,
30/12/2024 13:09,Zone Nord,Agence du Littoral,Conseiller clientèle,5,5,,Personnel accueillant et souriant,
30/12/2024 15:41,Zone Sud,Agence des Collines,Conseiller clientèle,2,3,Horaires d'ouverture peu pratiques,,Augmenter le personnel aux heures de pointe
31/12/2024 09:03,Zone Nord,Agence du Littoral,Guichet,3,3,File d'attente mal organisée,,Proposer plus de services sur l'application mobile
31/12/2024 09:16,Zone Nord,Agence du Littoral,Guichet,5,5,,,Mettre en place un système de tickets plus clair
31/12/2024 11:29,Zone Nord,Agence des Dunes,Guichet,4,4,Conseiller à l'écoute du client,,
31/12/2024 14:48,Zone Sud,Agence des Collines,Application mobile,3,2,File d'attente mal organisée,File d'attente mal organisée,Augmenter le personnel aux heures de pointe
31/12/2024 14:50,Zone Ouest,Agence de la Corniche,Guichet,3,4,,,
31/12/2024 15:24,Zone Sud,Agence des Collines,Centre d'appels,3,5,,Personnel accueillant et souriant,
31/12/2024 15:38,Zone Ouest,Agence du Phare,GAB,2,4,Peu d'écoute face à ma réclamation,Manque de personnel aux heures de pointe,Former le personnel à l'accueil des clients
01/01/2025 08:50,Zone Ouest,Agence de la Corniche,Application mobile,2,4,Peu d'écoute face à ma réclamation,,Climatiser la salle d'attente de l'agence
01/01/2025 09:27,Zone Centre,Agence du Parc,GAB,5,5,Conseiller à l'écoute du client,Prise en charge rapide au guichet,Réduire le temps d'attente au guichet
01/01/2025 10:14,Zone Ouest,Agence de la Corniche,GAB,3,4,,Prise en charge rapide au guichet,Ajouter un guichet automatique dans le quartier
01/01/2025 10:27,Zone Centre,Agence de la Gare,Guichet,5,4,Très bonne orientation dès l'entrée,Agence propre et bien organisée,Climatiser la salle d'attente de l'agence
01/01/2025 11:20,Zone Est,Agence du Stade,Application mobile,5,3,,,Mettre en place un système de tickets plus clair
01/01/2025 12:42,Zone Centre,Agence de la Gare,Accueil,5,5,,Service rapide et efficace,
01/01/2025 16:29,Zone Centre,Agence du Parc,Application mobile,5,3,,,Augmenter le personnel aux heures de pointe
01/01/2025 16:30,Zone Sud,Agence de la Rivière,Conseiller clientèle,3,4,,Service rapide et efficace,Réduire le temps d'attente au guichet
01/01/2025 17:41,Zone Nord,Agence des Dunes,Guichet,4,3,Prise en charge rapide au guichet,,
02/01/2025 08:05,Zone Centre,Agence de la Gare,Accueil,4,5,,,Réduire les frais de tenue de compte
02/01/2025 10:19,Zone Est,Agence de l'Horloge,Centre d'appels,4,5,,Conseiller à l'écoute du client,Augmenter le personnel aux heures de pointe
02/01/2025 10:39,Zone Est,Agence du Stade,GAB,3,5,,Personnel accueillant et souriant,
02/01/2025 11:29,Zone Centre,Agence de la Gare,Application mobile,4,4,,Conseiller à l'écoute du client,
02/01/2025 13:03,Zone Nord,Agence des Dunes,Guichet,4,4,Conseiller à l'écoute du client,Agence propre et bien organisée,Réduire les frais de tenue de compte
02/01/2025 13:20,Zone Centre,Agence du Marché,Conseiller clientèle,5,3,Personnel accueillant et souriant,Manque de personnel aux heures de pointe,Réduire le temps d'attente au guichet
02/01/2025 13:32,Zone Est,Agence du Stade,Guichet,3,5,Guichet automatique souvent en panne,Agence propre et bien organisée,Climatiser la salle d'attente de l'agence
02/01/2025 14:31,Zone Sud,Agence des Collines,Conseiller clientèle,4,4,Prise en charge rapide au guichet,Très bonne orientation dès l'entrée,Réduire le temps d'attente au guichet
02/01/2025 14:50,Zone Est,Agence du Stade,GAB,4,4,,,Réduire les frais de tenue de compte
02/01/2025 15:46,Zone Sud,Agence de la Rivière,GAB,3,4,,Personnel accueillant et souriant,
03/01/2025 09:16,Zone Est,Agence du Stade,Conseiller clientèle,4,4,Service rapide et efficace,,Réduire le temps d'attente au guichet
03/01/2025 09:16,Zone Est,Agence de l'Horloge,GAB,5,4,Conseiller à l'écoute du client,Prise en charge rapide au guichet,
03/01/2025 09:24,Zone Sud,Agence de la Rivière,Accueil,4,3,Horaires d'ouverture peu pratiques,,Améliorer l'application mobile de la banque
03/01/2025 11:04,Zone Centre,Agence du Parc,Accueil,5,5,Personnel accueillant et souriant,Prise en charge rapide au guichet,Mettre en place un système de tickets plus clair
03/01/2025 13:16,Zone Nord,Agence des Dunes,Application mobile,5,3,Horaires d'ouverture peu pratiques,,Mettre en place un système de tickets plus clair
03/01/2025 14:57,Zone Est,Agence du Stade,Conseiller clientèle,5,2,Très bonne orientation dès l'entrée,File d'attente mal organisée,Proposer plus de services sur l'application mobile
03/01/2025 16:28,Zone Ouest,Agence de la Corniche,Accueil,3,4,,,Former le personnel à l'accueil des clients
03/01/2025 17:47,Zone Nord,Agence des Palmiers,Accueil,3,5,,,
04/01/2025 12:29,Zone Centre,Agence du Parc,Guichet,5,5,,Très bonne orientation dès l'entrée,
04/01/2025 15:36,Zone Nord,Agence du Littoral,GAB,5,5,Conseiller à l'écoute du client,Prise en charge rapide au guichet,Réduire le temps d'attente au guichet
04/01/2025 15:43,Zone Nord,Agence des Dunes,Conseiller clientèle,4,4,Agence propre et bien organisée,Service rapide et efficace,Réduire les frais de tenue de compte
04/01/2025 15:57,Zone Est,Agence de l'Horloge,Guichet,5,4,,Agence propre et bien organisée,
04/01/2025 17:52,Zone Centre,Agence du Parc,Application mobile,3,3,Peu d'écoute face à ma réclamation,,Réduire le temps d'attente au guichet
06/01/2025 09:17,Zone Ouest,Agence du Phare,GAB,3,3,,,Réduire le temps d'attente au guichet
06/01/2025 10:10,Zone Nord,Agence des Dunes,Centre d'appels,3,5,,Personnel accueillant et souriant,
06/01/2025 10:29,Zone Nord,Agence des Palmiers,Guichet,3,5,Manque de personnel aux heures de pointe,,
06/01/2025 11:56,Zone Est,Agence des Acacias,GAB,5,3,,Manque de personnel aux heures de pointe,Ouvrir l'agence le samedi matin
06/01/2025 12:36,Zone Est,Agence de l'Horloge,Conseiller clientèle,5,5,Très bonne orientation dès l'entrée,,Améliorer le temps d'attente en agence
06/01/2025 14:47,Zone Est,Agence du Stade,Centre d'appels,3,5,,Service rapide et efficace,
07/01/2025 09:00,Zone Sud,Agence de la Rivière,Centre d'appels,4,4,Agence propre et bien organisée,,
07/01/2025 09:28,Zone Est,Agence des Acacias,Guichet,5,4,,,Améliorer l'application mobile de la banque
07/01/2025 09:50,Zone Centre,Agence de la Gare,GAB,3,3,Très bonne orientation dès l'entrée,,Mettre en place un système de tickets plus clair
07/01/2025 10:41,Zone Nord,Agence des Palmiers,GAB,5,5,,Agence propre et bien organisée,Améliorer l'application mobile de la banque
07/01/2025 10:59,Zone Sud,Agence de la Rivière,Guichet,3,3,,,
07/01/2025 12:32,Zone Sud,Agence de la Rivière,Guichet,5,3,Service rapide et efficace,,Réduire le temps d'attente au guichet
07/01/2025 14:29,Zone Est,Agence de l'Horloge,Application mobile,3,3,Agence propre et bien organisée,,Améliorer le temps d'attente en agence
07/01/2025 16:54,Zone Centre,Agence du Marché,Guichet,4,5,,Très bonne orientation dès l'entrée,
07/01/2025 17:57,Zone Est,Agence des Acacias,Guichet,5,5,Horaires d'ouverture peu pratiques,,
08/01/2025 08:10,Zone Est,Agence des Acacias,Guichet,4,5,Service rapide et efficace,Service rapide et efficace,Améliorer l'application mobile de la banque
08/01/2025 08:14,Zone Est,Agence des Acacias,Guichet,3,5,,,Réduire les frais de tenue de compte
08/01/2025 08:50,Zone Centre,Agence du Parc,Application mobile,3,4,Peu d'écoute face à ma réclamation,,Réduire les frais de tenue de compte
08/01/2025 09:36,Zone Sud,Agence de la Rivière,Guichet,5,4,,Horaires d'ouverture peu pratiques,Ajouter un guichet automatique dans le quartier
08/01/2025 11:26,Zone Centre,Agence du Parc,Accueil,5,4,Agence propre et bien organisée,,Climatiser la salle d'attente de l'agence
08/01/2025 12:56,Zone Sud,Agence de la Rivière,Accueil,3,4,,Conseiller à l'écoute du client,Augmenter le personnel aux heures de pointe
08/01/2025 15:49,Zone Est,Agence des Acacias,Application mobile,5,5,Conseiller à l'écoute du client,,
08/01/2025 17:59,Zone Sud,Agence des Collines,Conseiller clientèle,1,3,File d'attente mal organisée,,
09/01/2025 09:00,Zone Nord,Agence des Dunes,GAB,4,4,Très bonne orientation dès l'entrée,,
09/01/2025 10:13,Zone Nord,Agence des Dunes,Guichet,2,5,Manque de personnel aux heures de pointe,Personnel accueillant et souriant,Mettre en place un système de tickets plus clair
09/01/2025 11:37,Zone Sud,Agence des Collines,Accueil,3,2,,Temps d'attente trop long au guichet,
09/01/2025 12:07,Zone Nord,Agence des Dunes,Guichet,5,4,Service rapide et efficace,,
09/01/2025 13:27,Zone Est,Agence des Acacias,Accueil,5,5,Personnel accueillant et souriant,,
09/01/2025 14:42,Zone Est,Agence de l'Horloge,Conseiller clientèle,4,5,Agence propre et bien organisée,Conseiller à l'écoute du client,Augmenter le personnel aux heures de pointe
09/01/2025 15:30,Zone Centre,Agence de la Gare,Conseiller clientèle,3,5,Peu d'écoute face à ma réclamation,Agence propre et bien organisée,Proposer plus de services sur l'application mobile
09/01/2025 16:36,Zone Nord,Agence du Littoral,Centre d'appels,5,4,,Personnel accueillant et souriant,Réduire les frais de tenue de compte
10/01/2025 08:32,Zone Centre,Agence du Parc,Guichet,4,3,Prise en charge rapide au guichet,,Améliorer l'application mobile de la banque
10/01/2025 08:54,Zone Est,Agence du Stade,Application mobile,5,4,Agence propre et bien organisée,,Améliorer l'application mobile de la banque
10/01/2025 10:15,Zone Ouest,Agence de la Corniche,Accueil,4,5,Conseiller à l'écoute du client,Personnel accueillant et souriant,
10/01/2025 10:59,Zone Centre,Agence du Marché,Conseiller clientèle,4,3,Très bonne orientation dès l'entrée,,Ouvrir l'agence le samedi matin
10/01/2025 11:18,Zone Ouest,Agence de la Corniche,Conseiller clientèle,4,3,Prise en charge rapide au guichet,Manque de personnel aux heures de pointe,
10/01/2025 12:04,Zone Nord,Agence des Dunes,Accueil,4,5,Conseiller à l'écoute du client,Prise en charge rapide au guichet,Améliorer l'application mobile de la banque
10/01/2025 12:38,Zone Nord,Agence des Dunes,Conseiller clientèle,4,3,Conseiller à l'écoute du client,Agence propre et bien organisée,Améliorer l'application mobile de la banque
10/01/2025 13:05,Zone Nord,Agence des Palmiers,Conseiller clientèle,4,5,Prise en charge rapide au guichet,Conseiller à l'écoute du client,
10/01/2025 13:42,Zone Ouest,Agence du Phare,Accueil,3,5,,Agence propre et bien organisée,Proposer plus de services sur l'application mobile
10/01/2025 13:49,Zone Est,Agence de l'Horloge,Conseiller clientèle,5,4,,Prise en charge rapide au guichet,Installer plus de sièges dans la salle d'attente
10/01/2025 14:08,Zone Nord,Agence du Littoral,GAB,5,4,,,
10/01/2025 14:20,Zone Centre,Agence de la Gare,Application mobile,4,4,Agence propre et bien organisée,Personnel accueillant et souriant,Proposer plus de services sur l'application mobile
10/01/2025 14:25,Zone Centre,Agence de la Gare,Accueil,5,3,Prise en charge rapide au guichet,Guichet automatique souvent en panne,Former le personnel à l'accueil des clients
10/01/2025 16:35,Zone Sud,Agence des Collines,Application mobile,3,3,,Agence propre et bien organisée,Installer plus de sièges dans la salle d'attente
11/01/2025 08:30,Zone Est,Agence de l'Horloge,Conseiller clientèle,5,4,,Prise en charge rapide au guichet,Réduire les frais de tenue de compte
11/01/2025 11:50,Zone Ouest,Agence de la Corniche,Conseiller clientèle,4,5,Très bonne orientation dès l'entrée,Manque de personnel aux heures de pointe,Réduire les frais de tenue de compte
13/01/2025 11:03,Zone Est,Agence des Acacias,Guichet,4,5,Conseiller à l'écoute du client,Service rapide et efficace,
13/01/2025 11:10,Zone Ouest,Agence du Phare,Centre d'appels,5,4,Service rapide et efficace,Prise en charge rapide au guichet,Climatiser la salle d'attente de l'agence
13/01/2025 11:31,Zone Centre,Agence du Parc,Conseiller clientèle,4,4,Conseiller à l'écoute du client,Service rapide et efficace,Climatiser la salle d'attente de l'agence
13/01/2025 11:44,Zone Sud,Agence des Collines,Accueil,4,3,,,
13/01/2025 14:35,Zone Nord,Agence des Dunes,Guichet,3,4,,Conseiller à l'écoute du client,Réduire le temps d'attente au guichet
13/01/2025 14:50,Zone Ouest,Agence de la Corniche,Guichet,4,2,Conseiller à l'écoute du client,Peu d'écoute face à ma réclamation,Former le personnel à l'accueil des clients
13/01/2025 16:54,Zone Est,Agence des Acacias,GAB,3,4,,,Réduire le temps d'attente au guichet
13/01/2025 16:58,Zone Nord,Agence des Dunes,Application mobile,3,5,Service rapide et efficace,File d'attente mal organisée,Proposer plus de services sur l'application mobile
14/01/2025 08:37,Zone Nord,Agence des Palmiers,Guichet,5,5,Prise en charge rapide au guichet,,Réduire les frais de tenue de compte
14/01/2025 09:23,Zone Ouest,Agence de la Corniche,GAB,3,3,,Très bonne orientation dès l'entrée,Former le personnel à l'accueil des clients
14/01/2025 10:59,Zone Nord,Agence des Dunes,Conseiller clientèle,4,3,Très bonne orientation dès l'entrée,Service rapide et efficace,
14/01/2025 13:04,Zone Nord,Agence du Littoral,Centre d'appels,5,4,,,
14/01/2025 14:16,Zone Ouest,Agence de la Corniche,Centre d'appels,3,4,,Service rapide et efficace,
14/01/2025 17:38,Zone Sud,Agence des Collines,Guichet,5,3,Service rapide et efficace,,Ouvrir l'agence le samedi matin
15/01/2025 08:43,Zone Est,Agence des Acacias,Conseiller clientèle,4,5,,File d'attente mal organisée,Réduire les frais de tenue de compte
15/01/2025 10:01,Zone Est,Agence de l'Horloge,GAB,5,5,Prise en charge rapide au guichet,,Ajouter un guichet automatique dans le quartier
15/01/2025 10:45,Zone Ouest,Agence de la Corniche,Guichet,3,5,,Manque de personnel aux heures de pointe,Réduire le temps d'attente au guichet
15/01/2025 10:51,Zone Ouest,Agence de la Corniche,Guichet,5,3,Très bonne orientation dès l'entrée,,Réduire le temps d'attente au guichet
15/01/2025 13:12,Zone Nord,Agence du Littoral,Conseiller clientèle,5,4,Conseiller à l'écoute du client,Agence propre et bien organisée,
15/01/2025 14:39,Zone Est,Agence de l'Horloge,Guichet,4,5,,,Ajouter un guichet automatique dans le quartier
15/01/2025 15:27,Zone Centre,Agence du Parc,Guichet,5,3,Personnel accueillant et souriant,,Réduire les frais de tenue de compte
15/01/2025 15:45,Zone Nord,Agence des Palmiers,Guichet,4,5,,,
15/01/2025 16:04,Zone Ouest,Agence de la Corniche,Guichet,5,4,Très bonne orientation dès l'entrée,Conseiller à l'écoute du client,
15/01/2025 16:10,Zone Nord,Agence des Palmiers,GAB,3,4,,Agence propre et bien organisée,Climatiser la salle d'attente de l'agence
16/01/2025 08:38,Zone Est,Agence du Stade,GAB,4,3,Très bonne orientation dès l'entrée,,Améliorer l'application mobile de la banque
16/01/2025 09:54,Zone Est,Agence des Acacias,Guichet,3,5,Très bonne orientation dès l'entrée,,
16/01/2025 10:20,Zone Ouest,Agence de la Corniche,GAB,4,4,Personnel accueillant et souriant,Personnel accueillant et souriant,Améliorer le temps d'attente en agence
16/01/2025 10:23,Zone Est,Agence des Acacias,GAB,5,5,Conseiller à l'écoute du client,Personnel accueillant et souriant,
16/01/2025 15:54,Zone Est,Agence des Acacias,Guichet,5,4,Conseiller à l'écoute du client,Guichet automatique souvent en panne,Proposer plus de services sur l'application mobile
16/01/2025 16:03,Zone Est,Agence de l'Horloge,GAB,4,4,,,Mettre en place un système de tickets plus clair
16/01/2025 17:09,Zone Sud,Agence des Collines,Accueil,2,3,Horaires d'ouverture peu pratiques,,Réduire les frais de tenue de compte
17/01/2025 08:17,Zone Ouest,Agence du Phare,Conseiller clientèle,5,4,Horaires d'ouverture peu pratiques,Personnel accueillant et souriant,
17/01/2025 08:26,Zone Est,Agence des Acacias,GAB,3,5,,Personnel accueillant et souriant,
17/01/2025 08:40,Zone Sud,Agence de la Rivière,Conseiller clientèle,4,4,Très bonne orientation dès l'entrée,,
17/01/2025 10:00,Zone Sud,Agence des Collines,Conseiller clientèle,4,4,Temps d'attente trop long au guichet,,
17/01/2025 10:07,Zone Nord,Agence des Dunes,Conseiller clientèle,5,5,,Service rapide et efficace,
17/01/2025 10:18,Zone Est,Agence des Acacias,Centre d'appels,4,4,,Conseiller à l'écoute du client,
17/01/2025 14:12,Zone Ouest,Agence de la Corniche,Guichet,3,3,,,Réduire les frais de tenue de compte
17/01/2025 15:09,Zone Est,Agence de l'Horloge,GAB,5,5,Conseiller à l'écoute du client,Prise en charge rapide au guichet,Améliorer le temps d'attente en agence
17/01/2025 15:35,Zone Sud,Agence de la Rivière,Guichet,2,4,Peu d'écoute face à ma réclamation,Prise en charge rapide au guichet,Former le personnel à l'accueil des clients
18/01/2025 09:53,Zone Centre,Agence de la Gare,Conseiller clientèle,4,5,,Conseiller à l'écoute du client,
18/01/2025 11:30,Zone Est,Agence des Acacias,Accueil,5,4,Agence propre et bien organisée,Très bonne orientation dès l'entrée,Réduire le temps d'attente au guichet
18/01/2025 11:52,Zone Centre,Agence de la Gare,Guichet,5,4,,,Installer plus de sièges dans la salle d'attente
18/01/2025 14:38,Zone Sud,Agence des Collines,Guichet,5,3,Service rapide et efficace,,
20/01/2025 08:57,Zone Ouest,Agence de la Corniche,Accueil,5,3,Prise en charge rapide au guichet,Très bonne orientation dès l'entrée,Augmenter le personnel aux heures de pointe
20/01/2025 09:25,Zone Centre,Agence de la Gare,Application mobile,4,4,Très bonne orientation dès l'entrée,Personnel accueillant et souriant,Améliorer l'application mobile de la banque
20/01/2025 10:54,Zone Centre,Agence de la Gare,Guichet,5,5,Personnel accueillant et souriant,Service rapide et efficace,
20/01/2025 11:04,Zone Nord,Agence du Littoral,Application mobile,5,5,Personnel accueillant et souriant,Agence propre et bien organisée,
20/01/2025 11:50,Zone Nord,Agence du Littoral,Accueil,5,4,Conseiller à l'écoute du client,,
20/01/2025 12:37,Zone Ouest,Agence de la Corniche,Accueil,3,3,Temps d'attente trop long au guichet,,Former le personnel à l'accueil des clients
20/01/2025 14:20,Zone Est,Agence de l'Horloge,Guichet,3,3,,,
20/01/2025 14:32,Zone Nord,Agence des Dunes,Conseiller clientèle,4,4,,,
20/01/2025 15:30,Zone Centre,Agence du Parc,Accueil,5,4,Très bonne orientation dès l'entrée,Conseiller à l'écoute du client,Former le personnel à l'accueil des clients
20/01/2025 16:41,Zone Ouest,Agence du Phare,Accueil,5,5,,,
21/01/2025 08:25,Zone Centre,Agence de la Gare,Conseiller clientèle,4,5,Personnel accueillant et souriant,,
21/01/2025 09:15,Zone Est,Agence de l'Horloge,GAB,5,3,,,Installer plus de sièges dans la salle d'attente
21/01/2025 09:35,Zone Centre,Agence de la Gare,Guichet,4,3,,,
21/01/2025 10:40,Zone Nord,Agence des Palmiers,GAB,4,5,Manque de personnel aux heures de pointe,Conseiller à l'écoute du client,
21/01/2025 11:47,Zone Est,Agence de l'Horloge,Centre d'appels,4,4,,,Installer plus de sièges dans la salle d'attente
21/01/2025 11:52,Zone Nord,Agence des Dunes,Conseiller clientèle,4,1,,Peu d'écoute face à ma réclamation,
21/01/2025 12:08,Zone Sud,Agence des Collines,Guichet,3,5,,,Réduire les frais de tenue de compte
21/01/2025 14:28,Zone Ouest,Agence du Phare,Guichet,2,5,Temps d'attente trop long au guichet,Conseiller à l'écoute du client,
21/01/2025 14:55,Zone Sud,Agence de la Rivière,Accueil,5,4,Conseiller à l'écoute du client,Agence propre et bien organisée,Améliorer le temps d'attente en agence
21/01/2025 15:49,Zone Est,Agence de l'Horloge,GAB,5,5,Agence propre et bien organisée,,Améliorer l'application mobile de la banque
21/01/2025 16:04,Zone Nord,Agence des Palmiers,Conseiller clientèle,5,4,Très bonne orientation dès l'entrée,,Ajouter un guichet automatique dans le quartier
21/01/2025 16:36,Zone Est,Agence du Stade,Conseiller clientèle,4,5,Prise en charge rapide au guichet,Conseiller à l'écoute du client,
21/01/2025 17:36,Zone Sud,Agence des Collines,Conseiller clientèle,4,3,Agence propre et bien organisée,File d'attente mal organisée,Réduire le temps d'attente au guichet
22/01/2025 09:11,Zone Ouest,Agence de la Corniche,Guichet,3,3,,,
22/01/2025 09:38,Zone Ouest,Agence de la Corniche,GAB,5,2,Prise en charge rapide au guichet,,Augmenter le personnel aux heures de pointe
22/01/2025 09:47,Zone Nord,Agence du Littoral,Conseiller clientèle,5,4,Très bonne orientation dès l'entrée,Prise en charge rapide au guichet,Améliorer le temps d'attente en agence
22/01/2025 10:01,Zone Est,Agence du Stade,Conseiller clientèle,4,5,Très bonne orientation dès l'entrée,Très bonne orientation dès l'entrée,Réduire le temps d'attente au guichet
22/01/2025 10:15,Zone Sud,Agence des Collines,Conseiller clientèle,3,3,Agence propre et bien organisée,,Augmenter le personnel aux heures de pointe
22/01/2025 12:00,Zone Nord,Agence des Dunes,Guichet,3,4,,Personnel accueillant et souriant,Augmenter le personnel aux heures de pointe
22/01/2025 14:02,Zone Nord,Agence des Dunes,Application mobile,3,2,Prise en charge rapide au guichet,Horaires d'ouverture peu pratiques,
22/01/2025 14:37,Zone Centre,Agence du Marché,Application mobile,3,5,,Personnel accueillant et souriant,
22/01/2025 16:00,Zone Sud,Agence des Collines,Guichet,2,4,Personnel accueillant et souriant,Conseiller à l'écoute du client,
22/01/2025 16:13,Zone Nord,Agence du Littoral,GAB,5,5,,Peu d'écoute face à ma réclamation,
23/01/2025 08:26,Zone Nord,Agence du Littoral,Guichet,5,3,,,
23/01/2025 08:41,Zone Centre,Agence de la Gare,Conseiller clientèle,5,5,Service rapide et efficace,,Réduire les frais de tenue de compte
23/01/2025 10:35,Zone Nord,Agence des Dunes,GAB,3,4,,Service rapide et efficace,Proposer plus de services sur l'application mobile
23/01/2025 10:46,Zone Ouest,Agence de la Corniche,Conseiller clientèle,4,4,Agence propre et bien organisée,Service rapide et efficace,
23/01/2025 10:55,Zone Nord,Agence des Dunes,Conseiller clientèle,4,3,Service rapide et efficace,,Ouvrir l'agence le samedi matin
23/01/2025 11:17,Zone Est,Agence des Acacias,Application mobile,4,3,Conseiller à l'écoute du client,,
23/01/2025 12:15,Zone Sud,Agence de la Rivière,Guichet,5,4,Très bonne orientation dès l'entrée,,
23/01/2025 12:59,Zone Nord,Agence du Littoral,Conseiller clientèle,5,5,Service rapide et efficace,Personnel accueillant et souriant,
23/01/2025 15:30,Zone Est,Agence de l'Horloge,Guichet,4,4,Très bonne orientation dès l'entrée,,
23/01/2025 15:57,Zone Centre,Agence du Marché,Guichet,4,4,,,Proposer plus de services sur l'application mobile
23/01/2025 16:26,Zone Sud,Agence de la Rivière,Conseiller clientèle,5,3,,,Augmenter le personnel aux heures de pointe
23/01/2025 16:28,Zone Est,Agence de l'Horloge,Guichet,4,5,Service rapide et efficace,,
23/01/2025 17:42,Zone Nord,Agence du Littoral,Guichet,5,5,Agence propre et bien organisée,Service rapide et efficace,Ajouter un guichet automatique dans le quartier
24/01/2025 08:21,Zone Centre,Agence du Parc,Conseiller clientèle,5,5,,Très bonne orientation dès l'entrée,
24/01/2025 09:25,Zone Centre,Agence du Marché,GAB,4,3,Agence propre et bien organisée,,Ouvrir l'agence le samedi matin
24/01/2025 10:27,Zone Nord,Agence des Palmiers,GAB,5,5,,Service rapide et efficace,Améliorer l'application mobile de la banque
24/01/2025 10:55,Zone Est,Agence de l'Horloge,Application mobile,4,4,,,
24/01/2025 11:12,Zone Est,Agence de l'Horloge,Guichet,5,5,Prise en charge rapide au guichet,,
24/01/2025 12:57,Zone Est,Agence des Acacias,Application mobile,5,5,Prise en charge rapide au guichet,Conseiller à l'écoute du client,
24/01/2025 13:13,Zone Nord,Agence du Littoral,Guichet,5,4,Service rapide et efficace,,
24/01/2025 14:34,Zone Est,Agence des Acacias,Conseiller clientèle,5,4,Conseiller à l'écoute du client,Agence propre et bien organisée,
24/01/2025 16:51,Zone Est,Agence du Stade,Accueil,3,5,,Prise en charge rapide au guichet,
25/01/2025 08:21,Zone Sud,Agence de la Rivière,Centre d'appels,3,4,Guichet automatique souvent en panne,Service rapide et efficace,
25/01/2025 11:10,Zone Nord,Agence du Littoral,Guichet,5,4,Conseiller à l'écoute du client,Personnel accueillant et souriant,
25/01/2025 11:50,Zone Ouest,Agence de la Corniche,Conseiller clientèle,3,4,File d'attente mal organisée,,Améliorer le temps d'attente en agence
25/01/2025 11:58,Zone Nord,Agence des Dunes,GAB,3,4,,,Proposer plus de services sur l'application mobile
25/01/2025 12:09,Zone Est,Agence des Acacias,Centre d'appels,4,5,,Conseiller à l'écoute du client,
25/01/2025 16:00,Zone Ouest,Agence de la Corniche,Guichet,2,4,,Personnel accueillant et souriant,
27/01/2025 08:09,Zone Nord,Agence du Littoral,Conseiller clientèle,5,5,Service rapide et efficace,Conseiller à l'écoute du client,
27/01/2025 09:13,Zone Nord,Agence du Littoral,Accueil,5,5,Personnel accueillant et souriant,Conseiller à l'écoute du client,Ajouter un guichet automatique dans le quartier
27/01/2025 10:00,Zone Sud,Agence des Collines,Application mobile,4,5,Personnel accueillant et souriant,,
27/01/2025 10:47,Zone Centre,Agence de la Gare,Guichet,4,4,Service rapide et efficace,Prise en charge rapide au guichet,Climatiser la salle d'attente de l'agence
27/01/2025 11:29,Zone Centre,Agence de la Gare,Conseiller clientèle,3,3,Horaires d'ouverture peu pratiques,,Améliorer l'application mobile de la banque
27/01/2025 12:38,Zone Est,Agence du Stade,Guichet,4,5,,Agence propre et bien organisée,Ouvrir l'agence le samedi matin
27/01/2025 12:53,Zone Nord,Agence des Dunes,Centre d'appels,3,2,,File d'attente mal organisée,Installer plus de sièges dans la salle d'attente
27/01/2025 14:00,Zone Est,Agence des Acacias,GAB,4,4,,Service rapide et efficace,
27/01/2025 15:05,Zone Sud,Agence de la Rivière,Accueil,3,5,Personnel accueillant et souriant,,Former le personnel à l'accueil des clients
27/01/2025 15:26,Zone Centre,Agence du Parc,Guichet,3,5,,Prise en charge rapide au guichet,
27/01/2025 17:43,Zone Ouest,Agence du Phare,Centre d'appels,3,3,,,Installer plus de sièges dans la salle d'attente
28/01/2025 08:44,Zone Est,Agence des Acacias,GAB,5,4,,Conseiller à l'écoute du client,Proposer plus de services sur l'application mobile
28/01/2025 10:38,Zone Nord,Agence du Littoral,GAB,4,5,Agence propre et bien organisée,,Réduire le temps d'attente au guichet
28/01/2025 11:03,Zone Centre,Agence du Marché,Application mobile,3,3,,,Réduire le temps d'attente au guichet
28/01/2025 11:19,Zone Ouest,Agence du Phare,Conseiller clientèle,4,4,Personnel accueillant et souriant,Conseiller à l'écoute du client,
28/01/2025 11:30,Zone Est,Agence du Stade,Conseiller clientèle,4,3,File d'attente mal organisée,,Proposer plus de services sur l'application mobile
28/01/2025 11:57,Zone Est,Agence des Acacias,Conseiller clientèle,5,5,Très bonne orientation dès l'entrée,,Réduire le temps d'attente au guichet
28/01/2025 11:58,Zone Ouest,Agence de la Corniche,Accueil,5,5,Horaires d'ouverture peu pratiques,,Proposer plus de services sur l'application mobile
28/01/2025 12:19,Zone Nord,Agence du Littoral,Application mobile,5,5,,Prise en charge rapide au guichet,Améliorer le temps d'attente en agence
28/01/2025 12:33,Zone Est,Agence des Acacias,Application mobile,4,5,Très bonne orientation dès l'entrée,,
28/01/2025 16:36,Zone Ouest,Agence de la Corniche,GAB,3,4,,,
29/01/2025 10:12,Zone Nord,Agence des Palmiers,Application mobile,5,5,Conseiller à l'écoute du client,,Mettre en place un système de tickets plus clair
29/01/2025 10:59,Zone Ouest,Agence du Phare,Accueil,3,4,,,Proposer plus de services sur l'application mobile
29/01/2025 13:28,Zone Nord,Agence des Dunes,Conseiller clientèle,3,5,,,Climatiser la salle d'attente de l'agence
29/01/2025 13:34,Zone Ouest,Agence du Phare,Guichet,4,3,,Personnel accueillant et souriant,
29/01/2025 14:26,Zone Est,Agence du Stade,GAB,4,5,Conseiller à l'écoute du client,,Ajouter un guichet automatique dans le quartier
29/01/2025 14:44,Zone Nord,Agence du Littoral,Centre d'appels,5,5,,Agence propre et bien organisée,Augmenter le personnel aux heures de pointe
29/01/2025 16:56,Zone Est,Agence de l'Horloge,Guichet,4,4,,Service rapide et efficace,
29/01/2025 16:59,Zone Centre,Agence du Parc,Guichet,5,4,Agence propre et bien organisée,,
29/01/2025 17:45,Zone Ouest,Agence de la Corniche,Accueil,4,3,,,Proposer plus de services sur l'application mobile
30/01/2025 08:42,Zone Sud,Agence des Collines,Centre d'appels,4,4,,,
30/01/2025 11:04,Zone Est,Agence du Stade,Conseiller clientèle,3,5,,Service rapide et efficace,
30/01/2025 12:59,Zone Sud,Agence des Collines,Guichet,4,2,Agence propre et bien organisée,Manque de personnel aux heures de pointe,
30/01/2025 14:51,Zone Centre,Agence du Parc,Conseiller clientèle,3,3,,,Ouvrir l'agence le samedi matin
30/01/2025 17:01,Zone Ouest,Agence de la Corniche,Guichet,4,4,Prise en charge rapide au guichet,Service rapide et efficace,
31/01/2025 09:42,Zone Ouest,Agence de la Corniche,Conseiller clientèle,3,5,,,
31/01/2025 10:23,Zone Sud,Agence de la Rivière,Conseiller clientèle,5,2,Service rapide et efficace,Manque de personnel aux heures de pointe,
31/01/2025 10:40,Zone Nord,Agence des Palmiers,GAB,5,5,Service rapide et efficace,Conseiller à l'écoute du client,
31/01/2025 11:35,Zone Est,Agence des Acacias,Application mobile,5,5,File d'attente mal organisée,Personnel accueillant et souriant,Installer plus de sièges dans la salle d'attente
31/01/2025 12:04,Zone Ouest,Agence du Phare,GAB,4,3,,,Réduire le temps d'attente au guichet
31/01/2025 12:09,Zone Centre,Agence du Parc,Application mobile,5,4,Agence propre et bien organisée,Horaires d'ouverture peu pratiques,Ouvrir l'agence le samedi matin
31/01/2025 12:20,Zone Est,Agence des Acacias,Application mobile,5,5,Très bonne orientation dès l'entrée,File d'attente mal organisée,
31/01/2025 12:55,Zone Ouest,Agence du Phare,Conseiller clientèle,3,4,,,Climatiser la salle d'attente de l'agence
31/01/2025 14:11,Zone Est,Agence des Acacias,Application mobile,4,3,,,
31/01/2025 15:22,Zone Ouest,Agence de la Corniche,Guichet,3,4,,Service rapide et efficace,Mettre en place un système de tickets plus clair
31/01/2025 15:34,Zone Ouest,Agence de la Corniche,GAB,5,4,Personnel accueillant et souriant,Personnel accueillant et souriant,Installer plus de sièges dans la salle d'attente
31/01/2025 15:38,Zone Est,Agence des Acacias,Accueil,4,5,Service rapide et efficace,Agence propre et bien organisée,
31/01/2025 15:58,Zone Est,Agence des Acacias,Accueil,3,4,,Très bonne orientation dès l'entrée,
31/01/2025 16:22,Zone Centre,Agence du Parc,Application mobile,4,4,Horaires d'ouverture peu pratiques,Très bonne orientation dès l'entrée,Réduire les frais de tenue de compte
31/01/2025 17:22,Zone Ouest,Agence de la Corniche,Guichet,5,4,,,Climatiser la salle d'attente de l'agence
01/02/2025 09:42,Zone Est,Agence de l'Horloge,Guichet,4,5,Conseiller à l'écoute du client,Service rapide et efficace,
01/02/2025 10:13,Zone Est,Agence des Acacias,Application mobile,4,3,Agence propre et bien organisée,,
01/02/2025 14:18,Zone Sud,Agence des Collines,Application mobile,5,3,Service rapide et efficace,,Climatiser la salle d'attente de l'agence
01/02/2025 15:25,Zone Ouest,Agence de la Corniche,Accueil,3,4,Horaires d'ouverture peu pratiques,Prise en charge rapide au guichet,
01/02/2025 17:10,Zone Nord,Agence des Dunes,GAB,4,4,Personnel accueillant et souriant,Agence propre et bien organisée,
01/02/2025 17:25,Zone Ouest,Agence de la Corniche,Accueil,4,4,,Très bonne orientation dès l'entrée,Installer plus de sièges dans la salle d'attente
03/02/2025 08:01,Zone Nord,Agence du Littoral,Guichet,5,4,Prise en charge rapide au guichet,Conseiller à l'écoute du client,Réduire le temps d'attente au guichet
03/02/2025 08:31,Zone Nord,Agence du Littoral,Guichet,5,5,,,
03/02/2025 08:40,Zone Ouest,Agence du Phare,Guichet,3,5,Conseiller à l'écoute du client,Peu d'écoute face à ma réclamation,
03/02/2025 09:54,Zone Centre,Agence du Marché,Conseiller clientèle,5,4,Prise en charge rapide au guichet,Très bonne orientation dès l'entrée,Réduire les frais de tenue de compte
03/02/2025 09:57,Zone Centre,Agence de la Gare,Guichet,5,4,Très bonne orientation dès l'entrée,Agence propre et bien organisée,
03/02/2025 10:27,Zone Nord,Agence des Dunes,Accueil,4,3,,,Mettre en place un système de tickets plus clair
03/02/2025 14:14,Zone Sud,Agence des Collines,Guichet,5,2,,Manque de personnel aux heures de pointe,
03/02/2025 15:08,Zone Centre,Agence du Marché,Centre d'appels,4,5,,,Climatiser la salle d'attente de l'agence
03/02/2025 16:40,Zone Nord,Agence des Palmiers,Application mobile,3,3,Service rapide et efficace,,Climatiser la salle d'attente de l'agence
03/02/2025 17:30,Zone Ouest,Agence du Phare,GAB,4,4,Très bonne orientation dès l'entrée,Agence propre et bien organisée,
04/02/2025 08:54,Zone Centre,Agence de la Gare,Conseiller clientèle,4,4,,Prise en charge rapide au guichet,Réduire les frais de tenue de compte
04/02/2025 09:21,Zone Est,Agence du Stade,GAB,4,3,,,Former le personnel à l'accueil des clients
04/02/2025 09:34,Zone Centre,Agence de la Gare,Conseiller clientèle,4,5,Agence propre et bien organisée,Conseiller à l'écoute du client,Augmenter le personnel aux heures de pointe
04/02/2025 10:44,Zone Ouest,Agence du Phare,Guichet,5,4,Conseiller à l'écoute du client,Service rapide et efficace,Installer plus de sièges dans la salle d'attente
04/02/2025 11:24,Zone Centre,Agence du Parc,Accueil,4,4,Prise en charge rapide au guichet,Prise en charge rapide au guichet,
04/02/2025 12:45,Zone Est,Agence des Acacias,Application mobile,5,4,Très bonne orientation dès l'entrée,Prise en charge rapide au guichet,Proposer plus de services sur l'application mobile
04/02/2025 14:11,Zone Ouest,Agence de la Corniche,Accueil,4,2,,Peu d'écoute face à ma réclamation,
04/02/2025 14:22,Zone Centre,Agence du Parc,Application mobile,2,2,Peu d'écoute face à ma réclamation,Guichet automatique souvent en panne,Climatiser la salle d'attente de l'agence
04/02/2025 14:35,Zone Centre,Agence du Marché,Guichet,5,5,,Très bonne orientation dès l'entrée,
04/02/2025 15:01,Zone Sud,Agence des Collines,Guichet,5,2,,Peu d'écoute face à ma réclamation,Ajouter un guichet automatique dans le quartier
04/02/2025 15:44,Zone Centre,Agence du Marché,Conseiller clientèle,4,4,Agence propre et bien organisée,Prise en charge rapide au guichet,Améliorer le temps d'attente en agence
04/02/2025 15:47,Zone Est,Agence des Acacias,Centre d'appels,5,3,Conseiller à l'écoute du client,,
05/02/2025 10:26,Zone Centre,Agence de la Gare,Application mobile,5,5,Agence propre et bien organisée,Prise en charge rapide au guichet,Proposer plus de services sur l'application mobile
05/02/2025 10:38,Zone Nord,Agence des Palmiers,Application mobile,5,5,Prise en charge rapide au guichet,Conseiller à l'écoute du client,
05/02/2025 11:26,Zone Nord,Agence des Dunes,Guichet,3,4,,,Installer plus de sièges dans la salle d'attente
05/02/2025 12:09,Zone Sud,Agence de la Rivière,Application mobile,4,4,,Service rapide et efficace,Former le personnel à l'accueil des clients
05/02/2025 12:44,Zone Centre,Agence de la Gare,Application mobile,3,3,,,Proposer plus de services sur l'application mobile
05/02/2025 13:00,Zone Nord,Agence des Dunes,GAB,4,4,,,
05/02/2025 15:53,Zone Centre,Agence de la Gare,Conseiller clientèle,3,4,,Service rapide et efficace,Améliorer l'application mobile de la banque
06/02/2025 08:15,Zone Est,Agence de l'Horloge,Application mobile,4,3,Service rapide et efficace,,
06/02/2025 08:26,Zone Est,Agence de l'Horloge,Guichet,5,5,Personnel accueillant et souriant,,
06/02/2025 09:03,Zone Ouest,Agence de la Corniche,Guichet,2,4,Manque de personnel aux heures de pointe,Conseiller à l'écoute du client,Augmenter le personnel aux heures de pointe
06/02/2025 09:40,Zone Sud,Agence des Collines,Accueil,4,3,Conseiller à l'écoute du client,Prise en charge rapide au guichet,Réduire le temps d'attente au guichet
06/02/2025 10:02,Zone Est,Agence des Acacias,Conseiller clientèle,5,4,Prise en charge rapide au guichet,Conseiller à l'écoute du client,
06/02/2025 10:09,Zone Centre,Agence de la Gare,GAB,5,5,,Service rapide et efficace,Proposer plus de services sur l'application mobile
06/02/2025 13:56,Zone Nord,Agence du Littoral,Guichet,5,5,,Guichet automatique souvent en panne,Réduire les frais de tenue de compte
06/02/2025 14:09,Zone Nord,Agence des Palmiers,Application mobile,3,3,,,Améliorer l'application mobile de la banque
06/02/2025 14:16,Zone Est,Agence de l'Horloge,Guichet,5,3,Conseiller à l'écoute du client,,
06/02/2025 16:12,Zone Centre,Agence du Parc,Accueil,4,5,,Personnel accueillant et souriant,
06/02/2025 16:59,Zone Est,Agence des Acacias,Application mobile,5,5,Agence propre et bien organisée,Personnel accueillant et souriant,Former le personnel à l'accueil des clients
07/02/2025 09:19,Zone Centre,Agence de la Gare,Guichet,4,3,Personnel accueillant et souriant,File d'attente mal organisée,
07/02/2025 09:28,Zone Est,Agence des Acacias,Guichet,3,4,,,Climatiser la salle d'attente de l'agence
07/02/2025 10:19,Zone Centre,Agence du Parc,Guichet,5,4,,Prise en charge rapide au guichet,
07/02/2025 11:34,Zone Nord,Agence du Littoral,Centre d'appels,4,4,Très bonne orientation dès l'entrée,Service rapide et efficace,
07/02/2025 11:35,Zone Centre,Agence du Parc,Guichet,4,4,,Très bonne orientation dès l'entrée,Améliorer l'application mobile de la banque
07/02/2025 11:36,Zone Centre,Agence de la Gare,Conseiller clientèle,5,4,Personnel accueillant et souriant,,Augmenter le personnel aux heures de pointe
07/02/2025 11:49,Zone Centre,Agence de la Gare,Guichet,5,3,Service rapide et efficace,Manque de personnel aux heures de pointe,
07/02/2025 12:48,Zone Ouest,Agence de la Corniche,Accueil,4,4,Service rapide et efficace,Service rapide et efficace,Mettre en place un système de tickets plus clair
07/02/2025 13:10,Zone Sud,Agence de la Rivière,GAB,3,4,Prise en charge rapide au guichet,Agence propre et bien organisée,
07/02/2025 13:49,Zone Centre,Agence de la Gare,Guichet,5,5,Très bonne orientation dès l'entrée,,Améliorer le temps d'attente en agence
07/02/2025 15:44,Zone Ouest,Agence du Phare,Guichet,4,4,Personnel accueillant et souriant,Conseiller à l'écoute du client,
07/02/2025 16:48,Zone Ouest,Agence de la Corniche,Conseiller clientèle,4,5,Conseiller à l'écoute du client,Très bonne orientation dès l'entrée,
07/02/2025 16:58,Zone Nord,Agence des Dunes,Guichet,4,4,Personnel accueillant et souriant,,
08/02/2025 08:08,Zone Sud,Agence des Collines,Accueil,3,2,,,Améliorer le temps d'attente en agence
08/02/2025 08:37,Zone Nord,Agence du Littoral,Centre d'appels,5,4,Agence propre et bien organisée,Personnel accueillant et souriant,Améliorer le temps d'attente en agence
08/02/2025 10:05,Zone Centre,Agence du Parc,Application mobile,3,3,,,Réduire les frais de tenue de compte
08/02/2025 10:56,Zone Nord,Agence des Dunes,GAB,4,4,,Très bonne orientation dès l'entrée,Augmenter le personnel aux heures de pointe
08/02/2025 11:04,Zone Centre,Agence du Parc,Application mobile,4,5,Agence propre et bien organisée,Agence propre et bien organisée,Réduire le temps d'attente au guichet
08/02/2025 12:00,Zone Nord,Agence du Littoral,Centre d'appels,5,5,,Service rapide et efficace,Ouvrir l'agence le samedi matin
10/02/2025 08:23,Zone Est,Agence du Stade,Conseiller clientèle,4,5,Agence propre et bien organisée,Service rapide et efficace,
10/02/2025 08:28,Zone Est,Agence des Acacias,Guichet,4,4,,,Réduire le temps d'attente au guichet
10/02/2025 08:40,Zone Centre,Agence du Parc,Accueil,4,3,,Personnel accueillant et souriant,Climatiser la salle d'attente de l'agence
10/02/2025 09:04,Zone Est,Agence de l'Horloge,Accueil,5,3,Service rapide et efficace,,Installer plus de sièges dans la salle d'attente
10/02/2025 11:45,Zone Est,Agence des Acacias,GAB,5,5,Très bonne orientation dès l'entrée,Service rapide et efficace,Climatiser la salle d'attente de l'agence
10/02/2025 13:00,Zone Nord,Agence du Littoral,Conseiller clientèle,5,5,Service rapide et efficace,Agence propre et bien organisée,Proposer plus de services sur l'application mobile
10/02/2025 15:54,Zone Est,Agence des Acacias,Centre d'appels,5,5,Agence propre et bien organisée,Personnel accueillant et souriant,Installer plus de sièges dans la salle d'attente
11/02/2025 08:38,Zone Sud,Agence de la Rivière,Accueil,2,3,Manque de personnel aux heures de pointe,,Ouvrir l'agence le samedi matin
11/02/2025 08:44,Zone Nord,Agence des Palmiers,Application mobile,4,5,,Prise en charge rapide au guichet,Mettre en place un système de tickets plus clair
11/02/2025 08:50,Zone Ouest,Agence de la Corniche,Accueil,2,5,Manque de personnel aux heures de pointe,Conseiller à l'écoute du client,
11/02/2025 09:40,Zone Sud,Agence des Collines,Conseiller clientèle,4,4,Agence propre et bien organisée,,
11/02/2025 11:05,Zone Ouest,Agence de la Corniche,Guichet,5,3,Personnel accueillant et souriant,Agence propre et bien organisée,Améliorer l'application mobile de la banque
11/02/2025 11:30,Zone Nord,Agence du Littoral,Conseiller clientèle,5,4,Personnel accueillant et souriant,Personnel accueillant et souriant,Mettre en place un système de tickets plus clair
11/02/2025 11:45,Zone Centre,Agence de la Gare,GAB,4,3,Très bonne orientation dès l'entrée,Prise en charge rapide au guichet,Améliorer l'application mobile de la banque
11/02/2025 12:15,Zone Nord,Agence des Dunes,GAB,3,5,Conseiller à l'écoute du client,Prise en charge rapide au guichet,Améliorer l'application mobile de la banque
11/02/2025 13:13,Zone Ouest,Agence de la Corniche,Guichet,4,4,Conseiller à l'écoute du client,Agence propre et bien organisée,
12/02/2025 08:12,Zone Est,Agence de l'Horloge,Conseiller clientèle,4,5,Conseiller à l'écoute du client,Service rapide et efficace,
12/02/2025 09:03,Zone Centre,Agence de la Gare,GAB,4,4,,,Augmenter le personnel aux heures de pointe
12/02/2025 09:15,Zone Ouest,Agence du Phare,Guichet,5,4,Service rapide et efficace,Conseiller à l'écoute du client,
12/02/2025 10:00,Zone Centre,Agence du Parc,Guichet,4,4,Prise en charge rapide au guichet,,Former le personnel à l'accueil des clients
12/02/2025 10:27,Zone Ouest,Agence de la Corniche,Conseiller clientèle,5,3,Service rapide et efficace,Agence propre et bien organisée,
12/02/2025 10:54,Zone Ouest,Agence de la Corniche,Guichet,5,2,Prise en charge rapide au guichet,,Réduire le temps d'attente au guichet
12/02/2025 11:10,Zone Est,Agence des Acacias,Accueil,2,5,Manque de personnel aux heures de pointe,,Augmenter le personnel aux heures de pointe
12/02/2025 12:18,Zone Sud,Agence des Collines,Guichet,2,4,Manque de personnel aux heures de pointe,,Réduire les frais de tenue de compte
12/02/2025 14:21,Zone Sud,Agence des Collines,GAB,3,2,Agence propre et bien organisée,Manque de personnel aux heures de pointe,
12/02/2025 16:23,Zone Est,Agence du Stade,Conseiller clientèle,3,5,,Conseiller à l'écoute du client,
12/02/2025 17:43,Zone Sud,Agence de la Rivière,Guichet,4,3,Personnel accueillant et souriant,,
13/02/2025 08:53,Zone Est,Agence des Acacias,Conseiller clientèle,4,4,Service rapide et efficace,Très bonne orientation dès l'entrée,Climatiser la salle d'attente de l'agence
13/02/2025 09:03,Zone Est,Agence du Stade,Application mobile,3,4,,,Mettre en place un système de tickets plus clair
13/02/2025 09:08,Zone Ouest,Agence de la Corniche,Accueil,3,3,,,
13/02/2025 12:07,Zone Centre,Agence du Parc,Guichet,4,4,Service rapide et efficace,,Former le personnel à l'accueil des clients
13/02/2025 12:25,Zone Nord,Agence du Littoral,Conseiller clientèle,4,5,Très bonne orientation dès l'entrée,Prise en charge rapide au guichet,Ouvrir l'agence le samedi matin
13/02/2025 13:30,Zone Ouest,Agence de la Corniche,Application mobile,4,4,Service rapide et efficace,Service rapide et efficace,
13/02/2025 15:24,Zone Nord,Agence du Littoral,GAB,3,5,,Service rapide et efficace,
13/02/2025 15:53,Zone Nord,Agence du Littoral,Conseiller clientèle,5,5,Agence propre et bien organisée,,Réduire le temps d'attente au guichet
13/02/2025 16:05,Zone Ouest,Agence de la Corniche,Conseiller clientèle,3,5,,Très bonne orientation dès l'entrée,Installer plus de sièges dans la salle d'attente
13/02/2025 16:12,Zone Est,Agence des Acacias,Guichet,4,4,,,
13/02/2025 16:50,Zone Sud,Agence de la Rivière,Centre d'appels,2,4,Peu d'écoute face à ma réclamation,Prise en charge rapide au guichet,Réduire les frais de tenue de compte
14/02/2025 09:10,Zone Est,Agence du Stade,Guichet,3,4,Manque de personnel aux heures de pointe,,Réduire les frais de tenue de compte
14/02/2025 09:26,Zone Ouest,Agence du Phare,Application mobile,4,4,Agence propre et bien organisée,Manque de personnel aux heures de pointe,
14/02/2025 09:40,Zone Centre,Agence de la Gare,Guichet,4,4,Conseiller à l'écoute du client,,
14/02/2025 09:56,Zone Est,Agence de l'Horloge,GAB,5,2,,Peu d'écoute face à ma réclamation,Ouvrir l'agence le samedi matin
14/02/2025 10:08,Zone Nord,Agence des Dunes,Centre d'appels,3,5,,,
14/02/2025 10:19,Zone Ouest,Agence du Phare,Guichet,5,3,Service rapide et efficace,,Réduire les frais de tenue de compte
14/02/2025 10:31,Zone Nord,Agence des Dunes,GAB,3,3,,,
14/02/2025 11:24,Zone Centre,Agence du Parc,GAB,4,5,,Agence propre et bien organisée,Installer plus de sièges dans la salle d'attente
14/02/2025 12:16,Zone Ouest,Agence du Phare,GAB,4,5,,,Réduire les frais de tenue de compte
14/02/2025 15:37,Zone Sud,Agence de la Rivière,Conseiller clientèle,4,3,Prise en charge rapide au guichet,,Augmenter le personnel aux heures de pointe
15/02/2025 08:30,Zone Est,Agence de l'Horloge,Centre d'appels,5,4,,Très bonne orientation dès l'entrée,Augmenter le personnel aux heures de pointe
15/02/2025 08:40,Zone Nord,Agence des Dunes,Application mobile,3,3,,,
15/02/2025 10:21,Zone Sud,Agence des Collines,GAB,3,4,,Personnel accueillant et souriant,
15/02/2025 11:34,Zone Nord,Agence du Littoral,Conseiller clientèle,5,5,Service rapide et efficace,Conseiller à l'écoute du client,
15/02/2025 13:10,Zone Ouest,Agence de la Corniche,Centre d'appels,4,3,Personnel accueillant et souriant,,Proposer plus de services sur l'application mobile
15/02/2025 14:17,Zone Est,Agence du Stade,Application mobile,5,5,Service rapide et efficace,Prise en charge rapide au guichet,Mettre en place un système de tickets plus clair
15/02/2025 15:07,Zone Nord,Agence du Littoral,Conseiller clientèle,5,5,Prise en charge rapide au guichet,,
15/02/2025 15:09,Zone Nord,Agence des Dunes,Conseiller clientèle,3,3,Très bonne orientation dès l'entrée,,
15/02/2025 16:08,Zone Est,Agence du Stade,Guichet,5,4,,Personnel accueillant et souriant,Réduire les frais de tenue de compte
17/02/2025 09:39,Zone Est,Agence de l'Horloge,Conseiller clientèle,5,3,File d'attente mal organisée,,Ouvrir l'agence le samedi matin
17/02/2025 09:49,Zone Nord,Agence des Palmiers,Accueil,5,5,Agence propre et bien organisée,Service rapide et efficace,Proposer plus de services sur l'application mobile
17/02/2025 14:36,Zone Est,Agence des Acacias,Application mobile,5,4,,Très bonne orientation dès l'entrée,Réduire les frais de tenue de compte
17/02/2025 15:23,Zone Centre,Agence de la Gare,Guichet,4,3,Service rapide et efficace,Agence propre et bien organisée,Former le personnel à l'accueil des clients
17/02/2025 15:35,Zone Sud,Agence de la Rivière,GAB,2,3,Guichet automatique souvent en panne,,Former le personnel à l'accueil des clients
17/02/2025 16:31,Zone Ouest,Agence de la Corniche,Conseiller clientèle,3,4,,,
17/02/2025 16:46,Zone Est,Agence du Stade,Guichet,4,4,,Conseiller à l'écoute du client,Améliorer l'application mobile de la banque
18/02/2025 08:18,Zone Centre,Agence de la Gare,Application mobile,3,4,,,
18/02/2025 08:20,Zone Est,Agence des Acacias,Application mobile,5,4,Très bonne orientation dès l'entrée,Prise en charge rapide au guichet,Installer plus de sièges dans la salle d'attente
18/02/2025 09:24,Zone Nord,Agence des Palmiers,Guichet,4,3,Très bonne orientation dès l'entrée,,
18/02/2025 10:35,Zone Ouest,Agence du Phare,Accueil,5,5,Personnel accueillant et souriant,,Ajouter un guichet automatique dans le quartier
18/02/2025 12:28,Zone Nord,Agence des Dunes,Guichet,4,5,Conseiller à l'écoute du client,Service rapide et efficace,
18/02/2025 14:45,Zone Ouest,Agence de la Corniche,GAB,3,2,,Peu d'écoute face à ma réclamation,Climatiser la salle d'attente de l'agence
18/02/2025 14:59,Zone Est,Agence des Acacias,GAB,5,5,Service rapide et efficace,Prise en charge rapide au guichet,
18/02/2025 15:02,Zone Est,Agence de l'Horloge,GAB,3,5,,,Proposer plus de services sur l'application mobile
18/02/2025 15:16,Zone Ouest,Agence de la Corniche,Conseiller clientèle,3,4,,,
18/02/2025 15:48,Zone Nord,Agence du Littoral,Conseiller clientèle,5,5,File d'attente mal organisée,Conseiller à l'écoute du client,Climatiser la salle d'attente de l'agence
18/02/2025 16:11,Zone Nord,Agence des Palmiers,Guichet,4,4,Très bonne orientation dès l'entrée,Horaires d'ouverture peu pratiques,Ajouter un guichet automatique dans le quartier
18/02/2025 16:59,Zone Sud,Agence des Collines,Guichet,3,2,,Temps d'attente trop long au guichet,Proposer plus de services sur l'application mobile
19/02/2025 08:19,Zone Nord,Agence du Littoral,Accueil,5,5,Personnel accueillant et souriant,Service rapide et efficace,
19/02/2025 08:56,Zone Nord,Agence du Littoral,Accueil,5,5,,Prise en charge rapide au guichet,
19/02/2025 09:37,Zone Est,Agence des Acacias,Accueil,4,4,Agence propre et bien organisée,Horaires d'ouverture peu pratiques,Mettre en place un système de tickets plus clair
19/02/2025 10:00,Zone Est,Agence des Acacias,Conseiller clientèle,4,3,,,Mettre en place un système de tickets plus clair
19/02/2025 10:49,Zone Ouest,Agence de la Corniche,Guichet,3,3,Temps d'attente trop long au guichet,,Réduire les frais de tenue de compte
19/02/2025 11:37,Zone Ouest,Agence de la Corniche,Application mobile,3,5,,,Améliorer le temps d'attente en agence
19/02/2025 11:42,Zone Sud,Agence de la Rivière,Conseiller clientèle,5,3,Très bonne orientation dès l'entrée,Peu d'écoute face à ma réclamation,Réduire les frais de tenue de compte
19/02/2025 11:48,Zone Est,Agence du Stade,Accueil,5,1,Agence propre et bien organisée,Temps d'attente trop long au guichet,Climatiser la salle d'attente de l'agence
19/02/2025 12:00,Zone Nord,Agence des Dunes,Conseiller clientèle,3,3,Prise en charge rapide au guichet,,
19/02/2025 12:01,Zone Est,Agence du Stade,Guichet,3,4,Manque de personnel aux heures de pointe,,Former le personnel à l'accueil des clients
19/02/2025 14:43,Zone Ouest,Agence de la Corniche,Conseiller clientèle,3,2,,,Ouvrir l'agence le samedi matin
19/02/2025 15:50,Zone Ouest,Agence de la Corniche,Accueil,2,5,File d'attente mal organisée,,Ouvrir l'agence le samedi matin
19/02/2025 16:40,Zone Centre,Agence du Marché,Conseiller clientèle,4,4,Conseiller à l'écoute du client,Personnel accueillant et souriant,Réduire les frais de tenue de compte
20/02/2025 09:12,Zone Sud,Agence de la Rivière,Guichet,5,4,Conseiller à l'écoute du client,,Réduire les frais de tenue de compte
20/02/2025 10:09,Zone Sud,Agence des Collines,Accueil,3,3,,,Climatiser la salle d'attente de l'agence
20/02/2025 10:44,Zone Ouest,Agence du Phare,Accueil,5,3,Agence propre et bien organisée,,
20/02/2025 10:51,Zone Nord,Agence des Palmiers,Application mobile,3,4,,Personnel accueillant et souriant,Former le personnel à l'accueil des clients
20/02/2025 10:51,Zone Ouest,Agence de la Corniche,Accueil,3,4,,Très bonne orientation dès l'entrée,Former le personnel à l'accueil des clients
20/02/2025 10:55,Zone Nord,Agence des Palmiers,Conseiller clientèle,4,3,Manque de personnel aux heures de pointe,File d'attente mal organisée,
20/02/2025 10:56,Zone Est,Agence du Stade,GAB,4,3,Prise en charge rapide au guichet,Agence propre et bien organisée,Améliorer l'application mobile de la banque
20/02/2025 12:28,Zone Est,Agence des Acacias,GAB,5,5,Agence propre et bien organisée,Service rapide et efficace,
20/02/2025 12:42,Zone Est,Agence du Stade,Centre d'appels,3,4,,Agence propre et bien organisée,
20/02/2025 13:52,Zone Centre,Agence de la Gare,Guichet,3,4,Manque de personnel aux heures de pointe,Très bonne orientation dès l'entrée,Installer plus de sièges dans la salle d'attente
20/02/2025 16:26,Zone Centre,Agence de la Gare,GAB,4,4,Horaires d'ouverture peu pratiques,,Augmenter le personnel aux heures de pointe
20/02/2025 17:40,Zone Est,Agence des Acacias,Conseiller clientèle,5,5,Prise en charge rapide au guichet,Service rapide et efficace,
20/02/2025 17:42,Zone Ouest,Agence de la Corniche,Guichet,1,3,Temps d'attente trop long au guichet,,
21/02/2025 08:40,Zone Ouest,Agence du Phare,Conseiller clientèle,4,4,,Prise en charge rapide au guichet,
21/02/2025 09:03,Zone Sud,Agence de la Rivière,Accueil,5,4,Personnel accueillant et souriant,,Améliorer l'application mobile de la banque
21/02/2025 09:04,Zone Ouest,Agence de la Corniche,Guichet,3,4,,,
21/02/2025 09:05,Zone Nord,Agence des Palmiers,Guichet,5,3,,,Améliorer l'application mobile de la banque
21/02/2025 09:07,Zone Nord,Agence des Palmiers,Accueil,4,5,,Service rapide et efficace,
21/02/2025 09:27,Zone Est,Agence de l'Horloge,Guichet,4,4,Personnel accueillant et souriant,Très bonne orientation dès l'entrée,Ajouter un guichet automatique dans le quartier
21/02/2025 11:13,Zone Nord,Agence des Dunes,Conseiller clientèle,5,3,,File d'attente mal organisée,
21/02/2025 13:58,Zone Sud,Agence des Collines,Conseiller clientèle,4,3,Personnel accueillant et souriant,,
21/02/2025 14:29,Zone Nord,Agence du Littoral,Guichet,5,4,,Agence propre et bien organisée,
21/02/2025 14:46,Zone Ouest,Agence du Phare,Guichet,3,5,,Prise en charge rapide au guichet,
21/02/2025 17:47,Zone Ouest,Agence de la Corniche,Guichet,4,3,Conseiller à l'écoute du client,,Mettre en place un système de tickets plus clair
22/02/2025 09:36,Zone Est,Agence de l'Horloge,Guichet,5,3,,Personnel accueillant et souriant,Installer plus de sièges dans la salle d'attente
22/02/2025 10:42,Zone Nord,Agence des Dunes,Application mobile,4,5,Agence propre et bien organisée,,Former le personnel à l'accueil des clients
22/02/2025 11:24,Zone Est,Agence de l'Horloge,GAB,4,5,Conseiller à l'écoute du client,Conseiller à l'écoute du client,
22/02/2025 14:02,Zone Nord,Agence des Dunes,Guichet,4,2,Très bonne orientation dès l'entrée,,Améliorer l'application mobile de la banque
22/02/2025 14:17,Zone Ouest,Agence du Phare,GAB,2,4,Prise en charge rapide au guichet,Agence propre et bien organisée,Installer plus de sièges dans la salle d'attente
22/02/2025 14:54,Zone Centre,Agence de la Gare,Application mobile,4,3,,Service rapide et efficace,
22/02/2025 14:57,Zone Nord,Agence des Dunes,Accueil,5,3,Manque de personnel aux heures de pointe,,Augmenter le personnel aux heures de pointe
24/02/2025 08:40,Zone Sud,Agence de la Rivière,Accueil,4,4,Peu d'écoute face à ma réclamation,Service rapide et efficace,Réduire le temps d'attente au guichet
24/02/2025 10:25,Zone Est,Agence du Stade,GAB,5,4,,,Proposer plus de services sur l'application mobile
24/02/2025 11:13,Zone Sud,Agence de la Rivière,Guichet,4,3,Agence propre et bien organisée,File d'attente mal organisée,Installer plus de sièges dans la salle d'attente
24/02/2025 11:57,Zone Ouest,Agence du Phare,GAB,4,4,,,
24/02/2025 13:11,Zone Sud,Agence de la Rivière,Guichet,4,5,Personnel accueillant et souriant,,Réduire les frais de tenue de compte
24/02/2025 13:51,Zone Est,Agence des Acacias,Conseiller clientèle,5,4,Conseiller à l'écoute du client,,Ouvrir l'agence le samedi matin
24/02/2025 14:20,Zone Nord,Agence des Dunes,GAB,2,4,Guichet automatique souvent en panne,,
25/02/2025 10:09,Zone Est,Agence de l'Horloge,Guichet,5,4,Personnel accueillant et souriant,Service rapide et efficace,Mettre en place un système de tickets plus clair
25/02/2025 11:45,Zone Est,Agence de l'Horloge,GAB,5,4,,,Réduire le temps d'attente au guichet
25/02/2025 13:40,Zone Nord,Agence du Littoral,Accueil,5,5,Service rapide et efficace,Agence propre et bien organisée,Proposer plus de services sur l'application mobile
25/02/2025 14:52,Zone Nord,Agence des Dunes,Accueil,4,4,Service rapide et efficace,File d'attente mal organisée,Installer plus de sièges dans la salle d'attente
25/02/2025 16:38,Zone Est,Agence de l'Horloge,Conseiller clientèle,2,5,,Personnel accueillant et souriant,Réduire les frais de tenue de compte
26/02/2025 09:20,Zone Nord,Agence des Palmiers,Conseiller clientèle,4,3,Conseiller à l'écoute du client,,Réduire le temps d'attente au guichet
26/02/2025 09:35,Zone Ouest,Agence du Phare,GAB,3,4,,Très bonne orientation dès l'entrée,
26/02/2025 10:00,Zone Centre,Agence de la Gare,Conseiller clientèle,5,5,Très bonne orientation dès l'entrée,,Réduire les frais de tenue de compte
26/02/2025 10:09,Zone Nord,Agence des Palmiers,Conseiller clientèle,2,4,Temps d'attente trop long au guichet,Horaires d'ouverture peu pratiques,Réduire le temps d'attente au guichet
26/02/2025 10:28,Zone Ouest,Agence du Phare,Application mobile,5,4,,,
26/02/2025 11:32,Zone Est,Agence du Stade,Conseiller clientèle,4,3,,,Améliorer l'application mobile de la banque
26/02/2025 11:43,Zone Nord,Agence du Littoral,Guichet,4,5,Agence propre et bien organisée,Prise en charge rapide au guichet,Améliorer l'application mobile de la banque
26/02/2025 11:44,Zone Nord,Agence du Littoral,Guichet,5,5,,Conseiller à l'écoute du client,
26/02/2025 13:38,Zone Est,Agence des Acacias,Guichet,4,5,Service rapide et efficace,Personnel accueillant et souriant,Réduire les frais de tenue de compte
26/02/2025 14:37,Zone Ouest,Agence du Phare,GAB,3,3,,Horaires d'ouverture peu pratiques,
26/02/2025 16:59,Zone Est,Agence des Acacias,Guichet,5,5,Personnel accueillant et souriant,,Améliorer le temps d'attente en agence
26/02/2025 17:00,Zone Centre,Agence du Marché,Conseiller clientèle,4,4,,,Climatiser la salle d'attente de l'agence
27/02/2025 11:35,Zone Centre,Agence du Parc,Application mobile,4,5,,Prise en charge rapide au guichet,
27/02/2025 11:39,Zone Centre,Agence de la Gare,Conseiller clientèle,5,5,,Personnel accueillant et souriant,Réduire le temps d'attente au guichet
27/02/2025 12:07,Zone Centre,Agence du Parc,Conseiller clientèle,2,2,Temps d'attente trop long au guichet,,Climatiser la salle d'attente de l'agence
28/02/2025 08:20,Zone Ouest,Agence de la Corniche,Guichet,3,3,,Très bonne orientation dès l'entrée,
28/02/2025 10:18,Zone Nord,Agence des Palmiers,Conseiller clientèle,3,3,Manque de personnel aux heures de pointe,,
28/02/2025 12:30,Zone Est,Agence du Stade,Accueil,4,3,,,Améliorer l'application mobile de la banque
28/02/2025 13:43,Zone Nord,Agence du Littoral,Accueil,5,5,Agence propre et bien organisée,Prise en charge rapide au guichet,
28/02/2025 15:02,Zone Nord,Agence des Palmiers,Guichet,2,4,Manque de personnel aux heures de pointe,Personnel accueillant et souriant,
28/02/2025 15:15,Zone Ouest,Agence de la Corniche,Conseiller clientèle,4,4,Prise en charge rapide au guichet,Service rapide et efficace,Améliorer le temps d'attente en agence
28/02/2025 15:38,Zone Nord,Agence du Littoral,Guichet,4,5,Agence propre et bien organisée,Très bonne orientation dès l'entrée,Proposer plus de services sur l'application mobile
28/02/2025 16:58,Zone Est,Agence de l'Horloge,Guichet,4,5,Service rapide et efficace,Très bonne orientation dès l'entrée,
01/03/2025 09:41,Zone Ouest,Agence du Phare,Application mobile,4,4,Conseiller à l'écoute du client,,Ajouter un guichet automatique dans le quartier
01/03/2025 11:29,Zone Centre,Agence de la Gare,Guichet,4,4,Prise en charge rapide au guichet,Conseiller à l'écoute du client,Réduire le temps d'attente au guichet
01/03/2025 13:17,Zone Est,Agence des Acacias,GAB,4,5,Très bonne orientation dès l'entrée,,
01/03/2025 14:14,Zone Sud,Agence de la Rivière,Guichet,4,4,,Très bonne orientation dès l'entrée,
01/03/2025 15:08,Zone Nord,Agence des Dunes,Application mobile,5,3,Prise en charge rapide au guichet,,Augmenter le personnel aux heures de pointe
01/03/2025 16:09,Zone Sud,Agence de la Rivière,Guichet,4,5,Prise en charge rapide au guichet,Service rapide et efficace,
01/03/2025 16:29,Zone Nord,Agence des Palmiers,Guichet,4,5,Personnel accueillant et souriant,Très bonne orientation dès l'entrée,Ajouter un guichet automatique dans le quartier
03/03/2025 09:18,Zone Ouest,Agence du Phare,Guichet,4,5,Très bonne orientation dès l'entrée,Service rapide et efficace,
03/03/2025 10:19,Zone Centre,Agence de la Gare,Guichet,5,4,,,Mettre en place un système de tickets plus clair
03/03/2025 10:27,Zone Nord,Agence du Littoral,Conseiller clientèle,4,5,Prise en charge rapide au guichet,,Augmenter le personnel aux heures de pointe
03/03/2025 11:38,Zone Est,Agence de l'Horloge,Accueil,4,4,Personnel accueillant et souriant,Conseiller à l'écoute du client,Proposer plus de services sur l'application mobile
03/03/2025 14:57,Zone Est,Agence des Acacias,Guichet,5,5,Agence propre et bien organisée,,Améliorer le temps d'attente en agence
03/03/2025 15:10,Zone Nord,Agence des Palmiers,Accueil,5,4,,,Ajouter un guichet automatique dans le quartier
03/03/2025 15:58,Zone Est,Agence du Stade,Application mobile,5,4,Prise en charge rapide au guichet,Personnel accueillant et souriant,
03/03/2025 16:06,Zone Ouest,Agence du Phare,Guichet,4,4,Manque de personnel aux heures de pointe,,Réduire les frais de tenue de compte
04/03/2025 09:03,Zone Nord,Agence du Littoral,Application mobile,4,5,,Conseiller à l'écoute du client,
04/03/2025 09:09,Zone Nord,Agence du Littoral,Conseiller clientèle,5,3,Conseiller à l'écoute du client,,Améliorer le temps d'attente en agence
04/03/2025 09:28,Zone Centre,Agence du Parc,GAB,4,5,Conseiller à l'écoute du client,,Installer plus de sièges dans la salle d'attente
04/03/2025 10:41,Zone Centre,Agence de la Gare,Conseiller clientèle,3,3,Agence propre et bien organisée,Service rapide et efficace,Augmenter le personnel aux heures de pointe
04/03/2025 11:09,Zone Ouest,Agence de la Corniche,Centre d'appels,4,3,Très bonne orientation dès l'entrée,,Ajouter un guichet automatique dans le quartier
04/03/2025 13:42,Zone Nord,Agence des Dunes,Guichet,3,3,,Prise en charge rapide au guichet,
04/03/2025 16:41,Zone Ouest,Agence du Phare,Application mobile,5,2,Conseiller à l'écoute du client,Guichet automatique souvent en panne,Augmenter le personnel aux heures de pointe
04/03/2025 17:49,Zone Est,Agence de l'Horloge,Conseiller clientèle,5,4,Agence propre et bien organisée,Très bonne orientation dès l'entrée,Mettre en place un système de tickets plus clair
05/03/2025 09:10,Zone Sud,Agence de la Rivière,Accueil,3,3,,,
05/03/2025 10:09,Zone Nord,Agence des Dunes,Centre d'appels,3,3,,,Réduire le temps d'attente au guichet
05/03/2025 11:10,Zone Est,Agence des Acacias,Application mobile,5,2,Service rapide et efficace,Horaires d'ouverture peu pratiques,Climatiser la salle d'attente de l'agence
05/03/2025 11:40,Zone Nord,Agence des Palmiers,Conseiller clientèle,4,5,Conseiller à l'écoute du client,Prise en charge rapide au guichet,Installer plus de sièges dans la salle d'attente
05/03/2025 12:14,Zone Sud,Agence des Collines,Conseiller clientèle,3,3,,,
05/03/2025 12:27,Zone Sud,Agence des Collines,Application mobile,3,4,,,
05/03/2025 14:17,Zone Centre,Agence du Parc,Guichet,5,4,Très bonne orientation dès l'entrée,,
05/03/2025 14:38,Zone Sud,Agence des Collines,Centre d'appels,4,4,Très bonne orientation dès l'entrée,Très bonne orientation dès l'entrée,Augmenter le personnel aux heures de pointe
05/03/2025 15:10,Zone Nord,Agence des Dunes,GAB,3,3,,Horaires d'ouverture peu pratiques,Installer plus de sièges dans la salle d'attente
05/03/2025 16:44,Zone Ouest,Agence du Phare,Conseiller clientèle,3,4,,,Améliorer l'application mobile de la banque
06/03/2025 09:47,Zone Sud,Agence de la Rivière,Accueil,5,4,Conseiller à l'écoute du client,,Ouvrir l'agence le samedi matin
06/03/2025 09:49,Zone Est,Agence des Acacias,Guichet,4,4,,,Ajouter un guichet automatique dans le quartier
06/03/2025 11:09,Zone Centre,Agence du Parc,Guichet,5,4,,Service rapide et efficace,
06/03/2025 11:15,Zone Est,Agence du Stade,Conseiller clientèle,5,4,Très bonne orientation dès l'entrée,,
06/03/2025 12:00,Zone Ouest,Agence de la Corniche,Conseiller clientèle,4,2,,Temps d'attente trop long au guichet,
06/03/2025 12:38,Zone Nord,Agence du Littoral,Guichet,5,4,Très bonne orientation dès l'entrée,Agence propre et bien organisée,Améliorer l'application mobile de la banque
06/03/2025 12:49,Zone Sud,Agence des Collines,Accueil,3,4,,,Réduire les frais de tenue de compte
06/03/2025 16:24,Zone Nord,Agence des Palmiers,Guichet,5,4,Personnel accueillant et souriant,,Réduire les frais de tenue de compte
07/03/2025 08:02,Zone Nord,Agence du Littoral,Conseiller clientèle,5,4,Personnel accueillant et souriant,Agence propre et bien organisée,Former le personnel à l'accueil des clients
07/03/2025 10:18,Zone Centre,Agence du Parc,Application mobile,5,5,Prise en charge rapide au guichet,Prise en charge rapide au guichet,Climatiser la salle d'attente de l'agence
07/03/2025 11:41,Zone Est,Agence du Stade,GAB,3,3,,Horaires d'ouverture peu pratiques,
07/03/2025 14:16,Zone Ouest,Agence de la Corniche,Conseiller clientèle,4,3,Personnel accueillant et souriant,,Améliorer l'application mobile de la banque
07/03/2025 14:51,Zone Ouest,Agence de la Corniche,Guichet,3,3,,,
07/03/2025 16:36,Zone Centre,Agence du Parc,Application mobile,5,5,,Très bonne orientation dès l'entrée,
07/03/2025 16:41,Zone Ouest,Agence du Phare,Conseiller clientèle,4,4,Conseiller à l'écoute du client,Très bonne orientation dès l'entrée,Réduire les frais de tenue de compte
08/03/2025 08:27,Zone Ouest,Agence du Phare,Accueil,4,4,,,Améliorer le temps d'attente en agence
08/03/2025 09:45,Zone Nord,Agence des Dunes,GAB,3,4,Horaires d'ouverture peu pratiques,Conseiller à l'écoute du client,
08/03/2025 11:04,Zone Est,Agence de l'Horloge,Centre d'appels,4,5,,,
08/03/2025 11:35,Zone Est,Agence des Acacias,Conseiller clientèle,5,3,,Agence propre et bien organisée,Améliorer l'application mobile de la banque
08/03/2025 11:40,Zone Nord,Agence du Littoral,Guichet,5,5,Personnel accueillant et souriant,Très bonne orientation dès l'entrée,Réduire le temps d'attente au guichet
08/03/2025 15:02,Zone Ouest,Agence du Phare,Accueil,4,3,Service rapide et efficace,,Proposer plus de services sur l'application mobile
08/03/2025 15:09,Zone Centre,Agence du Parc,Conseiller clientèle,4,4,Conseiller à l'écoute du client,,Augmenter le personnel aux heures de pointe
08/03/2025 16:51,Zone Nord,Agence des Palmiers,Guichet,2,4,Peu d'écoute face à ma réclamation,Prise en charge rapide au guichet,
08/03/2025 17:01,Zone Nord,Agence des Palmiers,GAB,4,5,,Agence propre et bien organisée,Installer plus de sièges dans la salle d'attente
10/03/2025 08:29,Zone Est,Agence des Acacias,Guichet,4,4,Conseiller à l'écoute du client,Peu d'écoute face à ma réclamation,Réduire les frais de tenue de compte
10/03/2025 09:51,Zone Nord,Agence des Palmiers,Centre d'appels,4,5,,,Améliorer l'application mobile de la banque
10/03/2025 10:18,Zone Est,Agence des Acacias,Application mobile,4,3,Horaires d'ouverture peu pratiques,,Climatiser la salle d'attente de l'agence
10/03/2025 11:33,Zone Nord,Agence des Dunes,GAB,3,4,,,
10/03/2025 11:35,Zone Ouest,Agence du Phare,Guichet,4,3,Prise en charge rapide au guichet,,
10/03/2025 12:05,Zone Nord,Agence des Palmiers,GAB,5,4,Très bonne orientation dès l'entrée,,
10/03/2025 14:50,Zone Ouest,Agence du Phare,Guichet,4,3,Conseiller à l'écoute du client,,Réduire le temps d'attente au guichet
10/03/2025 15:29,Zone Centre,Agence de la Gare,Conseiller clientèle,5,3,,Très bonne orientation dès l'entrée,Ouvrir l'agence le samedi matin
10/03/2025 15:50,Zone Sud,Agence de la Rivière,Conseiller clientèle,4,4,Conseiller à l'écoute du client,,Former le personnel à l'accueil des clients
11/03/2025 08:21,Zone Centre,Agence de la Gare,Conseiller clientèle,4,3,,,Installer plus de sièges dans la salle d'attente
11/03/2025 08:41,Zone Centre,Agence de la Gare,Conseiller clientèle,5,4,Service rapide et efficace,,Ajouter un guichet automatique dans le quartier
11/03/2025 09:23,Zone Est,Agence de l'Horloge,Accueil,3,4,,,Réduire le temps d'attente au guichet
11/03/2025 09:57,Zone Nord,Agence des Palmiers,Guichet,4,4,,,Réduire les frais de tenue de compte
11/03/2025 11:37,Zone Est,Agence des Acacias,Conseiller clientèle,5,4,Service rapide et efficace,,
11/03/2025 11:48,Zone Est,Agence des Acacias,Centre d'appels,3,4,,,
11/03/2025 15:38,Zone Centre,Agence du Parc,GAB,4,4,,File d'attente mal organisée,Augmenter le personnel aux heures de pointe
11/03/2025 15:39,Zone Nord,Agence des Palmiers,GAB,5,4,Conseiller à l'écoute du client,Agence propre et bien organisée,Mettre en place un système de tickets plus clair
11/03/2025 16:07,Zone Centre,Agence du Marché,Application mobile,3,4,,,
12/03/2025 09:17,Zone Est,Agence du Stade,Conseiller clientèle,5,5,Prise en charge rapide au guichet,,
12/03/2025 09:33,Zone Est,Agence des Acacias,GAB,5,3,Service rapide et efficace,,
12/03/2025 11:06,Zone Nord,Agence des Dunes,Centre d'appels,5,5,Peu d'écoute face à ma réclamation,,Installer plus de sièges dans la salle d'attente
12/03/2025 11:59,Zone Est,Agence des Acacias,Guichet,3,5,,Très bonne orientation dès l'entrée,Proposer plus de services sur l'application mobile
12/03/2025 15:56,Zone Nord,Agence des Palmiers,Guichet,4,5,Prise en charge rapide au guichet,Prise en charge rapide au guichet,Climatiser la salle d'attente de l'agence
12/03/2025 16:25,Zone Est,Agence du Stade,Guichet,3,4,File d'attente mal organisée,,Améliorer l'application mobile de la banque
12/03/2025 16:29,Zone Est,Agence du Stade,Application mobile,5,3,Personnel accueillant et souriant,,
12/03/2025 16:58,Zone Ouest,Agence du Phare,Guichet,4,2,Service rapide et efficace,,
13/03/2025 08:41,Zone Sud,Agence des Collines,Application mobile,2,4,Horaires d'ouverture peu pratiques,Très bonne orientation dès l'entrée,
13/03/2025 09:01,Zone Nord,Agence des Dunes,GAB,5,3,Prise en charge rapide au guichet,,
13/03/2025 09:56,Zone Ouest,Agence du Phare,GAB,4,5,,Agence propre et bien organisée,
13/03/2025 10:06,Zone Centre,Agence de la Gare,Guichet,3,5,,,Augmenter le personnel aux heures de pointe
13/03/2025 10:09,Zone Ouest,Agence de la Corniche,GAB,5,3,Très bonne orientation dès l'entrée,,Mettre en place un système de tickets plus clair
13/03/2025 10:31,Zone Nord,Agence des Palmiers,Conseiller clientèle,5,4,Conseiller à l'écoute du client,,
13/03/2025 11:46,Zone Sud,Agence de la Rivière,Application mobile,4,4,Prise en charge rapide au guichet,Service rapide et efficace,
13/03/2025 12:58,Zone Ouest,Agence de la Corniche,Centre d'appels,5,4,,,Améliorer l'application mobile de la banque
13/03/2025 13:16,Zone Centre,Agence de la Gare,GAB,4,3,Service rapide et efficace,,Améliorer le temps d'attente en agence
14/03/2025 10:29,Zone Nord,Agence des Palmiers,Guichet,4,4,,Agence propre et bien organisée,Réduire le temps d'attente au guichet
14/03/2025 11:04,Zone Nord,Agence du Littoral,Guichet,4,4,Personnel accueillant et souriant,Temps d'attente trop long au guichet,
14/03/2025 11:36,Zone Sud,Agence de la Rivière,Conseiller clientèle,3,4,,Temps d'attente trop long au guichet,Améliorer le temps d'attente en agence
14/03/2025 12:06,Zone Centre,Agence de la Gare,Application mobile,5,3,,,Ajouter un guichet automatique dans le quartier
14/03/2025 13:56,Zone Nord,Agence des Dunes,Guichet,4,4,Conseiller à l'écoute du client,,
14/03/2025 15:14,Zone Centre,Agence du Parc,Conseiller clientèle,4,4,Très bonne orientation dès l'entrée,,Améliorer le temps d'attente en agence
14/03/2025 15:36,Zone Nord,Agence des Dunes,Conseiller clientèle,4,2,,Guichet automatique souvent en panne,
15/03/2025 09:58,Zone Est,Agence de l'Horloge,GAB,5,3,Personnel accueillant et souriant,Manque de personnel aux heures de pointe,Augmenter le personnel aux heures de pointe
15/03/2025 10:45,Zone Centre,Agence du Parc,Guichet,4,5,,Agence propre et bien organisée,Améliorer l'application mobile de la banque
15/03/2025 14:14,Zone Nord,Agence du Littoral,Guichet,4,5,,,Réduire le temps d'attente au guichet
15/03/2025 16:43,Zone Nord,Agence des Dunes,GAB,4,4,,,
17/03/2025 09:20,Zone Centre,Agence de la Gare,Guichet,4,5,,Conseiller à l'écoute du client,
17/03/2025 09:39,Zone Est,Agence des Acacias,GAB,5,4,File d'attente mal organisée,Très bonne orientation dès l'entrée,Améliorer l'application mobile de la banque
17/03/2025 10:20,Zone Centre,Agence du Parc,Accueil,5,5,Personnel accueillant et souriant,Service rapide et efficace,
17/03/2025 10:33,Zone Sud,Agence de la Rivière,Application mobile,4,5,,Service rapide et efficace,
17/03/2025 11:21,Zone Sud,Agence de la Rivière,Guichet,3,4,,,Réduire les frais de tenue de compte
17/03/2025 17:49,Zone Centre,Agence du Parc,Centre d'appels,4,4,Prise en charge rapide au guichet,Conseiller à l'écoute du client,Réduire le temps d'attente au guichet
18/03/2025 09:46,Zone Ouest,Agence du Phare,GAB,3,5,,,Augmenter le personnel aux heures de pointe
18/03/2025 11:54,Zone Nord,Agence du Littoral,Accueil,5,5,Très bonne orientation dès l'entrée,,Augmenter le personnel aux heures de pointe
18/03/2025 12:39,Zone Est,Agence de l'Horloge,Centre d'appels,3,5,,Très bonne orientation dès l'entrée,Améliorer l'application mobile de la banque
18/03/2025 13:47,Zone Nord,Agence du Littoral,Conseiller clientèle,4,5,Service rapide et efficace,Prise en charge rapide au guichet,Ajouter un guichet automatique dans le quartier
18/03/2025 15:03,Zone Ouest,Agence de la Corniche,GAB,3,5,,,Mettre en place un système de tickets plus clair
18/03/2025 15:27,Zone Ouest,Agence du Phare,GAB,2,3,Peu d'écoute face à ma réclamation,,Améliorer le temps d'attente en agence
19/03/2025 09:42,Zone Centre,Agence du Marché,Guichet,3,3,Peu d'écoute face à ma réclamation,,
19/03/2025 09:51,Zone Centre,Agence de la Gare,GAB,5,1,Très bonne orientation dès l'entrée,Manque de personnel aux heures de pointe,
19/03/2025 10:46,Zone Centre,Agence de la Gare,Conseiller clientèle,4,3,Prise en charge rapide au guichet,,
19/03/2025 10:56,Zone Nord,Agence du Littoral,Accueil,5,5,,,Installer plus de sièges dans la salle d'attente
19/03/2025 11:49,Zone Centre,Agence de la Gare,Guichet,5,3,,Conseiller à l'écoute du client,Améliorer le temps d'attente en agence
19/03/2025 14:46,Zone Sud,Agence des Collines,Conseiller clientèle,3,5,Conseiller à l'écoute du client,,Proposer plus de services sur l'application mobile
19/03/2025 14:56,Zone Est,Agence des Acacias,Accueil,5,5,Agence propre et bien organisée,Conseiller à l'écoute du client,Augmenter le personnel aux heures de pointe
19/03/2025 15:07,Zone Nord,Agence des Dunes,Guichet,3,3,Prise en charge rapide au guichet,Peu d'écoute face à ma réclamation,Réduire les frais de tenue de compte
19/03/2025 15:39,Zone Est,Agence de l'Horloge,Conseiller clientèle,4,2,,Temps d'attente trop long au guichet,
19/03/2025 15:50,Zone Ouest,Agence du Phare,Accueil,5,4,Service rapide et efficace,Conseiller à l'écoute du client,Proposer plus de services sur l'application mobile
19/03/2025 16:13,Zone Nord,Agence du Littoral,Accueil,5,5,Guichet automatique souvent en panne,Horaires d'ouverture peu pratiques,
19/03/2025 16:17,Zone Nord,Agence des Dunes,Accueil,4,3,Personnel accueillant et souriant,,Climatiser la salle d'attente de l'agence
20/03/2025 15:00,Zone Est,Agence du Stade,Application mobile,5,3,,,
20/03/2025 15:11,Zone Est,Agence de l'Horloge,Conseiller clientèle,4,2,Conseiller à l'écoute du client,File d'attente mal organisée,Former le personnel à l'accueil des clients
20/03/2025 16:44,Zone Nord,Agence des Dunes,Conseiller clientèle,3,4,,Prise en charge rapide au guichet,Proposer plus de services sur l'application mobile
20/03/2025 17:58,Zone Sud,Agence des Collines,Conseiller clientèle,3,3,Peu d'écoute face à ma réclamation,,Installer plus de sièges dans la salle d'attente
21/03/2025 09:14,Zone Centre,Agence de la Gare,GAB,4,4,Agence propre et bien organisée,Très bonne orientation dès l'entrée,
21/03/2025 10:15,Zone Sud,Agence de la Rivière,Application mobile,4,4,Conseiller à l'écoute du client,Agence propre et bien organisée,Former le personnel à l'accueil des clients
21/03/2025 11:10,Zone Ouest,Agence du Phare,Guichet,5,3,Personnel accueillant et souriant,,Former le personnel à l'accueil des clients
21/03/2025 11:21,Zone Centre,Agence du Parc,Guichet,4,4,Agence propre et bien organisée,Service rapide et efficace,
21/03/2025 12:38,Zone Ouest,Agence de la Corniche,Conseiller clientèle,4,3,Personnel accueillant et souriant,,Réduire les frais de tenue de compte
22/03/2025 09:51,Zone Ouest,Agence de la Corniche,GAB,3,3,,,
22/03/2025 10:23,Zone Est,Agence de l'Horloge,Conseiller clientèle,4,5,Très bonne orientation dès l'entrée,Très bonne orientation dès l'entrée,Climatiser la salle d'attente de l'agence
22/03/2025 10:33,Zone Nord,Agence des Palmiers,Conseiller clientèle,4,4,Conseiller à l'écoute du client,Conseiller à l'écoute du client,Augmenter le personnel aux heures de pointe
22/03/2025 11:38,Zone Est,Agence de l'Horloge,Conseiller clientèle,4,2,Prise en charge rapide au guichet,Guichet automatique souvent en panne,
24/03/2025 09:00,Zone Nord,Agence des Dunes,Guichet,4,2,Prise en charge rapide au guichet,Guichet automatique souvent en panne,
24/03/2025 15:01,Zone Centre,Agence du Parc,Guichet,3,3,,,Ajouter un guichet automatique dans le quartier
24/03/2025 15:31,Zone Est,Agence de l'Horloge,Conseiller clientèle,4,5,,,
24/03/2025 16:15,Zone Ouest,Agence de la Corniche,Guichet,4,3,Prise en charge rapide au guichet,Conseiller à l'écoute du client,Améliorer le temps d'attente en agence
24/03/2025 17:55,Zone Sud,Agence de la Rivière,GAB,3,3,Horaires d'ouverture peu pratiques,,
25/03/2025 08:40,Zone Est,Agence des Acacias,Application mobile,5,4,Agence propre et bien organisée,Très bonne orientation dès l'entrée,
25/03/2025 09:37,Zone Ouest,Agence du Phare,Guichet,2,5,Manque de personnel aux heures de pointe,Service rapide et efficace,
25/03/2025 09:42,Zone Est,Agence du Stade,Conseiller clientèle,3,3,,,Ouvrir l'agence le samedi matin
25/03/2025 09:48,Zone Est,Agence du Stade,Accueil,4,2,,Manque de personnel aux heures de pointe,Former le personnel à l'accueil des clients
25/03/2025 10:11,Zone Nord,Agence du Littoral,Application mobile,2,4,Temps d'attente trop long au guichet,Conseiller à l'écoute du client,Installer plus de sièges dans la salle d'attente
25/03/2025 10:51,Zone Ouest,Agence de la Corniche,Guichet,3,3,,,Augmenter le personnel aux heures de pointe
25/03/2025 11:24,Zone Sud,Agence des Collines,Conseiller clientèle,3,4,,Service rapide et efficace,
25/03/2025 11:31,Zone Centre,Agence du Marché,Conseiller clientèle,4,5,,Prise en charge rapide au guichet,
25/03/2025 11:41,Zone Ouest,Agence de la Corniche,Application mobile,4,4,Agence propre et bien organisée,,
25/03/2025 12:24,Zone Nord,Agence des Dunes,Guichet,4,4,,,Ouvrir l'agence le samedi matin
25/03/2025 14:39,Zone Nord,Agence des Palmiers,Application mobile,5,5,Agence propre et bien organisée,,
25/03/2025 14:41,Zone Nord,Agence du Littoral,Guichet,5,4,Personnel accueillant et souriant,,
25/03/2025 15:33,Zone Sud,Agence de la Rivière,Conseiller clientèle,4,4,Très bonne orientation dès l'entrée,Très bonne orientation dès l'entrée,
25/03/2025 17:18,Zone Nord,Agence des Dunes,Application mobile,5,5,Très bonne orientation dès l'entrée,Conseiller à l'écoute du client,Ajouter un guichet automatique dans le quartier
26/03/2025 09:18,Zone Centre,Agence de la Gare,Application mobile,4,4,Très bonne orientation dès l'entrée,,
26/03/2025 09:19,Zone Est,Agence du Stade,Conseiller clientèle,3,3,Agence propre et bien organisée,,Installer plus de sièges dans la salle d'attente
26/03/2025 10:03,Zone Centre,Agence de la Gare,GAB,5,4,,Prise en charge rapide au guichet,
26/03/2025 10:24,Zone Ouest,Agence du Phare,Guichet,4,4,File d'attente mal organisée,,Ajouter un guichet automatique dans le quartier
26/03/2025 15:05,Zone Est,Agence du Stade,Conseiller clientèle,5,4,Très bonne orientation dès l'entrée,Prise en charge rapide au guichet,
27/03/2025 08:51,Zone Ouest,Agence de la Corniche,Accueil,5,4,Prise en charge rapide au guichet,Très bonne orientation dès l'entrée,Augmenter le personnel aux heures de pointe
27/03/2025 10:05,Zone Sud,Agence des Collines,Accueil,3,3,,,Climatiser la salle d'attente de l'agence
27/03/2025 13:29,Zone Sud,Agence de la Rivière,Centre d'appels,5,3,Personnel accueillant et souriant,Peu d'écoute face à ma réclamation,Augmenter le personnel aux heures de pointe
27/03/2025 15:49,Zone Est,Agence de l'Horloge,GAB,5,5,,,Augmenter le personnel aux heures de pointe
28/03/2025 09:07,Zone Est,Agence de l'Horloge,Conseiller clientèle,5,4,Agence propre et bien organisée,,Ouvrir l'agence le samedi matin
28/03/2025 09:10,Zone Est,Agence du Stade,GAB,5,5,,Horaires d'ouverture peu pratiques,
28/03/2025 13:46,Zone Est,Agence de l'Horloge,Conseiller clientèle,5,5,Service rapide et efficace,Agence propre et bien organisée,
28/03/2025 14:34,Zone Sud,Agence de la Rivière,Guichet,4,2,Manque de personnel aux heures de pointe,Guichet automatique souvent en panne,
28/03/2025 15:15,Zone Est,Agence de l'Horloge,Conseiller clientèle,5,4,Conseiller à l'écoute du client,,
28/03/2025 15:55,Zone Ouest,Agence du Phare,Guichet,4,3,Agence propre et bien organisée,,
28/03/2025 16:11,Zone Nord,Agence des Palmiers,Guichet,4,5,Peu d'écoute face à ma réclamation,Service rapide et efficace,Installer plus de sièges dans la salle d'attente
28/03/2025 17:40,Zone Est,Agence de l'Horloge,Conseiller clientèle,4,4,Service rapide et efficace,Prise en charge rapide au guichet,Améliorer le temps d'attente en agence
29/03/2025 09:15,Zone Nord,Agence des Dunes,GAB,2,4,File d'attente mal organisée,,
29/03/2025 09:22,Zone Centre,Agence du Parc,Conseiller clientèle,5,3,,Service rapide et efficace,Former le personnel à l'accueil des clients
29/03/2025 09:32,Zone Nord,Agence des Palmiers,Accueil,5,3,,,Mettre en place un système de tickets plus clair
29/03/2025 11:01,Zone Centre,Agence de la Gare,Guichet,3,3,Agence propre et bien organisée,,
29/03/2025 12:59,Zone Est,Agence du Stade,Guichet,4,3,Personnel accueillant et souriant,,Mettre en place un système de tickets plus clair
29/03/2025 13:29,Zone Est,Agence de l'Horloge,Guichet,3,3,Manque de personnel aux heures de pointe,,
29/03/2025 15:17,Zone Nord,Agence des Palmiers,Centre d'appels,5,5,,,
29/03/2025 15:59,Zone Nord,Agence des Palmiers,Conseiller clientèle,4,4,,Conseiller à l'écoute du client,
29/03/2025 16:56,Zone Ouest,Agence du Phare,Application mobile,4,2,Très bonne orientation dès l'entrée,File d'attente mal organisée,Augmenter le personnel aux heures de pointe
31/03/2025 08:20,Zone Nord,Agence des Dunes,Conseiller clientèle,5,4,Conseiller à l'écoute du client,File d'attente mal organisée,Augmenter le personnel aux heures de pointe
31/03/2025 08:24,Zone Centre,Agence du Parc,Centre d'appels,4,3,,,Améliorer le temps d'attente en agence
31/03/2025 09:05,Zone Centre,Agence de la Gare,Conseiller clientèle,4,2,Conseiller à l'écoute du client,Manque de personnel aux heures de pointe,
31/03/2025 10:17,Zone Est,Agence des Acacias,Accueil,2,5,Manque de personnel aux heures de pointe,,Réduire les frais de tenue de compte
31/03/2025 10:48,Zone Sud,Agence de la Rivière,Guichet,5,3,Agence propre et bien organisée,,Climatiser la salle d'attente de l'agence
31/03/2025 11:28,Zone Ouest,Agence du Phare,Conseiller clientèle,3,5,,,Augmenter le personnel aux heures de pointe
01/04/2025 09:38,Zone Centre,Agence du Parc,GAB,5,2,Conseiller à l'écoute du client,,
01/04/2025 09:42,Zone Sud,Agence de la Rivière,Conseiller clientèle,3,4,,Conseiller à l'écoute du client,Proposer plus de services sur l'application mobile
01/04/2025 10:17,Zone Nord,Agence des Dunes,Guichet,5,4,,Temps d'attente trop long au guichet,
01/04/2025 10:36,Zone Est,Agence du Stade,Conseiller clientèle,5,4,Service rapide et efficace,,
01/04/2025 11:46,Zone Est,Agence de l'Horloge,GAB,3,4,,Agence propre et bien organisée,
01/04/2025 12:29,Zone Centre,Agence de la Gare,GAB,5,3,Conseiller à l'écoute du client,,
01/04/2025 12:38,Zone Ouest,Agence de la Corniche,Accueil,1,4,Horaires d'ouverture peu pratiques,,
02/04/2025 08:14,Zone Est,Agence du Stade,Application mobile,3,5,,Agence propre et bien organisée,Augmenter le personnel aux heures de pointe
02/04/2025 08:39,Zone Nord,Agence des Palmiers,GAB,3,3,,,Améliorer l'application mobile de la banque
02/04/2025 08:44,Zone Ouest,Agence de la Corniche,Conseiller clientèle,3,5,,,Améliorer l'application mobile de la banque
02/04/2025 08:49,Zone Centre,Agence du Parc,Conseiller clientèle,3,5,,,Réduire les frais de tenue de compte
02/04/2025 09:05,Zone Est,Agence du Stade,Accueil,5,4,Conseiller à l'écoute du client,Personnel accueillant et souriant,
02/04/2025 09:18,Zone Centre,Agence de la Gare,Conseiller clientèle,3,4,,Prise en charge rapide au guichet,
02/04/2025 09:32,Zone Nord,Agence des Palmiers,Guichet,4,3,Conseiller à l'écoute du client,Guichet automatique souvent en panne,Climatiser la salle d'attente de l'agence
02/04/2025 11:17,Zone Nord,Agence des Palmiers,Accueil,2,4,,Service rapide et efficace,Améliorer le temps d'attente en agence
02/04/2025 11:20,Zone Nord,Agence du Littoral,Guichet,5,4,Conseiller à l'écoute du client,Service rapide et efficace,Climatiser la salle d'attente de l'agence
02/04/2025 11:33,Zone Est,Agence du Stade,Accueil,4,4,Personnel accueillant et souriant,Personnel accueillant et souriant,Mettre en place un système de tickets plus clair
02/04/2025 12:12,Zone Centre,Agence du Parc,Conseiller clientèle,3,3,,Temps d'attente trop long au guichet,Réduire les frais de tenue de compte
02/04/2025 12:25,Zone Nord,Agence des Palmiers,Conseiller clientèle,2,4,Peu d'écoute face à ma réclamation,Personnel accueillant et souriant,
02/04/2025 12:59,Zone Sud,Agence des Collines,Accueil,3,4,Agence propre et bien organisée,,Ajouter un guichet automatique dans le quartier
02/04/2025 13:52,Zone Ouest,Agence de la Corniche,Guichet,2,5,Guichet automatique souvent en panne,Personnel accueillant et souriant,
02/04/2025 15:35,Zone Nord,Agence des Palmiers,Guichet,4,4,Prise en charge rapide au guichet,Service rapide et efficace,
02/04/2025 15:47,Zone Est,Agence du Stade,Accueil,3,4,Guichet automatique souvent en panne,Agence propre et bien organisée,Ouvrir l'agence le samedi matin
02/04/2025 16:17,Zone Sud,Agence de la Rivière,Guichet,5,3,Agence propre et bien organisée,Peu d'écoute face à ma réclamation,
02/04/2025 16:17,Zone Est,Agence de l'Horloge,Guichet,4,5,Très bonne orientation dès l'entrée,,Mettre en place un système de tickets plus clair
02/04/2025 16:41,Zone Centre,Agence du Parc,Guichet,3,5,,,Installer plus de sièges dans la salle d'attente
03/04/2025 11:42,Zone Centre,Agence de la Gare,Guichet,4,4,Très bonne orientation dès l'entrée,Service rapide et efficace,
03/04/2025 14:14,Zone Centre,Agence du Marché,Guichet,4,5,,,
03/04/2025 15:44,Zone Nord,Agence des Dunes,Guichet,3,3,,,Réduire le temps d'attente au guichet
03/04/2025 16:00,Zone Centre,Agence du Parc,Guichet,5,2,,Peu d'écoute face à ma réclamation,Améliorer le temps d'attente en agence
04/04/2025 08:27,Zone Centre,Agence de la Gare,Guichet,5,3,Service rapide et efficace,Prise en charge rapide au guichet,Mettre en place un système de tickets plus clair
04/04/2025 09:46,Zone Est,Agence des Acacias,GAB,4,4,Agence propre et bien organisée,Prise en charge rapide au guichet,Proposer plus de services sur l'application mobile
04/04/2025 09:46,Zone Centre,Agence du Parc,Conseiller clientèle,4,3,Agence propre et bien organisée,,Améliorer le temps d'attente en agence
04/04/2025 10:01,Zone Ouest,Agence de la Corniche,Conseiller clientèle,4,4,Agence propre et bien organisée,Service rapide et efficace,
04/04/2025 10:49,Zone Sud,Agence des Collines,Accueil,4,1,,Manque de personnel aux heures de pointe,
04/04/2025 11:14,Zone Ouest,Agence de la Corniche,Conseiller clientèle,4,3,Agence propre et bien organisée,Personnel accueillant et souriant,Augmenter le personnel aux heures de pointe
04/04/2025 11:37,Zone Centre,Agence de la Gare,Guichet,5,5,Très bonne orientation dès l'entrée,,Former le personnel à l'accueil des clients
04/04/2025 12:22,Zone Nord,Agence des Dunes,Guichet,5,4,,,Ajouter un guichet automatique dans le quartier
04/04/2025 15:04,Zone Centre,Agence de la Gare,Guichet,5,3,Prise en charge rapide au guichet,,
04/04/2025 15:10,Zone Sud,Agence des Collines,GAB,4,3,,Manque de personnel aux heures de pointe,Ouvrir l'agence le samedi matin
04/04/2025 15:10,Zone Centre,Agence du Marché,Guichet,4,3,Agence propre et bien organisée,Manque de personnel aux heures de pointe,Améliorer le temps d'attente en agence
04/04/2025 15:12,Zone Est,Agence des Acacias,Guichet,5,5,Très bonne orientation dès l'entrée,,Installer plus de sièges dans la salle d'attente
04/04/2025 16:07,Zone Nord,Agence des Dunes,Centre d'appels,4,4,,,Réduire les frais de tenue de compte
04/04/2025 16:50,Zone Centre,Agence de la Gare,Guichet,4,3,Prise en charge rapide au guichet,Temps d'attente trop long au guichet,
04/04/2025 16:58,Zone Ouest,Agence de la Corniche,Conseiller clientèle,5,4,,Peu d'écoute face à ma réclamation,Climatiser la salle d'attente de l'agence
05/04/2025 10:33,Zone Nord,Agence du Littoral,Application mobile,5,5,Service rapide et efficace,Prise en charge rapide au guichet,Ajouter un guichet automatique dans le quartier
05/04/2025 11:37,Zone Est,Agence du Stade,Application mobile,5,5,,Prise en charge rapide au guichet,
05/04/2025 12:02,Zone Sud,Agence de la Rivière,Guichet,3,4,,Personnel accueillant et souriant,
05/04/2025 12:50,Zone Nord,Agence des Palmiers,Conseiller clientèle,5,4,Service rapide et efficace,Agence propre et bien organisée,Mettre en place un système de tickets plus clair
05/04/2025 13:47,Zone Est,Agence de l'Horloge,Guichet,3,4,Personnel accueillant et souriant,Prise en charge rapide au guichet,
05/04/2025 15:23,Zone Sud,Agence des Collines,Guichet,3,4,,Très bonne orientation dès l'entrée,
05/04/2025 16:26,Zone Est,Agence des Acacias,Accueil,5,4,,Agence propre et bien organisée,
05/04/2025 16:51,Zone Est,Agence de l'Horloge,GAB,4,3,Très bonne orientation dès l'entrée,Service rapide et efficace,
07/04/2025 08:09,Zone Nord,Agence des Palmiers,Guichet,3,3,Horaires d'ouverture peu pratiques,,Réduire les frais de tenue de compte
07/04/2025 08:50,Zone Ouest,Agence du Phare,Conseiller clientèle,4,4,Conseiller à l'écoute du client,Agence propre et bien organisée,
07/04/2025 10:13,Zone Sud,Agence de la Rivière,Guichet,5,1,Service rapide et efficace,Peu d'écoute face à ma réclamation,Ouvrir l'agence le samedi matin
07/04/2025 11:51,Zone Centre,Agence de la Gare,Centre d'appels,4,5,,,Installer plus de sièges dans la salle d'attente
07/04/2025 13:18,Zone Nord,Agence des Dunes,Guichet,4,5,Très bonne orientation dès l'entrée,Service rapide et efficace,Réduire le temps d'attente au guichet
07/04/2025 16:05,Zone Est,Agence des Acacias,Accueil,5,5,Très bonne orientation dès l'entrée,,
07/04/2025 17:27,Zone Sud,Agence de la Rivière,GAB,4,3,,,
08/04/2025 09:55,Zone Centre,Agence du Marché,GAB,5,5,Temps d'attente trop long au guichet,,Réduire le temps d'attente au guichet
08/04/2025 13:33,Zone Nord,Agence des Dunes,Accueil,3,4,,,
08/04/2025 14:04,Zone Nord,Agence du Littoral,GAB,4,4,Prise en charge rapide au guichet,Conseiller à l'écoute du client,
08/04/2025 14:10,Zone Nord,Agence des Dunes,Application mobile,4,3,,,
08/04/2025 16:16,Zone Centre,Agence du Parc,Guichet,4,4,Service rapide et efficace,,Augmenter le personnel aux heures de pointe
09/04/2025 08:54,Zone Centre,Agence du Parc,GAB,4,4,Conseiller à l'écoute du client,,Ouvrir l'agence le samedi matin
09/04/2025 09:01,Zone Est,Agence des Acacias,Conseiller clientèle,5,4,Personnel accueillant et souriant,Prise en charge rapide au guichet,Améliorer le temps d'attente en agence
09/04/2025 09:09,Zone Est,Agence de l'Horloge,GAB,5,5,Service rapide et efficace,Agence propre et bien organisée,Améliorer l'application mobile de la banque
09/04/2025 09:19,Zone Nord,Agence du Littoral,Conseiller clientèle,5,5,Prise en charge rapide au guichet,Agence propre et bien organisée,
09/04/2025 09:29,Zone Centre,Agence de la Gare,Accueil,5,4,,Conseiller à l'écoute du client,Climatiser la salle d'attente de l'agence
09/04/2025 09:36,Zone Nord,Agence des Palmiers,Guichet,3,2,,Temps d'attente trop long au guichet,
09/04/2025 10:09,Zone Ouest,Agence de la Corniche,Guichet,3,5,,Prise en charge rapide au guichet,Installer plus de sièges dans la salle d'attente
09/04/2025 10:23,Zone Ouest,Agence de la Corniche,Conseiller clientèle,4,4,,Manque de personnel aux heures de pointe,Former le personnel à l'accueil des clients
09/04/2025 11:35,Zone Sud,Agence des Collines,Accueil,3,4,,Agence propre et bien organisée,Réduire les frais de tenue de compte
09/04/2025 13:48,Zone Centre,Agence de la Gare,Conseiller clientèle,3,4,,Agence propre et bien organisée,Proposer plus de services sur l'application mobile
09/04/2025 17:00,Zone Centre,Agence du Parc,Centre d'appels,4,4,,Personnel accueillant et souriant,
09/04/2025 17:36,Zone Centre,Agence de la Gare,Application mobile,3,5,,Très bonne orientation dès l'entrée,Réduire le temps d'attente au guichet
10/04/2025 08:09,Zone Centre,Agence du Parc,Conseiller clientèle,3,5,,Très bonne orientation dès l'entrée,Climatiser la salle d'attente de l'agence
10/04/2025 09:09,Zone Sud,Agence des Collines,Application mobile,4,3,,,
10/04/2025 10:26,Zone Centre,Agence de la Gare,Centre d'appels,4,5,,Personnel accueillant et souriant,Améliorer l'application mobile de la banque
10/04/2025 10:45,Zone Sud,Agence de la Rivière,Guichet,3,2,Très bonne orientation dès l'entrée,Horaires d'ouverture peu pratiques,Proposer plus de services sur l'application mobile
10/04/2025 17:06,Zone Centre,Agence de la Gare,Accueil,5,4,Manque de personnel aux heures de pointe,Conseiller à l'écoute du client,
11/04/2025 08:19,Zone Nord,Agence du Littoral,Centre d'appels,5,5,Personnel accueillant et souriant,Service rapide et efficace,Proposer plus de services sur l'application mobile
11/04/2025 08:23,Zone Centre,Agence de la Gare,GAB,3,4,,Personnel accueillant et souriant,Mettre en place un système de tickets plus clair
11/04/2025 08:56,Zone Est,Agence de l'Horloge,Guichet,5,5,Prise en charge rapide au guichet,,
11/04/2025 09:08,Zone Centre,Agence de la Gare,Accueil,4,3,Service rapide et efficace,,Climatiser la salle d'attente de l'agence
11/04/2025 09:09,Zone Est,Agence des Acacias,Accueil,5,4,Agence propre et bien organisée,,Proposer plus de services sur l'application mobile
11/04/2025 10:18,Zone Est,Agence des Acacias,Guichet,4,5,Personnel accueillant et souriant,Conseiller à l'écoute du client,
11/04/2025 11:47,Zone Est,Agence des Acacias,Conseiller clientèle,5,4,,,Climatiser la salle d'attente de l'agence
11/04/2025 15:12,Zone Nord,Agence des Dunes,Centre d'appels,4,3,Personnel accueillant et souriant,,Ajouter un guichet automatique dans le quartier
11/04/2025 15:34,Zone Ouest,Agence du Phare,GAB,3,4,,Agence propre et bien organisée,
11/04/2025 17:57,Zone Est,Agence des Acacias,GAB,5,5,,Agence propre et bien organisée,
12/04/2025 08:05,Zone Nord,Agence des Palmiers,Guichet,4,3,Personnel accueillant et souriant,,
12/04/2025 09:24,Zone Sud,Agence des Collines,Guichet,3,3,,,
12/04/2025 10:49,Zone Nord,Agence des Palmiers,GAB,5,3,,,Améliorer l'application mobile de la banque
12/04/2025 11:22,Zone Sud,Agence de la Rivière,Guichet,3,4,,Très bonne orientation dès l'entrée,Améliorer l'application mobile de la banque
12/04/2025 15:48,Zone Nord,Agence du Littoral,Guichet,5,5,Personnel accueillant et souriant,Conseiller à l'écoute du client,Réduire le temps d'attente au guichet
14/04/2025 08:14,Zone Centre,Agence du Parc,Conseiller clientèle,4,4,Très bonne orientation dès l'entrée,,
14/04/2025 08:55,Zone Sud,Agence de la Rivière,Application mobile,4,4,Agence propre et bien organisée,Personnel accueillant et souriant,Réduire les frais de tenue de compte
14/04/2025 09:11,Zone Ouest,Agence de la Corniche,GAB,3,3,,Très bonne orientation dès l'entrée,
14/04/2025 09:13,Zone Ouest,Agence de la Corniche,Conseiller clientèle,3,5,,,Ouvrir l'agence le samedi matin
14/04/2025 09:50,Zone Est,Agence de l'Horloge,Conseiller clientèle,5,4,Agence propre et bien organisée,,Mettre en place un système de tickets plus clair
14/04/2025 10:07,Zone Est,Agence du Stade,Centre d'appels,5,4,Très bonne orientation dès l'entrée,Service rapide et efficace,Réduire le temps d'attente au guichet
14/04/2025 10:32,Zone Centre,Agence du Marché,Application mobile,3,4,Service rapide et efficace,Service rapide et efficace,
14/04/2025 12:27,Zone Est,Agence du Stade,Guichet,5,3,,,Ajouter un guichet automatique dans le quartier
14/04/2025 12:36,Zone Est,Agence des Acacias,Centre d'appels,5,4,,Conseiller à l'écoute du client,
14/04/2025 14:07,Zone Est,Agence des Acacias,Centre d'appels,4,4,Horaires d'ouverture peu pratiques,Conseiller à l'écoute du client,Améliorer le temps d'attente en agence
14/04/2025 14:22,Zone Nord,Agence des Dunes,Guichet,4,3,Service rapide et efficace,Conseiller à l'écoute du client,Climatiser la salle d'attente de l'agence
14/04/2025 15:00,Zone Est,Agence des Acacias,Accueil,4,5,Horaires d'ouverture peu pratiques,Conseiller à l'écoute du client,
14/04/2025 16:17,Zone Ouest,Agence de la Corniche,Accueil,3,3,,,
14/04/2025 16:29,Zone Nord,Agence des Palmiers,Centre d'appels,5,3,Très bonne orientation dès l'entrée,,Ajouter un guichet automatique dans le quartier
15/04/2025 08:33,Zone Est,Agence des Acacias,Application mobile,5,5,Service rapide et efficace,Agence propre et bien organisée,
15/04/2025 09:01,Zone Est,Agence de l'Horloge,Application mobile,5,3,Agence propre et bien organisée,Conseiller à l'écoute du client,Augmenter le personnel aux heures de pointe
15/04/2025 09:02,Zone Ouest,Agence du Phare,GAB,4,4,,,Augmenter le personnel aux heures de pointe
15/04/2025 09:08,Zone Est,Agence de l'Horloge,Guichet,4,3,Très bonne orientation dès l'entrée,,Augmenter le personnel aux heures de pointe
15/04/2025 09:54,Zone Nord,Agence du Littoral,Centre d'appels,5,5,Conseiller à l'écoute du client,,Ajouter un guichet automatique dans le quartier
15/04/2025 10:05,Zone Ouest,Agence du Phare,Accueil,4,4,,,
15/04/2025 10:10,Zone Est,Agence du Stade,Application mobile,3,3,,,
15/04/2025 10:42,Zone Ouest,Agence de la Corniche,GAB,4,4,Personnel accueillant et souriant,Service rapide et efficace,Installer plus de sièges dans la salle d'attente
15/04/2025 11:22,Zone Ouest,Agence du Phare,Application mobile,4,2,Personnel accueillant et souriant,Guichet automatique souvent en panne,
15/04/2025 13:48,Zone Centre,Agence de la Gare,Guichet,4,4,Agence propre et bien organisée,Guichet automatique souvent en panne,Améliorer l'application mobile de la banque
15/04/2025 16:07,Zone Sud,Agence des Collines,Centre d'appels,4,2,,Manque de personnel aux heures de pointe,Mettre en place un système de tickets plus clair
16/04/2025 08:31,Zone Ouest,Agence du Phare,Accueil,3,4,,,Mettre en place un système de tickets plus clair
16/04/2025 09:03,Zone Est,Agence de l'Horloge,Guichet,4,5,Agence propre et bien organisée,,Réduire le temps d'attente au guichet
16/04/2025 09:04,Zone Nord,Agence du Littoral,Accueil,5,5,Prise en charge rapide au guichet,Service rapide et efficace,Réduire le temps d'attente au guichet
16/04/2025 09:34,Zone Centre,Agence du Parc,Guichet,4,3,Personnel accueillant et souriant,,Réduire le temps d'attente au guichet
16/04/2025 10:14,Zone Sud,Agence de la Rivière,Guichet,3,5,,Temps d'attente trop long au guichet,
16/04/2025 10:35,Zone Sud,Agence des Collines,Application mobile,4,4,Service rapide et efficace,Conseiller à l'écoute du client,Réduire les frais de tenue de compte
16/04/2025 11:08,Zone Centre,Agence du Parc,Guichet,3,5,File d'attente mal organisée,Personnel accueillant et souriant,Augmenter le personnel aux heures de pointe
16/04/2025 12:58,Zone Nord,Agence des Dunes,Guichet,2,5,,Service rapide et efficace,Proposer plus de services sur l'application mobile
16/04/2025 13:31,Zone Nord,Agence des Dunes,Application mobile,4,4,Très bonne orientation dès l'entrée,Prise en charge rapide au guichet,
16/04/2025 13:34,Zone Nord,Agence des Palmiers,Centre d'appels,4,4,Manque de personnel aux heures de pointe,,
16/04/2025 13:41,Zone Nord,Agence des Palmiers,Centre d'appels,3,4,,Service rapide et efficace,
16/04/2025 15:50,Zone Est,Agence du Stade,Guichet,4,3,,,Climatiser la salle d'attente de l'agence
16/04/2025 16:27,Zone Centre,Agence du Parc,GAB,4,4,,,
16/04/2025 16:56,Zone Centre,Agence du Parc,Guichet,5,5,Peu d'écoute face à ma réclamation,Manque de personnel aux heures de pointe,
17/04/2025 09:36,Zone Est,Agence de l'Horloge,Conseiller clientèle,4,5,Personnel accueillant et souriant,Très bonne orientation dès l'entrée,Climatiser la salle d'attente de l'agence
17/04/2025 11:06,Zone Ouest,Agence de la Corniche,Guichet,4,3,Très bonne orientation dès l'entrée,,Augmenter le personnel aux heures de pointe
17/04/2025 11:54,Zone Sud,Agence de la Rivière,Centre d'appels,5,5,Conseiller à l'écoute du client,Conseiller à l'écoute du client,Ajouter un guichet automatique dans le quartier
17/04/2025 12:34,Zone Ouest,Agence du Phare,Conseiller clientèle,5,2,Personnel accueillant et souriant,,
17/04/2025 13:15,Zone Nord,Agence du Littoral,Accueil,5,5,Agence propre et bien organisée,,Installer plus de sièges dans la salle d'attente
17/04/2025 15:55,Zone Sud,Agence des Collines,Guichet,5,3,Prise en charge rapide au guichet,,
17/04/2025 16:30,Zone Ouest,Agence de la Corniche,Centre d'appels,4,4,Conseiller à l'écoute du client,Personnel accueillant et souriant,
18/04/2025 08:18,Zone Centre,Agence du Parc,Guichet,5,5,Agence propre et bien organisée,,Former le personnel à l'accueil des clients
18/04/2025 08:27,Zone Est,Agence de l'Horloge,GAB,4,4,Prise en charge rapide au guichet,Personnel accueillant et souriant,
18/04/2025 09:09,Zone Est,Agence du Stade,Conseiller clientèle,4,5,Service rapide et efficace,,Augmenter le personnel aux heures de pointe
18/04/2025 09:31,Zone Centre,Agence de la Gare,Application mobile,4,4,,Temps d'attente trop long au guichet,Ajouter un guichet automatique dans le quartier
18/04/2025 09:57,Zone Est,Agence des Acacias,Centre d'appels,3,3,,,Ajouter un guichet automatique dans le quartier
18/04/2025 10:48,Zone Nord,Agence des Dunes,GAB,3,3,,Personnel accueillant et souriant,
18/04/2025 11:30,Zone Centre,Agence de la Gare,Centre d'appels,4,4,Agence propre et bien organisée,Conseiller à l'écoute du client,Climatiser la salle d'attente de l'agence
18/04/2025 14:13,Zone Sud,Agence des Collines,Guichet,4,1,Très bonne orientation dès l'entrée,Temps d'attente trop long au guichet,Proposer plus de services sur l'application mobile
18/04/2025 14:59,Zone Sud,Agence de la Rivière,Centre d'appels,4,2,Conseiller à l'écoute du client,Peu d'écoute face à ma réclamation,Climatiser la salle d'attente de l'agence
18/04/2025 15:14,Zone Ouest,Agence de la Corniche,Conseiller clientèle,5,5,,,
18/04/2025 16:19,Zone Centre,Agence de la Gare,Guichet,4,5,Guichet automatique souvent en panne,,Améliorer l'application mobile de la banque
18/04/2025 16:36,Zone Est,Agence de l'Horloge,Centre d'appels,4,3,,,Installer plus de sièges dans la salle d'attente
18/04/2025 17:53,Zone Nord,Agence des Palmiers,GAB,4,5,File d'attente mal organisée,Très bonne orientation dès l'entrée,Mettre en place un système de tickets plus clair
19/04/2025 10:31,Zone Centre,Agence de la Gare,Conseiller clientèle,4,2,File d'attente mal organisée,Peu d'écoute face à ma réclamation,Améliorer le temps d'attente en agence
19/04/2025 12:48,Zone Est,Agence du Stade,Centre d'appels,3,5,,,
19/04/2025 15:43,Zone Sud,Agence de la Rivière,Conseiller clientèle,3,4,,Conseiller à l'écoute du client,Ajouter un guichet automatique dans le quartier
19/04/2025 17:41,Zone Ouest,Agence du Phare,Centre d'appels,5,4,Prise en charge rapide au guichet,Prise en charge rapide au guichet,
21/04/2025 09:33,Zone Est,Agence des Acacias,Conseiller clientèle,5,5,,,
21/04/2025 10:00,Zone Ouest,Agence de la Corniche,Centre d'appels,4,5,Personnel accueillant et souriant,Service rapide et efficace,
21/04/2025 10:24,Zone Ouest,Agence de la Corniche,Guichet,3,3,Très bonne orientation dès l'entrée,,
21/04/2025 11:36,Zone Est,Agence du Stade,Application mobile,5,2,Prise en charge rapide au guichet,Peu d'écoute face à ma réclamation,Augmenter le personnel aux heures de pointe
21/04/2025 12:47,Zone Est,Agence du Stade,Conseiller clientèle,5,5,Service rapide et efficace,,Réduire les frais de tenue de compte
21/04/2025 14:18,Zone Sud,Agence des Collines,Conseiller clientèle,4,3,,,Ajouter un guichet automatique dans le quartier
21/04/2025 15:06,Zone Ouest,Agence de la Corniche,GAB,4,4,,,
21/04/2025 15:59,Zone Est,Agence du Stade,Centre d'appels,4,2,,File d'attente mal organisée,Mettre en place un système de tickets plus clair
21/04/2025 15:59,Zone Ouest,Agence de la Corniche,Application mobile,5,4,Temps d'attente trop long au guichet,Peu d'écoute face à ma réclamation,
21/04/2025 16:36,Zone Nord,Agence des Dunes,Guichet,4,4,Temps d'attente trop long au guichet,Service rapide et efficace,Proposer plus de services sur l'application mobile
21/04/2025 16:53,Zone Nord,Agence du Littoral,Guichet,4,5,Conseiller à l'écoute du client,Très bonne orientation dès l'entrée,Ouvrir l'agence le samedi matin
22/04/2025 08:37,Zone Ouest,Agence de la Corniche,GAB,3,4,Personnel accueillant et souriant,Très bonne orientation dès l'entrée,Mettre en place un système de tickets plus clair
22/04/2025 09:56,Zone Nord,Agence des Dunes,Guichet,4,5,,File d'attente mal organisée,
22/04/2025 10:32,Zone Est,Agence des Acacias,Guichet,5,5,Conseiller à l'écoute du client,Service rapide et efficace,
22/04/2025 15:42,Zone Ouest,Agence de la Corniche,Centre d'appels,5,4,Prise en charge rapide au guichet,Personnel accueillant et souriant,
22/04/2025 16:32,Zone Nord,Agence des Dunes,Conseiller clientèle,3,4,,Très bonne orientation dès l'entrée,
23/04/2025 08:46,Zone Sud,Agence de la Rivière,GAB,5,3,Prise en charge rapide au guichet,Manque de personnel aux heures de pointe,
23/04/2025 09:04,Zone Ouest,Agence de la Corniche,GAB,4,4,Prise en charge rapide au guichet,,Proposer plus de services sur l'application mobile
23/04/2025 09:27,Zone Centre,Agence de la Gare,Accueil,4,4,Conseiller à l'écoute du client,,Réduire les frais de tenue de compte
23/04/2025 09:27,Zone Nord,Agence du Littoral,Conseiller clientèle,4,5,Service rapide et efficace,Service rapide et efficace,Ajouter un guichet automatique dans le quartier
23/04/2025 10:01,Zone Sud,Agence des Collines,GAB,3,3,,Prise en charge rapide au guichet,Améliorer le temps d'attente en agence
23/04/2025 11:16,Zone Est,Agence de l'Horloge,Centre d'appels,3,3,,,Ajouter un guichet automatique dans le quartier
23/04/2025 12:14,Zone Sud,Agence des Collines,Application mobile,4,4,,Conseiller à l'écoute du client,
23/04/2025 14:51,Zone Est,Agence des Acacias,Guichet,4,5,Prise en charge rapide au guichet,Guichet automatique souvent en panne,Ajouter un guichet automatique dans le quartier
23/04/2025 14:56,Zone Est,Agence de l'Horloge,GAB,5,5,Conseiller à l'écoute du client,,Installer plus de sièges dans la salle d'attente
24/04/2025 09:32,Zone Centre,Agence de la Gare,Conseiller clientèle,4,3,,,Installer plus de sièges dans la salle d'attente
24/04/2025 10:19,Zone Centre,Agence de la Gare,Guichet,5,3,Personnel accueillant et souriant,,
24/04/2025 10:36,Zone Centre,Agence du Marché,Guichet,4,4,Prise en charge rapide au guichet,,
24/04/2025 15:20,Zone Ouest,Agence du Phare,Guichet,3,4,Agence propre et bien organisée,Très bonne orientation dès l'entrée,Mettre en place un système de tickets plus clair
24/04/2025 15:52,Zone Centre,Agence de la Gare,Guichet,5,2,,,Réduire le temps d'attente au guichet
24/04/2025 16:28,Zone Centre,Agence de la Gare,Centre d'appels,5,5,Service rapide et efficace,,Proposer plus de services sur l'application mobile
25/04/2025 08:51,Zone Ouest,Agence de la Corniche,Guichet,3,3,Agence propre et bien organisée,,Augmenter le personnel aux heures de pointe
25/04/2025 08:57,Zone Est,Agence du Stade,Accueil,5,2,,Manque de personnel aux heures de pointe,Réduire les frais de tenue de compte
25/04/2025 09:39,Zone Centre,Agence de la Gare,Guichet,3,5,Temps d'attente trop long au guichet,,
25/04/2025 11:14,Zone Nord,Agence des Palmiers,Guichet,3,3,,Agence propre et bien organisée,
25/04/2025 15:29,Zone Ouest,Agence de la Corniche,Centre d'appels,4,3,Conseiller à l'écoute du client,Très bonne orientation dès l'entrée,
25/04/2025 15:45,Zone Nord,Agence des Palmiers,Guichet,5,4,,Conseiller à l'écoute du client,
25/04/2025 16:34,Zone Sud,Agence de la Rivière,Accueil,3,4,,,Réduire le temps d'attente au guichet
25/04/2025 16:38,Zone Centre,Agence du Parc,Conseiller clientèle,4,3,,Horaires d'ouverture peu pratiques,Climatiser la salle d'attente de l'agence
25/04/2025 17:29,Zone Sud,Agence des Collines,Accueil,3,4,,Service rapide et efficace,
26/04/2025 08:29,Zone Ouest,Agence de la Corniche,Guichet,5,2,Service rapide et efficace,Manque de personnel aux heures de pointe,
26/04/2025 09:06,Zone Centre,Agence du Marché,Accueil,5,5,Conseiller à l'écoute du client,Très bonne orientation dès l'entrée,
26/04/2025 10:18,Zone Est,Agence des Acacias,Centre d'appels,5,5,Conseiller à l'écoute du client,Personnel accueillant et souriant,Améliorer le temps d'attente en agence
26/04/2025 11:53,Zone Nord,Agence des Palmiers,Application mobile,4,4,Conseiller à l'écoute du client,Prise en charge rapide au guichet,Ajouter un guichet automatique dans le quartier
26/04/2025 12:41,Zone Nord,Agence des Palmiers,Accueil,4,5,Agence propre et bien organisée,Conseiller à l'écoute du client,
26/04/2025 16:46,Zone Sud,Agence des Collines,Centre d'appels,3,5,Prise en charge rapide au guichet,,Former le personnel à l'accueil des clients
28/04/2025 08:45,Zone Centre,Agence de la Gare,Conseiller clientèle,4,4,Très bonne orientation dès l'entrée,,
28/04/2025 10:26,Zone Est,Agence de l'Horloge,Guichet,5,5,Personnel accueillant et souriant,Service rapide et efficace,Ajouter un guichet automatique dans le quartier
28/04/2025 10:36,Zone Ouest,Agence de la Corniche,Conseiller clientèle,3,5,,,Améliorer l'application mobile de la banque
28/04/2025 11:45,Zone Ouest,Agence de la Corniche,Centre d'appels,4,3,,,Ouvrir l'agence le samedi matin
28/04/2025 15:06,Zone Est,Agence de l'Horloge,Application mobile,5,4,,,Réduire les frais de tenue de compte
28/04/2025 17:42,Zone Ouest,Agence du Phare,Guichet,4,5,Très bonne orientation dès l'entrée,Prise en charge rapide au guichet,Proposer plus de services sur l'application mobile
29/04/2025 08:16,Zone Nord,Agence des Dunes,Application mobile,3,4,,Conseiller à l'écoute du client,Mettre en place un système de tickets plus clair
29/04/2025 08:24,Zone Est,Agence du Stade,Centre d'appels,4,3,Très bonne orientation dès l'entrée,,
29/04/2025 09:16,Zone Est,Agence du Stade,Guichet,4,2,Très bonne orientation dès l'entrée,Horaires d'ouverture peu pratiques,Ajouter un guichet automatique dans le quartier
29/04/2025 10:59,Zone Centre,Agence du Parc,Conseiller clientèle,3,4,,Très bonne orientation dès l'entrée,Améliorer l'application mobile de la banque
29/04/2025 12:15,Zone Est,Agence des Acacias,Guichet,4,5,,,
29/04/2025 12:37,Zone Nord,Agence du Littoral,Application mobile,5,4,Service rapide et efficace,Conseiller à l'écoute du client,Améliorer l'application mobile de la banque
29/04/2025 12:39,Zone Est,Agence du Stade,Guichet,4,4,Service rapide et efficace,Prise en charge rapide au guichet,
29/04/2025 13:37,Zone Nord,Agence des Dunes,GAB,5,3,Prise en charge rapide au guichet,Temps d'attente trop long au guichet,
29/04/2025 16:36,Zone Nord,Agence du Littoral,GAB,5,3,File d'attente mal organisée,Horaires d'ouverture peu pratiques,
29/04/2025 17:17,Zone Ouest,Agence du Phare,Guichet,3,4,,Très bonne orientation dès l'entrée,
30/04/2025 08:34,Zone Est,Agence du Stade,GAB,5,4,Prise en charge rapide au guichet,Prise en charge rapide au guichet,Proposer plus de services sur l'application mobile
30/04/2025 09:38,Zone Ouest,Agence du Phare,Centre d'appels,4,4,,,
30/04/2025 10:26,Zone Nord,Agence du Littoral,Application mobile,5,4,Personnel accueillant et souriant,Personnel accueillant et souriant,Augmenter le personnel aux heures de pointe
30/04/2025 10:51,Zone Ouest,Agence du Phare,Accueil,4,1,,Horaires d'ouverture peu pratiques,Proposer plus de services sur l'application mobile
30/04/2025 12:28,Zone Nord,Agence des Palmiers,Application mobile,4,5,Prise en charge rapide au guichet,Conseiller à l'écoute du client,
30/04/2025 15:18,Zone Nord,Agence des Dunes,GAB,2,4,Guichet automatique souvent en panne,Personnel accueillant et souriant,Augmenter le personnel aux heures de pointe
30/04/2025 15:27,Zone Est,Agence du Stade,GAB,4,5,,Conseiller à l'écoute du client,Climatiser la salle d'attente de l'agence
30/04/2025 15:35,Zone Centre,Agence du Parc,Application mobile,3,4,,,Ajouter un guichet automatique dans le quartier
30/04/2025 15:44,Zone Est,Agence du Stade,Conseiller clientèle,2,4,Manque de personnel aux heures de pointe,,
01/05/2025 09:50,Zone Nord,Agence des Palmiers,Guichet,3,4,,Personnel accueillant et souriant,Réduire le temps d'attente au guichet
01/05/2025 10:21,Zone Centre,Agence de la Gare,Centre d'appels,5,3,,Manque de personnel aux heures de pointe,Proposer plus de services sur l'application mobile
01/05/2025 10:23,Zone Nord,Agence des Palmiers,Accueil,4,5,Agence propre et bien organisée,Personnel accueillant et souriant,
01/05/2025 10:37,Zone Centre,Agence de la Gare,Guichet,3,3,Service rapide et efficace,,
01/05/2025 11:45,Zone Nord,Agence des Palmiers,Accueil,5,4,Service rapide et efficace,,Augmenter le personnel aux heures de pointe
01/05/2025 14:16,Zone Centre,Agence de la Gare,Conseiller clientèle,4,4,Personnel accueillant et souriant,,
01/05/2025 14:19,Zone Est,Agence du Stade,Guichet,4,5,Agence propre et bien organisée,Conseiller à l'écoute du client,Former le personnel à l'accueil des clients
01/05/2025 14:49,Zone Sud,Agence de la Rivière,Guichet,3,2,,,
01/05/2025 14:58,Zone Est,Agence de l'Horloge,Conseiller clientèle,4,4,Prise en charge rapide au guichet,Personnel accueillant et souriant,
01/05/2025 16:10,Zone Sud,Agence des Collines,Guichet,5,4,,,Installer plus de sièges dans la salle d'attente
02/05/2025 08:30,Zone Ouest,Agence du Phare,Guichet,3,5,,Prise en charge rapide au guichet,
02/05/2025 08:56,Zone Nord,Agence du Littoral,Conseiller clientèle,4,4,,Prise en charge rapide au guichet,
02/05/2025 09:20,Zone Nord,Agence des Palmiers,Guichet,4,4,Très bonne orientation dès l'entrée,Personnel accueillant et souriant,
02/05/2025 11:54,Zone Est,Agence des Acacias,GAB,4,4,,,Augmenter le personnel aux heures de pointe
02/05/2025 12:42,Zone Ouest,Agence de la Corniche,GAB,3,2,,Guichet automatique souvent en panne,Réduire les frais de tenue de compte
02/05/2025 15:58,Zone Ouest,Agence de la Corniche,GAB,2,4,Manque de personnel aux heures de pointe,Très bonne orientation dès l'entrée,Former le personnel à l'accueil des clients
02/05/2025 16:40,Zone Est,Agence de l'Horloge,Conseiller clientèle,4,3,,,
03/05/2025 09:52,Zone Nord,Agence des Dunes,Guichet,4,5,,Agence propre et bien organisée,
03/05/2025 11:33,Zone Ouest,Agence du Phare,Accueil,2,2,File d'attente mal organisée,Peu d'écoute face à ma réclamation,
03/05/2025 11:35,Zone Centre,Agence du Marché,GAB,4,4,Personnel accueillant et souriant,Prise en charge rapide au guichet,
03/05/2025 12:04,Zone Centre,Agence du Parc,GAB,3,5,Très bonne orientation dès l'entrée,Très bonne orientation dès l'entrée,Proposer plus de services sur l'application mobile
03/05/2025 12:55,Zone Sud,Agence de la Rivière,Conseiller clientèle,2,5,File d'attente mal organisée,Service rapide et efficace,Mettre en place un système de tickets plus clair
03/05/2025 16:43,Zone Sud,Agence des Collines,Conseiller clientèle,4,3,Personnel accueillant et souriant,,
05/05/2025 08:34,Zone Nord,Agence du Littoral,Guichet,5,5,,Agence propre et bien organisée,
05/05/2025 09:52,Zone Centre,Agence du Marché,Guichet,4,3,,,
05/05/2025 10:36,Zone Nord,Agence du Littoral,Accueil,5,5,Agence propre et bien organisée,,Former le personnel à l'accueil des clients
05/05/2025 11:53,Zone Centre,Agence du Parc,Guichet,3,5,,Service rapide et efficace,
05/05/2025 12:07,Zone Sud,Agence de la Rivière,Application mobile,3,2,,File d'attente mal organisée,Mettre en place un système de tickets plus clair
05/05/2025 12:17,Zone Centre,Agence de la Gare,GAB,5,4,,,Réduire les frais de tenue de compte
05/05/2025 12:55,Zone Ouest,Agence de la Corniche,Centre d'appels,3,4,,Agence propre et bien organisée,Installer plus de sièges dans la salle d'attente
05/05/2025 13:45,Zone Est,Agence de l'Horloge,Conseiller clientèle,4,4,Agence propre et bien organisée,,
05/05/2025 16:41,Zone Centre,Agence du Parc,Conseiller clientèle,3,5,,Personnel accueillant et souriant,Ouvrir l'agence le samedi matin
06/05/2025 09:25,Zone Centre,Agence du Parc,GAB,4,3,Peu d'écoute face à ma réclamation,Temps d'attente trop long au guichet,
06/05/2025 10:01,Zone Est,Agence des Acacias,Centre d'appels,5,3,Manque de personnel aux heures de pointe,,
06/05/2025 11:25,Zone Sud,Agence de la Rivière,Application mobile,4,5,,Prise en charge rapide au guichet,Améliorer l'application mobile de la banque
06/05/2025 11:28,Zone Ouest,Agence du Phare,GAB,5,4,Prise en charge rapide au guichet,Prise en charge rapide au guichet,
06/05/2025 12:30,Zone Sud,Agence de la Rivière,Guichet,4,4,Personnel accueillant et souriant,Prise en charge rapide au guichet,
06/05/2025 12:43,Zone Sud,Agence de la Rivière,Guichet,4,4,,Personnel accueillant et souriant,Ouvrir l'agence le samedi matin
06/05/2025 12:48,Zone Ouest,Agence du Phare,Application mobile,3,3,,,Ajouter un guichet automatique dans le quartier
06/05/2025 14:00,Zone Centre,Agence du Marché,Conseiller clientèle,3,3,,,Mettre en place un système de tickets plus clair
06/05/2025 17:06,Zone Ouest,Agence de la Corniche,Conseiller clientèle,4,3,Prise en charge rapide au guichet,,
06/05/2025 17:38,Zone Centre,Agence du Parc,Guichet,5,5,,Prise en charge rapide au guichet,
07/05/2025 08:59,Zone Centre,Agence de la Gare,GAB,4,5,Personnel accueillant et souriant,Très bonne orientation dès l'entrée,Ajouter un guichet automatique dans le quartier
07/05/2025 10:07,Zone Nord,Agence des Palmiers,Guichet,3,4,,Prise en charge rapide au guichet,Ajouter un guichet automatique dans le quartier
07/05/2025 11:15,Zone Ouest,Agence de la Corniche,Guichet,5,4,Agence propre et bien organisée,,Ajouter un guichet automatique dans le quartier
07/05/2025 14:11,Zone Sud,Agence des Collines,GAB,2,4,Horaires d'ouverture peu pratiques,,Former le personnel à l'accueil des clients
07/05/2025 15:25,Zone Nord,Agence des Palmiers,Guichet,5,3,,,Réduire les frais de tenue de compte
07/05/2025 15:37,Zone Sud,Agence des Collines,Conseiller clientèle,5,5,Conseiller à l'écoute du client,,Améliorer le temps d'attente en agence
07/05/2025 17:35,Zone Centre,Agence de la Gare,Guichet,3,3,,Personnel accueillant et souriant,Former le personnel à l'accueil des clients
08/05/2025 08:23,Zone Sud,Agence de la Rivière,Guichet,3,1,,Guichet automatique souvent en panne,Ouvrir l'agence le samedi matin
08/05/2025 10:43,Zone Nord,Agence des Palmiers,Conseiller clientèle,5,4,,Agence propre et bien organisée,
08/05/2025 11:09,Zone Est,Agence de l'Horloge,Application mobile,2,5,Temps d'attente trop long au guichet,,
08/05/2025 12:32,Zone Est,Agence de l'Horloge,Guichet,4,5,Service rapide et efficace,Prise en charge rapide au guichet,
08/05/2025 12:56,Zone Centre,Agence du Parc,GAB,5,4,Conseiller à l'écoute du client,Agence propre et bien organisée,Proposer plus de services sur l'application mobile
08/05/2025 13:03,Zone Centre,Agence du Parc,Guichet,5,4,Service rapide et efficace,Très bonne orientation dès l'entrée,Réduire les frais de tenue de compte
08/05/2025 15:53,Zone Centre,Agence de la Gare,Conseiller clientèle,5,4,Personnel accueillant et souriant,,
08/05/2025 16:17,Zone Est,Agence de l'Horloge,Accueil,3,2,Guichet automatique souvent en panne,Temps d'attente trop long au guichet,Installer plus de sièges dans la salle d'attente
09/05/2025 08:40,Zone Nord,Agence des Palmiers,Conseiller clientèle,3,3,Agence propre et bien organisée,Agence propre et bien organisée,Mettre en place un système de tickets plus clair
09/05/2025 09:10,Zone Ouest,Agence du Phare,GAB,4,3,,Peu d'écoute face à ma réclamation,
09/05/2025 09:15,Zone Ouest,Agence du Phare,Conseiller clientèle,4,3,Très bonne orientation dès l'entrée,,
09/05/2025 09:42,Zone Centre,Agence du Parc,Guichet,5,4,,,Améliorer l'application mobile de la banque
09/05/2025 10:00,Zone Est,Agence du Stade,Guichet,4,3,,,Proposer plus de services sur l'application mobile
09/05/2025 10:08,Zone Nord,Agence des Palmiers,Guichet,3,4,,Service rapide et efficace,
09/05/2025 10:39,Zone Nord,Agence du Littoral,Conseiller clientèle,4,5,Très bonne orientation dès l'entrée,Très bonne orientation dès l'entrée,Former le personnel à l'accueil des clients
09/05/2025 11:03,Zone Est,Agence du Stade,Accueil,4,4,,Peu d'écoute face à ma réclamation,Mettre en place un système de tickets plus clair
09/05/2025 11:41,Zone Est,Agence des Acacias,Application mobile,5,4,Agence propre et bien organisée,Service rapide et efficace,
09/05/2025 12:24,Zone Nord,Agence des Dunes,Guichet,4,4,Très bonne orientation dès l'entrée,,
09/05/2025 12:53,Zone Nord,Agence du Littoral,Guichet,4,4,Agence propre et bien organisée,Conseiller à l'écoute du client,
09/05/2025 13:03,Zone Nord,Agence du Littoral,Accueil,4,4,Agence propre et bien organisée,Service rapide et efficace,
09/05/2025 16:12,Zone Ouest,Agence de la Corniche,Guichet,2,4,Horaires d'ouverture peu pratiques,Agence propre et bien organisée,Ouvrir l'agence le samedi matin
10/05/2025 08:38,Zone Nord,Agence du Littoral,GAB,4,4,Personnel accueillant et souriant,Très bonne orientation dès l'entrée,
10/05/2025 13:03,Zone Centre,Agence de la Gare,Application mobile,5,5,Service rapide et efficace,,Augmenter le personnel aux heures de pointe
10/05/2025 13:13,Zone Centre,Agence de la Gare,Guichet,4,4,Conseiller à l'écoute du client,Conseiller à l'écoute du client,Ouvrir l'agence le samedi matin
10/05/2025 14:16,Zone Ouest,Agence de la Corniche,Centre d'appels,3,5,,,
10/05/2025 15:14,Zone Sud,Agence de la Rivière,Accueil,3,5,,,
10/05/2025 15:18,Zone Nord,Agence des Palmiers,Guichet,5,4,Personnel accueillant et souriant,,
10/05/2025 15:19,Zone Ouest,Agence de la Corniche,Accueil,4,5,Agence propre et bien organisée,Service rapide et efficace,
10/05/2025 15:58,Zone Est,Agence du Stade,Centre d'appels,4,5,,Personnel accueillant et souriant,
12/05/2025 09:14,Zone Sud,Agence de la Rivière,Conseiller clientèle,4,4,Agence propre et bien organisée,Conseiller à l'écoute du client,
12/05/2025 09:43,Zone Centre,Agence du Parc,Conseiller clientèle,5,4,Temps d'attente trop long au guichet,,
12/05/2025 13:54,Zone Ouest,Agence du Phare,Guichet,4,5,,Très bonne orientation dès l'entrée,
12/05/2025 14:18,Zone Sud,Agence de la Rivière,Guichet,5,4,Agence propre et bien organisée,Agence propre et bien organisée,
12/05/2025 15:03,Zone Nord,Agence des Dunes,Conseiller clientèle,3,2,,File d'attente mal organisée,
12/05/2025 16:45,Zone Ouest,Agence de la Corniche,Centre d'appels,3,4,,,
12/05/2025 17:06,Zone Nord,Agence des Palmiers,Guichet,5,4,,Agence propre et bien organisée,Installer plus de sièges dans la salle d'attente
13/05/2025 09:19,Zone Est,Agence de l'Horloge,Guichet,5,3,,,Améliorer le temps d'attente en agence
13/05/2025 14:07,Zone Est,Agence du Stade,Conseiller clientèle,4,4,Service rapide et efficace,,Mettre en place un système de tickets plus clair
13/05/2025 15:59,Zone Sud,Agence de la Rivière,Conseiller clientèle,4,5,,Prise en charge rapide au guichet,Proposer plus de services sur l'application mobile
13/05/2025 16:02,Zone Est,Agence des Acacias,Application mobile,3,5,,Prise en charge rapide au guichet,
13/05/2025 16:29,Zone Centre,Agence du Parc,Guichet,5,4,Prise en charge rapide au guichet,,
13/05/2025 17:06,Zone Centre,Agence du Parc,Guichet,5,4,,Temps d'attente trop long au guichet,Installer plus de sièges dans la salle d'attente
14/05/2025 08:11,Zone Sud,Agence de la Rivière,Guichet,5,3,,,Augmenter le personnel aux heures de pointe
14/05/2025 09:25,Zone Sud,Agence de la Rivière,Application mobile,1,4,Temps d'attente trop long au guichet,Très bonne orientation dès l'entrée,Former le personnel à l'accueil des clients
14/05/2025 09:43,Zone Nord,Agence des Palmiers,Conseiller clientèle,4,5,,Personnel accueillant et souriant,
14/05/2025 12:22,Zone Ouest,Agence de la Corniche,Guichet,4,2,Conseiller à l'écoute du client,File d'attente mal organisée,Climatiser la salle d'attente de l'agence
14/05/2025 15:34,Zone Ouest,Agence de la Corniche,Centre d'appels,5,3,Très bonne orientation dès l'entrée,,
14/05/2025 17:11,Zone Centre,Agence du Parc,Guichet,4,4,Personnel accueillant et souriant,Très bonne orientation dès l'entrée,Former le personnel à l'accueil des clients
15/05/2025 09:41,Zone Est,Agence des Acacias,Conseiller clientèle,4,5,,Prise en charge rapide au guichet,Améliorer le temps d'attente en agence
15/05/2025 09:52,Zone Centre,Agence du Parc,Application mobile,4,4,Personnel accueillant et souriant,Conseiller à l'écoute du client,
15/05/2025 10:10,Zone Est,Agence du Stade,GAB,5,4,Prise en charge rapide au guichet,,Améliorer l'application mobile de la banque
15/05/2025 10:13,Zone Sud,Agence des Collines,Guichet,3,3,Temps d'attente trop long au guichet,,Réduire le temps d'attente au guichet
15/05/2025 14:08,Zone Nord,Agence des Dunes,Guichet,5,5,,Agence propre et bien organisée,
15/05/2025 15:27,Zone Est,Agence de l'Horloge,Accueil,5,5,Temps d'attente trop long au guichet,Personnel accueillant et souriant,Améliorer le temps d'attente en agence
15/05/2025 16:13,Zone Sud,Agence des Collines,Application mobile,2,4,,,Ouvrir l'agence le samedi matin
15/05/2025 16:40,Zone Est,Agence de l'Horloge,Centre d'appels,2,4,Guichet automatique souvent en panne,Agence propre et bien organisée,
15/05/2025 16:53,Zone Nord,Agence des Palmiers,Centre d'appels,3,5,,Service rapide et efficace,Proposer plus de services sur l'application mobile
16/05/2025 09:00,Zone Nord,Agence des Dunes,Conseiller clientèle,3,2,,Guichet automatique souvent en panne,Augmenter le personnel aux heures de pointe
16/05/2025 09:21,Zone Sud,Agence de la Rivière,Guichet,3,2,,Peu d'écoute face à ma réclamation,
16/05/2025 10:40,Zone Nord,Agence du Littoral,GAB,5,4,,,
16/05/2025 11:04,Zone Ouest,Agence de la Corniche,Conseiller clientèle,3,3,Manque de personnel aux heures de pointe,,
16/05/2025 11:31,Zone Centre,Agence de la Gare,Conseiller clientèle,5,4,Prise en charge rapide au guichet,Très bonne orientation dès l'entrée,Réduire le temps d'attente au guichet
16/05/2025 12:27,Zone Centre,Agence de la Gare,Conseiller clientèle,3,4,Peu d'écoute face à ma réclamation,Personnel accueillant et souriant,Ouvrir l'agence le samedi matin
16/05/2025 13:42,Zone Est,Agence du Stade,GAB,3,3,Très bonne orientation dès l'entrée,,Améliorer le temps d'attente en agence
16/05/2025 13:51,Zone Est,Agence de l'Horloge,Guichet,5,3,,,
16/05/2025 14:55,Zone Est,Agence de l'Horloge,GAB,5,4,Agence propre et bien organisée,Service rapide et efficace,Mettre en place un système de tickets plus clair
16/05/2025 15:30,Zone Centre,Agence de la Gare,Centre d'appels,4,3,,,Installer plus de sièges dans la salle d'attente
16/05/2025 15:43,Zone Nord,Agence des Dunes,Application mobile,3,3,,,
17/05/2025 08:34,Zone Nord,Agence des Palmiers,Conseiller clientèle,4,4,,Conseiller à l'écoute du client,
17/05/2025 08:46,Zone Nord,Agence des Dunes,Conseiller clientèle,4,3,Service rapide et efficace,Très bonne orientation dès l'entrée,
17/05/2025 10:29,Zone Est,Agence du Stade,Conseiller clientèle,4,5,Très bonne orientation dès l'entrée,Personnel accueillant et souriant,Augmenter le personnel aux heures de pointe
17/05/2025 11:47,Zone Ouest,Agence de la Corniche,Guichet,3,5,Peu d'écoute face à ma réclamation,,Améliorer le temps d'attente en agence
17/05/2025 16:12,Zone Centre,Agence du Parc,Application mobile,3,2,,Horaires d'ouverture peu pratiques,Améliorer le temps d'attente en agence
17/05/2025 17:54,Zone Nord,Agence du Littoral,Centre d'appels,4,4,,,
19/05/2025 08:46,Zone Nord,Agence des Dunes,Application mobile,3,3,,,
19/05/2025 08:52,Zone Est,Agence de l'Horloge,Conseiller clientèle,3,3,,,
19/05/2025 09:21,Zone Sud,Agence de la Rivière,Application mobile,4,3,,,Proposer plus de services sur l'application mobile
19/05/2025 11:13,Zone Centre,Agence du Parc,Centre d'appels,5,4,,Service rapide et efficace,Mettre en place un système de tickets plus clair
19/05/2025 13:30,Zone Sud,Agence des Collines,GAB,3,3,Conseiller à l'écoute du client,,Ouvrir l'agence le samedi matin
19/05/2025 16:34,Zone Centre,Agence de la Gare,Centre d'appels,5,4,,Service rapide et efficace,Augmenter le personnel aux heures de pointe
20/05/2025 09:40,Zone Est,Agence du Stade,Guichet,4,4,Conseiller à l'écoute du client,Très bonne orientation dès l'entrée,Mettre en place un système de tickets plus clair
20/05/2025 10:00,Zone Est,Agence de l'Horloge,Guichet,5,5,,Temps d'attente trop long au guichet,Ouvrir l'agence le samedi matin
20/05/2025 10:02,Zone Est,Agence du Stade,Application mobile,3,3,,,Réduire les frais de tenue de compte
20/05/2025 10:13,Zone Nord,Agence des Palmiers,Accueil,4,4,,Agence propre et bien organisée,Climatiser la salle d'attente de l'agence
20/05/2025 11:55,Zone Centre,Agence du Parc,Conseiller clientèle,5,4,,,
20/05/2025 13:54,Zone Centre,Agence du Parc,GAB,3,3,,File d'attente mal organisée,
21/05/2025 08:47,Zone Est,Agence de l'Horloge,Guichet,5,3,,Personnel accueillant et souriant,Mettre en place un système de tickets plus clair
21/05/2025 09:06,Zone Centre,Agence du Marché,GAB,4,4,,,Améliorer l'application mobile de la banque
21/05/2025 10:31,Zone Est,Agence des Acacias,Conseiller clientèle,4,5,Service rapide et efficace,Très bonne orientation dès l'entrée,
21/05/2025 11:12,Zone Centre,Agence de la Gare,Conseiller clientèle,5,3,Personnel accueillant et souriant,Guichet automatique souvent en panne,Installer plus de sièges dans la salle d'attente
21/05/2025 14:21,Zone Nord,Agence des Palmiers,GAB,4,5,,Conseiller à l'écoute du client,
21/05/2025 17:55,Zone Ouest,Agence de la Corniche,Conseiller clientèle,4,2,Agence propre et bien organisée,Manque de personnel aux heures de pointe,Réduire le temps d'attente au guichet
22/05/2025 08:15,Zone Sud,Agence des Collines,Accueil,4,4,Prise en charge rapide au guichet,,
22/05/2025 09:14,Zone Nord,Agence des Palmiers,Guichet,3,4,Manque de personnel aux heures de pointe,,Former le personnel à l'accueil des clients
22/05/2025 10:36,Zone Centre,Agence du Parc,Guichet,4,5,,Agence propre et bien organisée,Mettre en place un système de tickets plus clair
22/05/2025 11:18,Zone Sud,Agence des Collines,Centre d'appels,2,4,,,Mettre en place un système de tickets plus clair
22/05/2025 13:57,Zone Centre,Agence de la Gare,Conseiller clientèle,4,4,,,
22/05/2025 14:48,Zone Ouest,Agence de la Corniche,Accueil,5,5,Prise en charge rapide au guichet,Agence propre et bien organisée,
22/05/2025 15:25,Zone Centre,Agence du Marché,Application mobile,3,2,,File d'attente mal organisée,Augmenter le personnel aux heures de pointe
22/05/2025 15:27,Zone Centre,Agence du Parc,GAB,5,2,Conseiller à l'écoute du client,Guichet automatique souvent en panne,Réduire le temps d'attente au guichet
22/05/2025 15:38,Zone Est,Agence du Stade,Application mobile,3,4,,Très bonne orientation dès l'entrée,Améliorer l'application mobile de la banque
23/05/2025 09:07,Zone Nord,Agence des Palmiers,Conseiller clientèle,5,4,Personnel accueillant et souriant,,Réduire les frais de tenue de compte
23/05/2025 10:07,Zone Est,Agence des Acacias,GAB,5,5,,Agence propre et bien organisée,
23/05/2025 10:59,Zone Est,Agence du Stade,Application mobile,4,4,Agence propre et bien organisée,Personnel accueillant et souriant,Climatiser la salle d'attente de l'agence
23/05/2025 11:49,Zone Ouest,Agence du Phare,Accueil,2,5,Horaires d'ouverture peu pratiques,Personnel accueillant et souriant,
23/05/2025 12:09,Zone Est,Agence de l'Horloge,Guichet,3,5,,Prise en charge rapide au guichet,
23/05/2025 12:38,Zone Centre,Agence de la Gare,Application mobile,3,3,Temps d'attente trop long au guichet,,
23/05/2025 13:05,Zone Est,Agence des Acacias,GAB,4,4,Très bonne orientation dès l'entrée,,
23/05/2025 13:39,Zone Ouest,Agence du Phare,GAB,5,3,,,
23/05/2025 13:55,Zone Nord,Agence du Littoral,Accueil,5,5,,Personnel accueillant et souriant,
23/05/2025 15:35,Zone Est,Agence de l'Horloge,GAB,4,4,,Prise en charge rapide au guichet,
23/05/2025 16:33,Zone Est,Agence de l'Horloge,Conseiller clientèle,4,5,Conseiller à l'écoute du client,Guichet automatique souvent en panne,
23/05/2025 16:36,Zone Centre,Agence du Parc,GAB,5,4,,,Climatiser la salle d'attente de l'agence
24/05/2025 08:55,Zone Ouest,Agence du Phare,Guichet,4,4,,Prise en charge rapide au guichet,Mettre en place un système de tickets plus clair
24/05/2025 10:21,Zone Est,Agence des Acacias,Conseiller clientèle,5,3,,,
24/05/2025 11:36,Zone Nord,Agence du Littoral,Conseiller clientèle,5,5,Service rapide et efficace,Personnel accueillant et souriant,
24/05/2025 13:45,Zone Est,Agence de l'Horloge,Conseiller clientèle,4,4,Service rapide et efficace,Service rapide et efficace,Augmenter le personnel aux heures de pointe
24/05/2025 16:28,Zone Centre,Agence de la Gare,Accueil,3,5,Horaires d'ouverture peu pratiques,,
26/05/2025 08:42,Zone Ouest,Agence du Phare,Guichet,2,3,Personnel accueillant et souriant,,
26/05/2025 08:46,Zone Nord,Agence du Littoral,Guichet,5,3,Personnel accueillant et souriant,,Ouvrir l'agence le samedi matin
26/05/2025 08:59,Zone Est,Agence de l'Horloge,Guichet,5,3,Personnel accueillant et souriant,,
26/05/2025 09:39,Zone Centre,Agence de la Gare,Conseiller clientèle,3,5,Service rapide et efficace,Personnel accueillant et souriant,
26/05/2025 10:01,Zone Nord,Agence des Dunes,Application mobile,4,4,Très bonne orientation dès l'entrée,Personnel accueillant et souriant,Ouvrir l'agence le samedi matin
26/05/2025 10:08,Zone Centre,Agence du Parc,Conseiller clientèle,4,5,,Très bonne orientation dès l'entrée,Augmenter le personnel aux heures de pointe
26/05/2025 11:04,Zone Nord,Agence des Dunes,Accueil,3,3,,,
26/05/2025 11:26,Zone Est,Agence des Acacias,Conseiller clientèle,5,5,,Prise en charge rapide au guichet,Climatiser la salle d'attente de l'agence
26/05/2025 11:28,Zone Nord,Agence du Littoral,GAB,4,5,Service rapide et efficace,Agence propre et bien organisée,Ajouter un guichet automatique dans le quartier
26/05/2025 13:44,Zone Sud,Agence des Collines,Accueil,3,3,,,Réduire les frais de tenue de compte
26/05/2025 14:52,Zone Nord,Agence des Dunes,Conseiller clientèle,4,3,Conseiller à l'écoute du client,,Réduire le temps d'attente au guichet
26/05/2025 17:28,Zone Centre,Agence du Parc,Guichet,5,4,,Agence propre et bien organisée,Améliorer l'application mobile de la banque
26/05/2025 17:28,Zone Ouest,Agence de la Corniche,Centre d'appels,2,4,Guichet automatique souvent en panne,Conseiller à l'écoute du client,Mettre en place un système de tickets plus clair
27/05/2025 09:49,Zone Ouest,Agence du Phare,Guichet,3,2,Temps d'attente trop long au guichet,Guichet automatique souvent en panne,
27/05/2025 10:35,Zone Sud,Agence de la Rivière,GAB,3,5,Temps d'attente trop long au guichet,,
27/05/2025 10:42,Zone Centre,Agence du Marché,Guichet,5,3,Conseiller à l'écoute du client,Prise en charge rapide au guichet,Climatiser la salle d'attente de l'agence
27/05/2025 10:58,Zone Nord,Agence des Dunes,Conseiller clientèle,3,5,File d'attente mal organisée,,Ouvrir l'agence le samedi matin
27/05/2025 11:31,Zone Ouest,Agence de la Corniche,Guichet,3,3,,,Améliorer le temps d'attente en agence
27/05/2025 11:50,Zone Est,Agence du Stade,Centre d'appels,4,5,Agence propre et bien organisée,,Réduire les frais de tenue de compte
27/05/2025 11:55,Zone Ouest,Agence de la Corniche,Conseiller clientèle,4,3,Prise en charge rapide au guichet,,
27/05/2025 13:13,Zone Ouest,Agence de la Corniche,Application mobile,2,5,Manque de personnel aux heures de pointe,Très bonne orientation dès l'entrée,Ouvrir l'agence le samedi matin
27/05/2025 13:56,Zone Centre,Agence du Marché,Accueil,5,4,,Temps d'attente trop long au guichet,Former le personnel à l'accueil des clients
27/05/2025 14:33,Zone Est,Agence de l'Horloge,GAB,5,5,,Service rapide et efficace,
27/05/2025 17:30,Zone Centre,Agence de la Gare,Guichet,5,4,,Prise en charge rapide au guichet,Ouvrir l'agence le samedi matin
28/05/2025 11:22,Zone Centre,Agence du Parc,Guichet,4,2,,Guichet automatique souvent en panne,Réduire les frais de tenue de compte
28/05/2025 11:32,Zone Nord,Agence des Palmiers,Application mobile,4,4,Prise en charge rapide au guichet,Très bonne orientation dès l'entrée,Augmenter le personnel aux heures de pointe
28/05/2025 11:40,Zone Ouest,Agence du Phare,Application mobile,3,5,Manque de personnel aux heures de pointe,,
28/05/2025 14:55,Zone Centre,Agence de la Gare,GAB,4,5,Personnel accueillant et souriant,,Améliorer l'application mobile de la banque
28/05/2025 16:13,Zone Centre,Agence de la Gare,Guichet,2,3,File d'attente mal organisée,,
29/05/2025 08:05,Zone Est,Agence des Acacias,Conseiller clientèle,4,5,Prise en charge rapide au guichet,,Proposer plus de services sur l'application mobile
29/05/2025 11:30,Zone Nord,Agence du Littoral,Guichet,5,5,Personnel accueillant et souriant,,
29/05/2025 12:59,Zone Centre,Agence du Marché,Accueil,5,5,,Prise en charge rapide au guichet,Climatiser la salle d'attente de l'agence
29/05/2025 13:53,Zone Centre,Agence de la Gare,Guichet,4,5,Agence propre et bien organisée,Service rapide et efficace,
29/05/2025 14:39,Zone Nord,Agence des Dunes,GAB,4,5,,,Ajouter un guichet automatique dans le quartier
29/05/2025 15:06,Zone Est,Agence des Acacias,GAB,3,4,Très bonne orientation dès l'entrée,Conseiller à l'écoute du client,
29/05/2025 16:23,Zone Ouest,Agence du Phare,Guichet,4,3,,Manque de personnel aux heures de pointe,Mettre en place un système de tickets plus clair
30/05/2025 09:47,Zone Sud,Agence de la Rivière,Accueil,4,4,Conseiller à l'écoute du client,Agence propre et bien organisée,
30/05/2025 10:02,Zone Sud,Agence des Collines,Centre d'appels,4,2,,Peu d'écoute face à ma réclamation,
30/05/2025 10:38,Zone Est,Agence des Acacias,Application mobile,4,4,Agence propre et bien organisée,,Former le personnel à l'accueil des clients
30/05/2025 11:42,Zone Nord,Agence des Palmiers,Guichet,5,5,,Service rapide et efficace,
30/05/2025 11:54,Zone Centre,Agence du Parc,Guichet,4,5,Service rapide et efficace,,
30/05/2025 13:47,Zone Nord,Agence des Dunes,Guichet,4,5,,,
30/05/2025 14:58,Zone Centre,Agence du Parc,Accueil,4,5,,Conseiller à l'écoute du client,Proposer plus de services sur l'application mobile
30/05/2025 15:21,Zone Nord,Agence des Dunes,Guichet,5,5,Très bonne orientation dès l'entrée,Agence propre et bien organisée,
30/05/2025 16:36,Zone Est,Agence des Acacias,Application mobile,3,4,,Prise en charge rapide au guichet,Réduire les frais de tenue de compte
30/05/2025 16:54,Zone Nord,Agence des Dunes,Accueil,3,4,,Service rapide et efficace,Améliorer le temps d'attente en agence
31/05/2025 12:23,Zone Est,Agence de l'Horloge,Application mobile,5,3,Très bonne orientation dès l'entrée,,Proposer plus de services sur l'application mobile
31/05/2025 13:20,Zone Ouest,Agence de la Corniche,Guichet,3,2,Agence propre et bien organisée,Guichet automatique souvent en panne,
31/05/2025 13:24,Zone Ouest,Agence du Phare,Accueil,5,3,Conseiller à l'écoute du client,,
31/05/2025 14:34,Zone Nord,Agence des Palmiers,Conseiller clientèle,5,4,Personnel accueillant et souriant,Prise en charge rapide au guichet,Former le personnel à l'accueil des clients
31/05/2025 17:54,Zone Nord,Agence des Dunes,Centre d'appels,3,4,,Prise en charge rapide au guichet,Ajouter un guichet automatique dans le quartier
02/06/2025 09:03,Zone Est,Agence des Acacias,Accueil,5,5,Conseiller à l'écoute du client,Agence propre et bien organisée,Ajouter un guichet automatique dans le quartier
02/06/2025 09:45,Zone Sud,Agence de la Rivière,GAB,4,3,Très bonne orientation dès l'entrée,,
02/06/2025 09:45,Zone Centre,Agence de la Gare,Application mobile,4,5,Conseiller à l'écoute du client,Agence propre et bien organisée,
02/06/2025 10:06,Zone Est,Agence de l'Horloge,Centre d'appels,5,5,,,Climatiser la salle d'attente de l'agence
02/06/2025 10:09,Zone Est,Agence de l'Horloge,Accueil,4,5,,Personnel accueillant et souriant,
02/06/2025 10:28,Zone Nord,Agence du Littoral,Application mobile,3,5,Peu d'écoute face à ma réclamation,,
02/06/2025 10:34,Zone Est,Agence de l'Horloge,GAB,4,3,,,Améliorer l'application mobile de la banque
02/06/2025 10:45,Zone Centre,Agence du Parc,Application mobile,5,3,,,Mettre en place un système de tickets plus clair
02/06/2025 11:08,Zone Ouest,Agence de la Corniche,GAB,5,4,Prise en charge rapide au guichet,Prise en charge rapide au guichet,Mettre en place un système de tickets plus clair
02/06/2025 11:26,Zone Nord,Agence des Dunes,Accueil,5,4,Service rapide et efficace,Agence propre et bien organisée,Améliorer le temps d'attente en agence
02/06/2025 12:30,Zone Est,Agence du Stade,Application mobile,5,4,Service rapide et efficace,Agence propre et bien organisée,
02/06/2025 15:14,Zone Sud,Agence de la Rivière,Accueil,3,3,Horaires d'ouverture peu pratiques,,Installer plus de sièges dans la salle d'attente
02/06/2025 16:15,Zone Est,Agence du Stade,Guichet,3,4,,Personnel accueillant et souriant,
02/06/2025 16:40,Zone Nord,Agence du Littoral,Guichet,5,4,Agence propre et bien organisée,Prise en charge rapide au guichet,Ajouter un guichet automatique dans le quartier
03/06/2025 08:18,Zone Est,Agence du Stade,Guichet,4,3,Très bonne orientation dès l'entrée,,Réduire les frais de tenue de compte
03/06/2025 08:19,Zone Ouest,Agence de la Corniche,Accueil,4,3,,,Augmenter le personnel aux heures de pointe
03/06/2025 10:15,Zone Nord,Agence des Dunes,Centre d'appels,3,3,,,
03/06/2025 11:06,Zone Nord,Agence des Dunes,Application mobile,4,4,,Manque de personnel aux heures de pointe,
03/06/2025 11:14,Zone Nord,Agence du Littoral,Guichet,5,4,Agence propre et bien organisée,Service rapide et efficace,
03/06/2025 12:52,Zone Sud,Agence des Collines,Guichet,3,3,,,Améliorer le temps d'attente en agence
03/06/2025 13:22,Zone Est,Agence du Stade,Guichet,4,2,,File d'attente mal organisée,Proposer plus de services sur l'application mobile
03/06/2025 13:46,Zone Est,Agence des Acacias,GAB,5,5,,Personnel accueillant et souriant,
03/06/2025 14:17,Zone Est,Agence des Acacias,GAB,5,5,,Prise en charge rapide au guichet,Installer plus de sièges dans la salle d'attente
03/06/2025 14:50,Zone Ouest,Agence de la Corniche,GAB,2,4,File d'attente mal organisée,,
03/06/2025 15:47,Zone Est,Agence de l'Horloge,Conseiller clientèle,4,4,,Prise en charge rapide au guichet,Augmenter le personnel aux heures de pointe
03/06/2025 15:49,Zone Centre,Agence du Parc,GAB,5,4,Conseiller à l'écoute du client,Conseiller à l'écoute du client,Augmenter le personnel aux heures de pointe
03/06/2025 15:55,Zone Sud,Agence de la Rivière,Conseiller clientèle,3,1,,Prise en charge rapide au guichet,Améliorer l'application mobile de la banque
03/06/2025 17:40,Zone Est,Agence de l'Horloge,Conseiller clientèle,2,5,Manque de personnel aux heures de pointe,Personnel accueillant et souriant,Améliorer le temps d'attente en agence
04/06/2025 08:07,Zone Est,Agence du Stade,Guichet,3,4,Prise en charge rapide au guichet,Service rapide et efficace,
04/06/2025 08:26,Zone Nord,Agence du Littoral,GAB,5,5,,,Climatiser la salle d'attente de l'agence
04/06/2025 10:55,Zone Sud,Agence de la Rivière,Guichet,3,4,,,Améliorer l'application mobile de la banque
04/06/2025 11:42,Zone Est,Agence de l'Horloge,Guichet,5,4,,,
04/06/2025 13:57,Zone Nord,Agence du Littoral,Centre d'appels,4,5,Conseiller à l'écoute du client,Très bonne orientation dès l'entrée,Climatiser la salle d'attente de l'agence
04/06/2025 14:27,Zone Centre,Agence de la Gare,Guichet,5,5,,,
04/06/2025 15:24,Zone Sud,Agence des Collines,Guichet,3,5,,Très bonne orientation dès l'entrée,
04/06/2025 16:27,Zone Centre,Agence de la Gare,Conseiller clientèle,4,3,,,
04/06/2025 16:35,Zone Est,Agence des Acacias,Guichet,5,5,Temps d'attente trop long au guichet,Guichet automatique souvent en panne,Ouvrir l'agence le samedi matin
04/06/2025 16:55,Zone Sud,Agence des Collines,GAB,5,3,Guichet automatique souvent en panne,,Ouvrir l'agence le samedi matin
05/06/2025 11:35,Zone Nord,Agence des Dunes,Application mobile,4,5,Agence propre et bien organisée,,
05/06/2025 11:46,Zone Nord,Agence des Palmiers,Accueil,4,5,Personnel accueillant et souriant,Prise en charge rapide au guichet,Augmenter le personnel aux heures de pointe
05/06/2025 12:59,Zone Est,Agence de l'Horloge,Guichet,5,3,Conseiller à l'écoute du client,,Réduire le temps d'attente au guichet
05/06/2025 14:14,Zone Nord,Agence du Littoral,Centre d'appels,5,4,Agence propre et bien organisée,Très bonne orientation dès l'entrée,Climatiser la salle d'attente de l'agence
05/06/2025 14:35,Zone Centre,Agence de la Gare,Conseiller clientèle,5,4,Conseiller à l'écoute du client,Service rapide et efficace,
05/06/2025 16:16,Zone Centre,Agence de la Gare,Conseiller clientèle,5,5,Très bonne orientation dès l'entrée,Très bonne orientation dès l'entrée,Installer plus de sièges dans la salle d'attente
05/06/2025 16:21,Zone Est,Agence du Stade,Guichet,5,4,Service rapide et efficace,Agence propre et bien organisée,Améliorer l'application mobile de la banque
05/06/2025 17:09,Zone Sud,Agence de la Rivière,GAB,2,4,Peu d'écoute face à ma réclamation,Très bonne orientation dès l'entrée,Installer plus de sièges dans la salle d'attente
06/06/2025 09:11,Zone Est,Agence des Acacias,Conseiller clientèle,5,5,,,
06/06/2025 09:55,Zone Sud,Agence des Collines,GAB,5,4,,Personnel accueillant et souriant,Ajouter un guichet automatique dans le quartier
06/06/2025 10:48,Zone Nord,Agence du Littoral,Guichet,4,4,,,
06/06/2025 11:18,Zone Nord,Agence des Dunes,Guichet,4,3,Agence propre et bien organisée,,
06/06/2025 11:23,Zone Centre,Agence de la Gare,GAB,4,5,Service rapide et efficace,Prise en charge rapide au guichet,
07/06/2025 08:20,Zone Nord,Agence du Littoral,Guichet,4,4,Personnel accueillant et souriant,File d'attente mal organisée,Améliorer l'application mobile de la banque
07/06/2025 10:16,Zone Centre,Agence de la Gare,Centre d'appels,4,4,,,
07/06/2025 12:20,Zone Est,Agence des Acacias,Guichet,5,5,Conseiller à l'écoute du client,Très bonne orientation dès l'entrée,
07/06/2025 13:53,Zone Est,Agence du Stade,Accueil,3,5,,Très bonne orientation dès l'entrée,Ouvrir l'agence le samedi matin
07/06/2025 15:56,Zone Est,Agence de l'Horloge,Guichet,4,4,,,Ajouter un guichet automatique dans le quartier
09/06/2025 08:30,Zone Ouest,Agence de la Corniche,Conseiller clientèle,5,4,Personnel accueillant et souriant,Conseiller à l'écoute du client,Mettre en place un système de tickets plus clair
09/06/2025 09:15,Zone Centre,Agence du Marché,GAB,5,5,Prise en charge rapide au guichet,,Proposer plus de services sur l'application mobile
09/06/2025 11:18,Zone Centre,Agence du Parc,Conseiller clientèle,3,3,,,Mettre en place un système de tickets plus clair
09/06/2025 15:09,Zone Est,Agence des Acacias,Guichet,4,5,Prise en charge rapide au guichet,Personnel accueillant et souriant,Proposer plus de services sur l'application mobile
09/06/2025 15:35,Zone Centre,Agence du Parc,Conseiller clientèle,5,5,Agence propre et bien organisée,Personnel accueillant et souriant,Mettre en place un système de tickets plus clair
09/06/2025 17:22,Zone Nord,Agence des Dunes,Accueil,4,1,Agence propre et bien organisée,Peu d'écoute face à ma réclamation,Ajouter un guichet automatique dans le quartier
10/06/2025 08:04,Zone Est,Agence de l'Horloge,Accueil,5,5,Prise en charge rapide au guichet,,
10/06/2025 08:48,Zone Ouest,Agence de la Corniche,Conseiller clientèle,4,2,Prise en charge rapide au guichet,Manque de personnel aux heures de pointe,Réduire les frais de tenue de compte
10/06/2025 08:50,Zone Nord,Agence du Littoral,GAB,4,4,Prise en charge rapide au guichet,Service rapide et efficace,Mettre en place un système de tickets plus clair
10/06/2025 09:09,Zone Sud,Agence de la Rivière,Accueil,3,3,,,Ajouter un guichet automatique dans le quartier
10/06/2025 09:20,Zone Est,Agence des Acacias,GAB,3,3,,,Améliorer l'application mobile de la banque
10/06/2025 09:39,Zone Centre,Agence de la Gare,Application mobile,4,3,Service rapide et efficace,,
10/06/2025 10:04,Zone Est,Agence de l'Horloge,Application mobile,5,4,Service rapide et efficace,Service rapide et efficace,
10/06/2025 10:47,Zone Est,Agence de l'Horloge,Conseiller clientèle,4,4,Personnel accueillant et souriant,,
10/06/2025 11:11,Zone Centre,Agence du Marché,Conseiller clientèle,3,4,,,Réduire le temps d'attente au guichet
10/06/2025 11:38,Zone Nord,Agence du Littoral,GAB,4,5,Agence propre et bien organisée,Conseiller à l'écoute du client,Mettre en place un système de tickets plus clair
10/06/2025 11:50,Zone Est,Agence du Stade,Application mobile,4,5,Très bonne orientation dès l'entrée,Conseiller à l'écoute du client,
10/06/2025 11:54,Zone Nord,Agence des Palmiers,Guichet,4,3,Très bonne orientation dès l'entrée,,Améliorer l'application mobile de la banque
10/06/2025 13:25,Zone Sud,Agence de la Rivière,GAB,2,3,Guichet automatique souvent en panne,,Installer plus de sièges dans la salle d'attente
10/06/2025 13:54,Zone Est,Agence de l'Horloge,Conseiller clientèle,4,5,,Agence propre et bien organisée,Améliorer le temps d'attente en agence
10/06/2025 14:18,Zone Ouest,Agence du Phare,Conseiller clientèle,2,4,File d'attente mal organisée,Service rapide et efficace,Ajouter un guichet automatique dans le quartier
10/06/2025 14:34,Zone Sud,Agence des Collines,Guichet,4,4,Personnel accueillant et souriant,Personnel accueillant et souriant,Climatiser la salle d'attente de l'agence
10/06/2025 15:37,Zone Sud,Agence de la Rivière,Accueil,4,5,,Agence propre et bien organisée,Réduire le temps d'attente au guichet
10/06/2025 16:52,Zone Nord,Agence des Dunes,GAB,4,3,Prise en charge rapide au guichet,Manque de personnel aux heures de pointe,
11/06/2025 10:50,Zone Nord,Agence du Littoral,Application mobile,5,5,Agence propre et bien organisée,Personnel accueillant et souriant,Installer plus de sièges dans la salle d'attente
11/06/2025 10:56,Zone Sud,Agence des Collines,Guichet,3,3,Conseiller à l'écoute du client,,
11/06/2025 11:29,Zone Est,Agence du Stade,Centre d'appels,4,5,Service rapide et efficace,Personnel accueillant et souriant,
11/06/2025 11:39,Zone Nord,Agence du Littoral,Accueil,4,5,Agence propre et bien organisée,Horaires d'ouverture peu pratiques,
12/06/2025 09:03,Zone Centre,Agence du Parc,Guichet,4,4,Prise en charge rapide au guichet,Conseiller à l'écoute du client,Ouvrir l'agence le samedi matin
12/06/2025 09:27,Zone Centre,Agence du Parc,Guichet,5,5,Personnel accueillant et souriant,,Climatiser la salle d'attente de l'agence
12/06/2025 10:39,Zone Nord,Agence du Littoral,Accueil,4,2,Service rapide et efficace,Manque de personnel aux heures de pointe,
12/06/2025 10:52,Zone Ouest,Agence du Phare,GAB,5,4,,Agence propre et bien organisée,
12/06/2025 11:24,Zone Centre,Agence du Marché,Conseiller clientèle,4,4,,Personnel accueillant et souriant,Installer plus de sièges dans la salle d'attente
12/06/2025 11:29,Zone Centre,Agence du Parc,Accueil,5,5,Personnel accueillant et souriant,Prise en charge rapide au guichet,
12/06/2025 11:43,Zone Ouest,Agence du Phare,Conseiller clientèle,3,4,,,
12/06/2025 15:54,Zone Est,Agence du Stade,Accueil,4,1,,File d'attente mal organisée,Former le personnel à l'accueil des clients
12/06/2025 16:30,Zone Est,Agence de l'Horloge,Conseiller clientèle,4,3,,Service rapide et efficace,
13/06/2025 09:33,Zone Nord,Agence des Palmiers,Guichet,5,4,Agence propre et bien organisée,Agence propre et bien organisée,Installer plus de sièges dans la salle d'attente
13/06/2025 10:28,Zone Nord,Agence du Littoral,GAB,4,5,Manque de personnel aux heures de pointe,,Mettre en place un système de tickets plus clair
13/06/2025 13:35,Zone Centre,Agence du Parc,Guichet,5,5,,Horaires d'ouverture peu pratiques,Ouvrir l'agence le samedi matin
13/06/2025 13:40,Zone Nord,Agence des Dunes,Centre d'appels,5,4,,Agence propre et bien organisée,Améliorer le temps d'attente en agence
13/06/2025 15:08,Zone Centre,Agence de la Gare,Guichet,4,4,,Manque de personnel aux heures de pointe,Proposer plus de services sur l'application mobile
13/06/2025 15:56,Zone Centre,Agence de la Gare,Guichet,4,3,Agence propre et bien organisée,,Ouvrir l'agence le samedi matin
13/06/2025 16:17,Zone Sud,Agence de la Rivière,Conseiller clientèle,4,3,Prise en charge rapide au guichet,,Mettre en place un système de tickets plus clair
13/06/2025 16:19,Zone Ouest,Agence de la Corniche,Conseiller clientèle,4,4,Conseiller à l'écoute du client,Agence propre et bien organisée,
13/06/2025 17:04,Zone Ouest,Agence du Phare,Application mobile,4,4,Agence propre et bien organisée,Conseiller à l'écoute du client,
14/06/2025 16:19,Zone Centre,Agence du Marché,Guichet,3,3,,,Augmenter le personnel aux heures de pointe
16/06/2025 08:13,Zone Nord,Agence des Dunes,Guichet,4,2,Conseiller à l'écoute du client,File d'attente mal organisée,Installer plus de sièges dans la salle d'attente
16/06/2025 08:24,Zone Est,Agence des Acacias,GAB,5,5,Service rapide et efficace,Service rapide et efficace,
16/06/2025 09:05,Zone Nord,Agence des Palmiers,GAB,4,3,Prise en charge rapide au guichet,,Mettre en place un système de tickets plus clair
16/06/2025 10:11,Zone Centre,Agence de la Gare,Guichet,3,5,,Très bonne orientation dès l'entrée,
16/06/2025 10:30,Zone Est,Agence de l'Horloge,Application mobile,3,4,,Personnel accueillant et souriant,Proposer plus de services sur l'application mobile
16/06/2025 10:34,Zone Centre,Agence du Parc,Application mobile,4,3,Conseiller à l'écoute du client,Agence propre et bien organisée,Réduire le temps d'attente au guichet
16/06/2025 10:35,Zone Ouest,Agence du Phare,GAB,2,3,File d'attente mal organisée,,Installer plus de sièges dans la salle d'attente
16/06/2025 11:12,Zone Centre,Agence du Marché,Application mobile,4,5,,Conseiller à l'écoute du client,Mettre en place un système de tickets plus clair
16/06/2025 11:15,Zone Nord,Agence des Palmiers,Accueil,4,3,Agence propre et bien organisée,,Augmenter le personnel aux heures de pointe
16/06/2025 12:58,Zone Sud,Agence de la Rivière,GAB,4,2,Temps d'attente trop long au guichet,Horaires d'ouverture peu pratiques,Augmenter le personnel aux heures de pointe
16/06/2025 13:50,Zone Sud,Agence de la Rivière,Application mobile,4,5,,Agence propre et bien organisée,Installer plus de sièges dans la salle d'attente
16/06/2025 15:38,Zone Nord,Agence du Littoral,Conseiller clientèle,5,4,Conseiller à l'écoute du client,Service rapide et efficace,Augmenter le personnel aux heures de pointe
16/06/2025 15:39,Zone Ouest,Agence du Phare,Conseiller clientèle,4,4,Prise en charge rapide au guichet,,
16/06/2025 15:59,Zone Centre,Agence du Parc,Guichet,5,3,,Conseiller à l'écoute du client,Améliorer l'application mobile de la banque
17/06/2025 08:37,Zone Est,Agence des Acacias,Guichet,5,5,Peu d'écoute face à ma réclamation,Agence propre et bien organisée,Ouvrir l'agence le samedi matin
17/06/2025 09:24,Zone Nord,Agence du Littoral,Conseiller clientèle,5,5,Prise en charge rapide au guichet,Conseiller à l'écoute du client,Mettre en place un système de tickets plus clair
17/06/2025 09:52,Zone Sud,Agence de la Rivière,Guichet,2,3,Horaires d'ouverture peu pratiques,,Améliorer l'application mobile de la banque
17/06/2025 09:54,Zone Est,Agence des Acacias,Conseiller clientèle,4,5,Très bonne orientation dès l'entrée,Conseiller à l'écoute du client,
17/06/2025 10:49,Zone Ouest,Agence du Phare,GAB,4,4,Horaires d'ouverture peu pratiques,Conseiller à l'écoute du client,Améliorer l'application mobile de la banque
17/06/2025 13:02,Zone Centre,Agence du Parc,GAB,3,3,,,Réduire le temps d'attente au guichet
17/06/2025 13:49,Zone Ouest,Agence de la Corniche,Guichet,4,5,Conseiller à l'écoute du client,Agence propre et bien organisée,Installer plus de sièges dans la salle d'attente
17/06/2025 14:25,Zone Est,Agence du Stade,Guichet,4,2,,Temps d'attente trop long au guichet,Former le personnel à l'accueil des clients
17/06/2025 14:43,Zone Sud,Agence des Collines,Guichet,3,3,,,Réduire le temps d'attente au guichet
17/06/2025 14:55,Zone Sud,Agence de la Rivière,Guichet,5,4,Prise en charge rapide au guichet,Manque de personnel aux heures de pointe,
18/06/2025 08:04,Zone Est,Agence du Stade,Guichet,4,4,,,Mettre en place un système de tickets plus clair
18/06/2025 08:09,Zone Ouest,Agence de la Corniche,GAB,5,5,Très bonne orientation dès l'entrée,Personnel accueillant et souriant,Installer plus de sièges dans la salle d'attente
18/06/2025 11:33,Zone Nord,Agence des Palmiers,Guichet,5,3,Conseiller à l'écoute du client,,Ouvrir l'agence le samedi matin
18/06/2025 11:59,Zone Ouest,Agence de la Corniche,Conseiller clientèle,5,3,,,Augmenter le personnel aux heures de pointe
18/06/2025 15:14,Zone Centre,Agence du Parc,Centre d'appels,5,5,,,Améliorer le temps d'attente en agence
18/06/2025 16:37,Zone Nord,Agence des Palmiers,Conseiller clientèle,5,5,Personnel accueillant et souriant,,
18/06/2025 17:43,Zone Est,Agence des Acacias,GAB,5,5,Très bonne orientation dès l'entrée,Prise en charge rapide au guichet,Augmenter le personnel aux heures de pointe
19/06/2025 08:41,Zone Sud,Agence des Collines,Accueil,4,3,Conseiller à l'écoute du client,,
19/06/2025 10:23,Zone Nord,Agence des Dunes,Guichet,4,3,Très bonne orientation dès l'entrée,,Augmenter le personnel aux heures de pointe
19/06/2025 11:03,Zone Est,Agence des Acacias,Centre d'appels,5,4,Service rapide et efficace,Conseiller à l'écoute du client,Réduire le temps d'attente au guichet
19/06/2025 11:19,Zone Centre,Agence du Marché,Accueil,4,3,,,Augmenter le personnel aux heures de pointe
19/06/2025 12:38,Zone Ouest,Agence de la Corniche,Accueil,3,4,,Service rapide et efficace,Proposer plus de services sur l'application mobile
19/06/2025 15:49,Zone Centre,Agence de la Gare,Guichet,4,4,Personnel accueillant et souriant,Personnel accueillant et souriant,Réduire les frais de tenue de compte
19/06/2025 16:23,Zone Centre,Agence du Marché,Guichet,4,5,Peu d'écoute face à ma réclamation,,
19/06/2025 16:28,Zone Nord,Agence des Palmiers,Guichet,3,5,,,
19/06/2025 16:57,Zone Centre,Agence du Parc,Application mobile,4,4,Service rapide et efficace,Prise en charge rapide au guichet,Améliorer l'application mobile de la banque
19/06/2025 17:18,Zone Est,Agence de l'Horloge,Conseiller clientèle,5,5,Service rapide et efficace,Conseiller à l'écoute du client,
20/06/2025 10:09,Zone Sud,Agence des Collines,Guichet,2,4,Horaires d'ouverture peu pratiques,File d'attente mal organisée,Améliorer l'application mobile de la banque
20/06/2025 10:16,Zone Centre,Agence de la Gare,GAB,4,5,Très bonne orientation dès l'entrée,,
20/06/2025 10:37,Zone Sud,Agence des Collines,Conseiller clientèle,2,5,Temps d'attente trop long au guichet,,Réduire les frais de tenue de compte
20/06/2025 10:42,Zone Sud,Agence de la Rivière,Guichet,4,4,Agence propre et bien organisée,Temps d'attente trop long au guichet,Ajouter un guichet automatique dans le quartier
20/06/2025 10:43,Zone Centre,Agence de la Gare,Accueil,5,5,Manque de personnel aux heures de pointe,Agence propre et bien organisée,Installer plus de sièges dans la salle d'attente
20/06/2025 11:14,Zone Sud,Agence des Collines,Guichet,4,3,,,Augmenter le personnel aux heures de pointe
20/06/2025 14:32,Zone Centre,Agence du Marché,Conseiller clientèle,4,5,,Très bonne orientation dès l'entrée,Réduire le temps d'attente au guichet
20/06/2025 14:48,Zone Est,Agence des Acacias,Conseiller clientèle,4,5,,Personnel accueillant et souriant,Réduire les frais de tenue de compte
21/06/2025 12:24,Zone Nord,Agence des Dunes,Accueil,4,5,Prise en charge rapide au guichet,Conseiller à l'écoute du client,Réduire les frais de tenue de compte
21/06/2025 14:29,Zone Centre,Agence de la Gare,Accueil,3,5,Manque de personnel aux heures de pointe,Agence propre et bien organisée,
21/06/2025 15:09,Zone Est,Agence de l'Horloge,GAB,5,3,Prise en charge rapide au guichet,,Proposer plus de services sur l'application mobile
23/06/2025 08:38,Zone Sud,Agence de la Rivière,Conseiller clientèle,4,4,,,Climatiser la salle d'attente de l'agence
23/06/2025 09:09,Zone Centre,Agence de la Gare,Guichet,5,4,Très bonne orientation dès l'entrée,,
23/06/2025 09:12,Zone Nord,Agence du Littoral,Application mobile,5,5,Service rapide et efficace,,
23/06/2025 09:41,Zone Sud,Agence des Collines,Conseiller clientèle,3,3,,,
23/06/2025 10:54,Zone Sud,Agence de la Rivière,Application mobile,4,4,,Prise en charge rapide au guichet,Ouvrir l'agence le samedi matin
23/06/2025 11:02,Zone Ouest,Agence de la Corniche,Guichet,3,3,,,
23/06/2025 11:49,Zone Centre,Agence de la Gare,Application mobile,4,3,,Temps d'attente trop long au guichet,
23/06/2025 14:29,Zone Sud,Agence des Collines,Guichet,4,4,Conseiller à l'écoute du client,,Réduire les frais de tenue de compte
23/06/2025 16:00,Zone Est,Agence des Acacias,Guichet,3,5,,,Proposer plus de services sur l'application mobile
23/06/2025 16:28,Zone Est,Agence de l'Horloge,Centre d'appels,4,3,Personnel accueillant et souriant,Service rapide et efficace,
24/06/2025 09:16,Zone Ouest,Agence du Phare,Accueil,4,4,Conseiller à l'écoute du client,Conseiller à l'écoute du client,Augmenter le personnel aux heures de pointe
24/06/2025 09:17,Zone Sud,Agence de la Rivière,GAB,4,3,Conseiller à l'écoute du client,,
24/06/2025 10:17,Zone Centre,Agence du Parc,GAB,3,4,,Conseiller à l'écoute du client,Installer plus de sièges dans la salle d'attente
24/06/2025 10:26,Zone Est,Agence du Stade,Conseiller clientèle,3,4,,Peu d'écoute face à ma réclamation,Installer plus de sièges dans la salle d'attente
24/06/2025 13:58,Zone Centre,Agence du Parc,Guichet,5,4,,Agence propre et bien organisée,Proposer plus de services sur l'application mobile
24/06/2025 15:22,Zone Sud,Agence de la Rivière,GAB,3,4,Peu d'écoute face à ma réclamation,Agence propre et bien organisée,Former le personnel à l'accueil des clients
24/06/2025 16:26,Zone Sud,Agence de la Rivière,GAB,4,4,Service rapide et efficace,,Augmenter le personnel aux heures de pointe
25/06/2025 09:59,Zone Centre,Agence du Parc,GAB,5,4,,Conseiller à l'écoute du client,
25/06/2025 11:43,Zone Nord,Agence du Littoral,Guichet,4,3,,,Former le personnel à l'accueil des clients
25/06/2025 11:44,Zone Nord,Agence des Palmiers,Guichet,3,5,,Prise en charge rapide au guichet,Mettre en place un système de tickets plus clair
25/06/2025 13:48,Zone Sud,Agence des Collines,Guichet,3,4,,,
25/06/2025 15:31,Zone Est,Agence des Acacias,Accueil,5,5,,Conseiller à l'écoute du client,Mettre en place un système de tickets plus clair
25/06/2025 16:29,Zone Nord,Agence des Dunes,Conseiller clientèle,4,4,,Conseiller à l'écoute du client,Installer plus de sièges dans la salle d'attente
25/06/2025 16:33,Zone Sud,Agence des Collines,Centre d'appels,3,4,,,
25/06/2025 17:51,Zone Nord,Agence du Littoral,Accueil,4,4,Service rapide et efficace,File d'attente mal organisée,Former le personnel à l'accueil des clients
26/06/2025 08:16,Zone Sud,Agence de la Rivière,Application mobile,5,3,,,
26/06/2025 10:35,Zone Ouest,Agence du Phare,Conseiller clientèle,4,3,Agence propre et bien organisée,,Climatiser la salle d'attente de l'agence
26/06/2025 10:46,Zone Sud,Agence de la Rivière,Guichet,3,4,,,Installer plus de sièges dans la salle d'attente
26/06/2025 11:26,Zone Sud,Agence des Collines,Conseiller clientèle,3,2,,Horaires d'ouverture peu pratiques,
26/06/2025 14:45,Zone Sud,Agence de la Rivière,Conseiller clientèle,5,3,Service rapide et efficace,,
26/06/2025 16:16,Zone Sud,Agence de la Rivière,Conseiller clientèle,4,4,,Personnel accueillant et souriant,Améliorer l'application mobile de la banque
27/06/2025 08:59,Zone Est,Agence des Acacias,Centre d'appels,5,3,,Guichet automatique souvent en panne,Réduire le temps d'attente au guichet
27/06/2025 09:55,Zone Est,Agence des Acacias,Accueil,5,4,,Conseiller à l'écoute du client,Augmenter le personnel aux heures de pointe
27/06/2025 10:42,Zone Sud,Agence des Collines,Guichet,3,3,,,
27/06/2025 13:00,Zone Centre,Agence du Marché,Accueil,5,5,,Conseiller à l'écoute du client,Augmenter le personnel aux heures de pointe
27/06/2025 13:16,Zone Sud,Agence de la Rivière,Application mobile,5,5,Personnel accueillant et souriant,,
27/06/2025 15:57,Zone Sud,Agence des Collines,GAB,2,3,Guichet automatique souvent en panne,Peu d'écoute face à ma réclamation,
27/06/2025 17:42,Zone Est,Agence de l'Horloge,Centre d'appels,3,5,,,
27/06/2025 17:56,Zone Est,Agence des Acacias,GAB,4,5,Prise en charge rapide au guichet,Conseiller à l'écoute du client,Climatiser la salle d'attente de l'agence
28/06/2025 08:03,Zone Centre,Agence de la Gare,GAB,4,4,,Guichet automatique souvent en panne,Améliorer le temps d'attente en agence
28/06/2025 09:49,Zone Est,Agence des Acacias,Application mobile,4,5,,,Proposer plus de services sur l'application mobile
28/06/2025 10:36,Zone Nord,Agence du Littoral,Application mobile,5,5,Prise en charge rapide au guichet,,
28/06/2025 11:54,Zone Ouest,Agence du Phare,Accueil,5,3,Très bonne orientation dès l'entrée,Temps d'attente trop long au guichet,Former le personnel à l'accueil des clients
28/06/2025 15:03,Zone Nord,Agence des Palmiers,Accueil,5,4,Très bonne orientation dès l'entrée,,Proposer plus de services sur l'application mobile
28/06/2025 16:55,Zone Nord,Agence du Littoral,Centre d'appels,5,5,Service rapide et efficace,,Former le personnel à l'accueil des clients
30/06/2025 09:50,Zone Centre,Agence du Parc,Application mobile,4,4,Personnel accueillant et souriant,,Améliorer l'application mobile de la banque
30/06/2025 09:55,Zone Est,Agence du Stade,Application mobile,5,4,,Agence propre et bien organisée,Mettre en place un système de tickets plus clair
30/06/2025 13:15,Zone Est,Agence de l'Horloge,Conseiller clientèle,5,3,Conseiller à l'écoute du client,,
30/06/2025 16:00,Zone Est,Agence des Acacias,GAB,5,5,Prise en charge rapide au guichet,Peu d'écoute face à ma réclamation,
30/06/2025 16:14,Zone Est,Agence du Stade,Application mobile,3,3,,,
30/06/2025 17:28,Zone Centre,Agence du Parc,Conseiller clientèle,4,4,Très bonne orientation dès l'entrée,,Mettre en place un système de tickets plus clair
01/07/2025 09:55,Zone Centre,Agence de la Gare,Conseiller clientèle,4,4,,Agence propre et bien organisée,
01/07/2025 09:59,Zone Est,Agence des Acacias,Conseiller clientèle,5,4,,Conseiller à l'écoute du client,Climatiser la salle d'attente de l'agence
01/07/2025 10:02,Zone Ouest,Agence de la Corniche,Guichet,5,3,,,
01/07/2025 10:17,Zone Ouest,Agence du Phare,Accueil,3,5,,Très bonne orientation dès l'entrée,
01/07/2025 11:37,Zone Ouest,Agence du Phare,Guichet,2,3,Manque de personnel aux heures de pointe,Prise en charge rapide au guichet,Réduire le temps d'attente au guichet
01/07/2025 15:02,Zone Sud,Agence des Collines,Guichet,3,3,,Manque de personnel aux heures de pointe,Réduire le temps d'attente au guichet
01/07/2025 15:12,Zone Ouest,Agence de la Corniche,Guichet,4,4,Prise en charge rapide au guichet,,Améliorer l'application mobile de la banque
02/07/2025 08:52,Zone Est,Agence de l'Horloge,Guichet,2,4,,Conseiller à l'écoute du client,Ouvrir l'agence le samedi matin
02/07/2025 09:16,Zone Centre,Agence de la Gare,Conseiller clientèle,5,3,Horaires d'ouverture peu pratiques,Peu d'écoute face à ma réclamation,Augmenter le personnel aux heures de pointe
02/07/2025 10:11,Zone Centre,Agence du Parc,Conseiller clientèle,3,2,,Peu d'écoute face à ma réclamation,
02/07/2025 10:22,Zone Ouest,Agence de la Corniche,Conseiller clientèle,2,4,Horaires d'ouverture peu pratiques,Conseiller à l'écoute du client,
02/07/2025 10:49,Zone Nord,Agence des Dunes,Guichet,3,3,,Prise en charge rapide au guichet,
02/07/2025 11:52,Zone Centre,Agence de la Gare,Application mobile,4,5,Prise en charge rapide au guichet,,
02/07/2025 12:17,Zone Est,Agence de l'Horloge,Accueil,4,3,Personnel accueillant et souriant,,Former le personnel à l'accueil des clients
02/07/2025 13:01,Zone Centre,Agence de la Gare,Guichet,4,3,Agence propre et bien organisée,Service rapide et efficace,Réduire le temps d'attente au guichet
02/07/2025 14:13,Zone Sud,Agence de la Rivière,Application mobile,4,4,Agence propre et bien organisée,,Climatiser la salle d'attente de l'agence
02/07/2025 14:57,Zone Ouest,Agence de la Corniche,Guichet,3,3,,,
02/07/2025 15:58,Zone Est,Agence de l'Horloge,Guichet,5,5,Service rapide et efficace,Conseiller à l'écoute du client,Proposer plus de services sur l'application mobile
02/07/2025 16:53,Zone Ouest,Agence de la Corniche,Guichet,4,4,Personnel accueillant et souriant,,Climatiser la salle d'attente de l'agence
03/07/2025 08:32,Zone Est,Agence du Stade,GAB,5,3,Conseiller à l'écoute du client,,Ajouter un guichet automatique dans le quartier
03/07/2025 08:53,Zone Nord,Agence des Palmiers,Guichet,5,4,Prise en charge rapide au guichet,,Améliorer le temps d'attente en agence
03/07/2025 09:36,Zone Sud,Agence des Collines,Accueil,3,5,,Conseiller à l'écoute du client,Ouvrir l'agence le samedi matin
03/07/2025 09:56,Zone Est,Agence de l'Horloge,Guichet,4,4,Personnel accueillant et souriant,Guichet automatique souvent en panne,Améliorer l'application mobile de la banque
03/07/2025 10:15,Zone Ouest,Agence de la Corniche,Application mobile,4,3,File d'attente mal organisée,,
03/07/2025 10:25,Zone Ouest,Agence du Phare,Guichet,4,4,File d'attente mal organisée,Prise en charge rapide au guichet,Mettre en place un système de tickets plus clair
03/07/2025 10:40,Zone Est,Agence de l'Horloge,Guichet,4,5,Très bonne orientation dès l'entrée,Agence propre et bien organisée,Former le personnel à l'accueil des clients
03/07/2025 11:40,Zone Sud,Agence de la Rivière,Conseiller clientèle,3,3,,,Mettre en place un système de tickets plus clair
03/07/2025 14:42,Zone Nord,Agence des Dunes,Accueil,4,3,Guichet automatique souvent en panne,Peu d'écoute face à ma réclamation,Améliorer l'application mobile de la banque
03/07/2025 15:15,Zone Ouest,Agence de la Corniche,GAB,4,4,,Service rapide et efficace,
03/07/2025 16:01,Zone Ouest,Agence du Phare,Accueil,5,3,Très bonne orientation dès l'entrée,Prise en charge rapide au guichet,Ajouter un guichet automatique dans le quartier
03/07/2025 16:53,Zone Est,Agence des Acacias,Conseiller clientèle,5,4,Prise en charge rapide au guichet,Agence propre et bien organisée,
03/07/2025 17:33,Zone Centre,Agence du Parc,Conseiller clientèle,3,5,,Très bonne orientation dès l'entrée,Améliorer le temps d'attente en agence
04/07/2025 08:39,Zone Sud,Agence de la Rivière,Conseiller clientèle,5,4,Service rapide et efficace,Personnel accueillant et souriant,Installer plus de sièges dans la salle d'attente
04/07/2025 09:20,Zone Nord,Agence des Palmiers,Guichet,4,3,Très bonne orientation dès l'entrée,Peu d'écoute face à ma réclamation,Réduire le temps d'attente au guichet
04/07/2025 09:44,Zone Nord,Agence des Palmiers,Conseiller clientèle,5,5,Service rapide et efficace,,
04/07/2025 10:22,Zone Nord,Agence des Palmiers,Guichet,3,4,,,
04/07/2025 10:58,Zone Nord,Agence des Dunes,GAB,4,5,Horaires d'ouverture peu pratiques,,Augmenter le personnel aux heures de pointe
04/07/2025 11:09,Zone Est,Agence des Acacias,GAB,4,5,,Service rapide et efficace,Ajouter un guichet automatique dans le quartier
04/07/2025 11:32,Zone Centre,Agence de la Gare,Conseiller clientèle,3,4,,Très bonne orientation dès l'entrée,Ajouter un guichet automatique dans le quartier
04/07/2025 11:33,Zone Ouest,Agence du Phare,Application mobile,4,4,Service rapide et efficace,Personnel accueillant et souriant,Climatiser la salle d'attente de l'agence
04/07/2025 13:28,Zone Centre,Agence du Parc,Centre d'appels,4,5,Manque de personnel aux heures de pointe,Agence propre et bien organisée,
04/07/2025 14:35,Zone Est,Agence des Acacias,Application mobile,5,5,Prise en charge rapide au guichet,,Augmenter le personnel aux heures de pointe
04/07/2025 16:00,Zone Ouest,Agence de la Corniche,Accueil,4,4,Très bonne orientation dès l'entrée,Prise en charge rapide au guichet,
04/07/2025 16:43,Zone Est,Agence de l'Horloge,Guichet,4,5,,,
05/07/2025 08:15,Zone Ouest,Agence de la Corniche,Conseiller clientèle,4,5,Prise en charge rapide au guichet,Personnel accueillant et souriant,
05/07/2025 11:33,Zone Ouest,Agence de la Corniche,Application mobile,4,2,Agence propre et bien organisée,Guichet automatique souvent en panne,Ajouter un guichet automatique dans le quartier
05/07/2025 13:43,Zone Nord,Agence des Dunes,Conseiller clientèle,5,4,,Conseiller à l'écoute du client,Ajouter un guichet automatique dans le quartier
05/07/2025 16:23,Zone Ouest,Agence de la Corniche,Guichet,4,3,,,
07/07/2025 09:15,Zone Sud,Agence de la Rivière,Conseiller clientèle,4,3,Guichet automatique souvent en panne,,Climatiser la salle d'attente de l'agence
07/07/2025 10:20,Zone Centre,Agence de la Gare,Accueil,4,5,Conseiller à l'écoute du client,Personnel accueillant et souriant,Ouvrir l'agence le samedi matin
07/07/2025 10:21,Zone Ouest,Agence de la Corniche,GAB,5,2,,File d'attente mal organisée,Installer plus de sièges dans la salle d'attente
07/07/2025 11:05,Zone Est,Agence de l'Horloge,Guichet,5,4,Très bonne orientation dès l'entrée,Service rapide et efficace,Former le personnel à l'accueil des clients
07/07/2025 11:24,Zone Ouest,Agence de la Corniche,Accueil,3,5,,,Réduire le temps d'attente au guichet
07/07/2025 15:35,Zone Nord,Agence du Littoral,Guichet,5,5,Prise en charge rapide au guichet,Service rapide et efficace,
07/07/2025 15:46,Zone Est,Agence des Acacias,Conseiller clientèle,5,4,Prise en charge rapide au guichet,Agence propre et bien organisée,Ouvrir l'agence le samedi matin
08/07/2025 08:39,Zone Sud,Agence des Collines,Centre d'appels,4,3,Très bonne orientation dès l'entrée,,Installer plus de sièges dans la salle d'attente
08/07/2025 09:48,Zone Nord,Agence des Palmiers,GAB,5,4,,Très bonne orientation dès l'entrée,
08/07/2025 10:51,Zone Ouest,Agence du Phare,GAB,4,2,,,
08/07/2025 11:01,Zone Nord,Agence des Palmiers,GAB,3,4,Conseiller à l'écoute du client,,Climatiser la salle d'attente de l'agence
08/07/2025 13:48,Zone Sud,Agence de la Rivière,Conseiller clientèle,4,4,Service rapide et efficace,,
08/07/2025 15:25,Zone Sud,Agence des Collines,Conseiller clientèle,4,5,,,Améliorer le temps d'attente en agence
08/07/2025 16:01,Zone Nord,Agence des Dunes,Conseiller clientèle,4,4,Agence propre et bien organisée,Très bonne orientation dès l'entrée,
08/07/2025 16:22,Zone Nord,Agence des Palmiers,GAB,5,5,Agence propre et bien organisée,Personnel accueillant et souriant,
09/07/2025 09:51,Zone Est,Agence des Acacias,Guichet,3,4,Personnel accueillant et souriant,Conseiller à l'écoute du client,
09/07/2025 10:53,Zone Centre,Agence de la Gare,GAB,5,2,Agence propre et bien organisée,Horaires d'ouverture peu pratiques,
09/07/2025 10:55,Zone Sud,Agence des Collines,Conseiller clientèle,3,2,,,
09/07/2025 11:24,Zone Centre,Agence du Parc,Conseiller clientèle,4,2,,File d'attente mal organisée,Former le personnel à l'accueil des clients
09/07/2025 11:52,Zone Sud,Agence des Collines,Guichet,4,4,Prise en charge rapide au guichet,Conseiller à l'écoute du client,
09/07/2025 14:56,Zone Ouest,Agence de la Corniche,Conseiller clientèle,3,3,Guichet automatique souvent en panne,,Installer plus de sièges dans la salle d'attente
09/07/2025 15:58,Zone Est,Agence des Acacias,Guichet,5,2,,Guichet automatique souvent en panne,
09/07/2025 15:59,Zone Ouest,Agence du Phare,Guichet,4,5,,Personnel accueillant et souriant,Ouvrir l'agence le samedi matin
10/07/2025 08:53,Zone Ouest,Agence du Phare,Application mobile,5,4,Agence propre et bien organisée,Prise en charge rapide au guichet,Mettre en place un système de tickets plus clair
10/07/2025 10:16,Zone Est,Agence du Stade,Guichet,4,1,Manque de personnel aux heures de pointe,Guichet automatique souvent en panne,
10/07/2025 12:34,Zone Ouest,Agence de la Corniche,GAB,4,3,,,Mettre en place un système de tickets plus clair
10/07/2025 14:21,Zone Ouest,Agence de la Corniche,Centre d'appels,2,4,,Prise en charge rapide au guichet,
10/07/2025 14:43,Zone Ouest,Agence du Phare,Conseiller clientèle,4,3,,Conseiller à l'écoute du client,
11/07/2025 09:13,Zone Nord,Agence des Palmiers,Conseiller clientèle,4,1,Personnel accueillant et souriant,Manque de personnel aux heures de pointe,
11/07/2025 09:21,Zone Nord,Agence du Littoral,Guichet,4,3,Conseiller à l'écoute du client,,Ajouter un guichet automatique dans le quartier
11/07/2025 09:22,Zone Est,Agence des Acacias,Guichet,3,4,Peu d'écoute face à ma réclamation,Très bonne orientation dès l'entrée,
11/07/2025 09:44,Zone Ouest,Agence du Phare,Guichet,4,4,Très bonne orientation dès l'entrée,Très bonne orientation dès l'entrée,
11/07/2025 10:22,Zone Ouest,Agence du Phare,Guichet,4,4,,Prise en charge rapide au guichet,Climatiser la salle d'attente de l'agence
11/07/2025 10:33,Zone Est,Agence de l'Horloge,GAB,4,5,Prise en charge rapide au guichet,Personnel accueillant et souriant,Augmenter le personnel aux heures de pointe
11/07/2025 10:41,Zone Ouest,Agence de la Corniche,Guichet,3,3,,,
11/07/2025 10:53,Zone Nord,Agence des Dunes,Application mobile,3,4,,Personnel accueillant et souriant,
11/07/2025 10:55,Zone Nord,Agence des Dunes,Guichet,3,4,,Personnel accueillant et souriant,Installer plus de sièges dans la salle d'attente
11/07/2025 11:32,Zone Est,Agence des Acacias,Guichet,3,5,,Guichet automatique souvent en panne,
11/07/2025 14:54,Zone Centre,Agence de la Gare,Centre d'appels,5,5,Conseiller à l'écoute du client,Prise en charge rapide au guichet,Améliorer le temps d'attente en agence
11/07/2025 15:09,Zone Centre,Agence de la Gare,Guichet,4,3,,,Augmenter le personnel aux heures de pointe
11/07/2025 15:22,Zone Nord,Agence des Dunes,GAB,4,3,Personnel accueillant et souriant,,
11/07/2025 15:56,Zone Centre,Agence du Parc,Guichet,4,5,Conseiller à l'écoute du client,,
11/07/2025 17:40,Zone Sud,Agence des Collines,Conseiller clientèle,4,4,Prise en charge rapide au guichet,,Proposer plus de services sur l'application mobile
12/07/2025 09:20,Zone Sud,Agence des Collines,Accueil,3,4,,Service rapide et efficace,
12/07/2025 09:37,Zone Nord,Agence des Palmiers,Accueil,4,4,,,
12/07/2025 14:12,Zone Nord,Agence des Dunes,Conseiller clientèle,5,5,Prise en charge rapide au guichet,Agence propre et bien organisée,
12/07/2025 14:14,Zone Sud,Agence de la Rivière,GAB,4,4,,Prise en charge rapide au guichet,Réduire les frais de tenue de compte
12/07/2025 14:44,Zone Sud,Agence des Collines,Accueil,4,3,Conseiller à l'écoute du client,,
14/07/2025 10:30,Zone Est,Agence de l'Horloge,GAB,5,5,,Personnel accueillant et souriant,Former le personnel à l'accueil des clients
14/07/2025 11:21,Zone Sud,Agence des Collines,Centre d'appels,3,3,,Service rapide et efficace,
14/07/2025 13:12,Zone Nord,Agence des Dunes,Guichet,2,3,Temps d'attente trop long au guichet,,
14/07/2025 14:41,Zone Centre,Agence du Marché,Guichet,5,4,Personnel accueillant et souriant,Conseiller à l'écoute du client,Réduire les frais de tenue de compte
14/07/2025 14:51,Zone Centre,Agence du Parc,GAB,3,4,,,Mettre en place un système de tickets plus clair
14/07/2025 15:50,Zone Nord,Agence des Palmiers,Accueil,5,5,,Conseiller à l'écoute du client,
14/07/2025 16:06,Zone Nord,Agence des Palmiers,GAB,4,3,Prise en charge rapide au guichet,,Former le personnel à l'accueil des clients
14/07/2025 16:31,Zone Centre,Agence de la Gare,GAB,3,4,,Très bonne orientation dès l'entrée,Climatiser la salle d'attente de l'agence
14/07/2025 16:34,Zone Nord,Agence du Littoral,GAB,5,5,,,Climatiser la salle d'attente de l'agence
15/07/2025 09:04,Zone Nord,Agence des Palmiers,Accueil,4,5,Conseiller à l'écoute du client,Agence propre et bien organisée,
15/07/2025 09:11,Zone Nord,Agence du Littoral,Centre d'appels,5,5,Conseiller à l'écoute du client,Prise en charge rapide au guichet,Ouvrir l'agence le samedi matin
15/07/2025 09:36,Zone Centre,Agence du Parc,Conseiller clientèle,4,4,Service rapide et efficace,,Améliorer l'application mobile de la banque
15/07/2025 09:59,Zone Sud,Agence des Collines,GAB,3,1,,Guichet automatique souvent en panne,
15/07/2025 10:04,Zone Nord,Agence des Dunes,Conseiller clientèle,4,4,,,
15/07/2025 10:22,Zone Est,Agence de l'Horloge,Guichet,3,4,File d'attente mal organisée,,Climatiser la salle d'attente de l'agence
15/07/2025 12:49,Zone Centre,Agence de la Gare,Centre d'appels,5,3,,Prise en charge rapide au guichet,
15/07/2025 15:04,Zone Ouest,Agence de la Corniche,Conseiller clientèle,3,3,,,Installer plus de sièges dans la salle d'attente
15/07/2025 16:17,Zone Est,Agence de l'Horloge,Conseiller clientèle,5,4,Conseiller à l'écoute du client,,
15/07/2025 17:08,Zone Centre,Agence de la Gare,Conseiller clientèle,3,4,,Conseiller à l'écoute du client,
16/07/2025 08:08,Zone Nord,Agence des Dunes,Guichet,3,4,Guichet automatique souvent en panne,Prise en charge rapide au guichet,Augmenter le personnel aux heures de pointe
16/07/2025 08:57,Zone Est,Agence des Acacias,Guichet,5,5,,,Ajouter un guichet automatique dans le quartier
16/07/2025 10:05,Zone Ouest,Agence de la Corniche,GAB,4,3,,,Ouvrir l'agence le samedi matin
16/07/2025 10:20,Zone Centre,Agence du Marché,Centre d'appels,4,5,Personnel accueillant et souriant,,Installer plus de sièges dans la salle d'attente
16/07/2025 11:00,Zone Est,Agence du Stade,Guichet,4,5,,Très bonne orientation dès l'entrée,Climatiser la salle d'attente de l'agence
16/07/2025 11:26,Zone Ouest,Agence de la Corniche,Guichet,4,4,Service rapide et efficace,Guichet automatique souvent en panne,Installer plus de sièges dans la salle d'attente
16/07/2025 14:41,Zone Sud,Agence de la Rivière,Application mobile,4,3,,,Réduire le temps d'attente au guichet
16/07/2025 15:54,Zone Ouest,Agence de la Corniche,Centre d'appels,4,4,,,Installer plus de sièges dans la salle d'attente
16/07/2025 16:24,Zone Ouest,Agence de la Corniche,Guichet,5,2,Peu d'écoute face à ma réclamation,Peu d'écoute face à ma réclamation,Mettre en place un système de tickets plus clair
16/07/2025 17:23,Zone Est,Agence des Acacias,Guichet,5,5,Agence propre et bien organisée,Agence propre et bien organisée,Former le personnel à l'accueil des clients
17/07/2025 08:56,Zone Centre,Agence du Parc,Centre d'appels,5,4,,Très bonne orientation dès l'entrée,Proposer plus de services sur l'application mobile
17/07/2025 11:26,Zone Centre,Agence du Parc,Guichet,4,2,,Manque de personnel aux heures de pointe,
17/07/2025 11:58,Zone Ouest,Agence de la Corniche,Guichet,4,3,,,Installer plus de sièges dans la salle d'attente
17/07/2025 12:04,Zone Centre,Agence de la Gare,Application mobile,4,4,Prise en charge rapide au guichet,Service rapide et efficace,Améliorer le temps d'attente en agence
17/07/2025 13:46,Zone Centre,Agence du Parc,Application mobile,5,4,,File d'attente mal organisée,
17/07/2025 15:39,Zone Est,Agence des Acacias,Application mobile,5,4,Agence propre et bien organisée,Conseiller à l'écoute du client,
17/07/2025 16:40,Zone Est,Agence de l'Horloge,Accueil,4,5,Agence propre et bien organisée,Personnel accueillant et souriant,
17/07/2025 17:01,Zone Est,Agence des Acacias,Guichet,5,4,,,Améliorer le temps d'attente en agence
18/07/2025 09:34,Zone Nord,Agence du Littoral,Conseiller clientèle,4,5,Conseiller à l'écoute du client,Conseiller à l'écoute du client,
18/07/2025 10:13,Zone Ouest,Agence du Phare,Conseiller clientèle,3,4,,Personnel accueillant et souriant,Former le personnel à l'accueil des clients
18/07/2025 12:19,Zone Nord,Agence du Littoral,Guichet,5,5,Conseiller à l'écoute du client,,
18/07/2025 12:28,Zone Nord,Agence du Littoral,Accueil,5,5,Conseiller à l'écoute du client,Prise en charge rapide au guichet,Mettre en place un système de tickets plus clair
18/07/2025 13:33,Zone Centre,Agence du Parc,Application mobile,5,4,Service rapide et efficace,,
18/07/2025 16:12,Zone Est,Agence des Acacias,Guichet,4,3,Manque de personnel aux heures de pointe,,Réduire le temps d'attente au guichet
18/07/2025 16:46,Zone Sud,Agence de la Rivière,GAB,4,5,Personnel accueillant et souriant,Prise en charge rapide au guichet,
18/07/2025 16:57,Zone Ouest,Agence du Phare,Guichet,4,2,,,
19/07/2025 09:58,Zone Centre,Agence du Parc,Application mobile,5,5,,Service rapide et efficace,
19/07/2025 10:09,Zone Nord,Agence du Littoral,Centre d'appels,5,5,Personnel accueillant et souriant,,Améliorer l'application mobile de la banque
19/07/2025 10:21,Zone Sud,Agence de la Rivière,GAB,4,3,Service rapide et efficace,,Réduire les frais de tenue de compte
19/07/2025 13:18,Zone Centre,Agence du Parc,Application mobile,2,4,Peu d'écoute face à ma réclamation,,Réduire les frais de tenue de compte
19/07/2025 15:50,Zone Centre,Agence de la Gare,Application mobile,3,4,Conseiller à l'écoute du client,Agence propre et bien organisée,
21/07/2025 08:54,Zone Ouest,Agence du Phare,Centre d'appels,5,4,Prise en charge rapide au guichet,Conseiller à l'écoute du client,Installer plus de sièges dans la salle d'attente
21/07/2025 09:00,Zone Ouest,Agence de la Corniche,GAB,3,4,,,
21/07/2025 10:45,Zone Est,Agence du Stade,Guichet,3,3,,Agence propre et bien organisée,Climatiser la salle d'attente de l'agence
21/07/2025 11:18,Zone Ouest,Agence de la Corniche,Guichet,4,5,Personnel accueillant et souriant,Conseiller à l'écoute du client,Ajouter un guichet automatique dans le quartier
21/07/2025 11:21,Zone Est,Agence de l'Horloge,Accueil,3,5,Horaires d'ouverture peu pratiques,Conseiller à l'écoute du client,
21/07/2025 11:35,Zone Est,Agence des Acacias,Guichet,2,4,Temps d'attente trop long au guichet,,Ajouter un guichet automatique dans le quartier
21/07/2025 11:57,Zone Centre,Agence de la Gare,Guichet,2,3,,,
21/07/2025 14:05,Zone Est,Agence de l'Horloge,Centre d'appels,3,4,,Très bonne orientation dès l'entrée,Augmenter le personnel aux heures de pointe
21/07/2025 14:20,Zone Est,Agence du Stade,Guichet,4,3,Conseiller à l'écoute du client,Horaires d'ouverture peu pratiques,
21/07/2025 16:13,Zone Sud,Agence de la Rivière,Accueil,4,4,Prise en charge rapide au guichet,,Former le personnel à l'accueil des clients
21/07/2025 17:27,Zone Ouest,Agence du Phare,Guichet,4,3,Très bonne orientation dès l'entrée,,
22/07/2025 09:15,Zone Sud,Agence de la Rivière,Conseiller clientèle,3,4,,Prise en charge rapide au guichet,Climatiser la salle d'attente de l'agence
22/07/2025 11:05,Zone Nord,Agence des Palmiers,GAB,5,4,Conseiller à l'écoute du client,,
22/07/2025 11:36,Zone Centre,Agence de la Gare,Guichet,4,3,,,Augmenter le personnel aux heures de pointe
22/07/2025 11:44,Zone Centre,Agence du Parc,Guichet,5,5,Manque de personnel aux heures de pointe,,
22/07/2025 12:02,Zone Nord,Agence des Dunes,Conseiller clientèle,5,4,,Prise en charge rapide au guichet,Ouvrir l'agence le samedi matin
22/07/2025 12:45,Zone Est,Agence de l'Horloge,GAB,4,5,,Très bonne orientation dès l'entrée,
22/07/2025 12:57,Zone Centre,Agence du Marché,Guichet,3,4,,Personnel accueillant et souriant,
22/07/2025 15:15,Zone Sud,Agence de la Rivière,Centre d'appels,4,5,Très bonne orientation dès l'entrée,Service rapide et efficace,
22/07/2025 15:16,Zone Sud,Agence des Collines,Guichet,3,4,,Agence propre et bien organisée,
22/07/2025 16:36,Zone Sud,Agence des Collines,Accueil,3,3,,,
22/07/2025 17:50,Zone Sud,Agence de la Rivière,GAB,3,5,,Personnel accueillant et souriant,
23/07/2025 11:44,Zone Centre,Agence du Marché,GAB,5,3,Agence propre et bien organisée,Prise en charge rapide au guichet,
23/07/2025 12:14,Zone Ouest,Agence de la Corniche,Application mobile,5,4,,Service rapide et efficace,Installer plus de sièges dans la salle d'attente
23/07/2025 13:29,Zone Centre,Agence de la Gare,Conseiller clientèle,4,3,Agence propre et bien organisée,,Proposer plus de services sur l'application mobile
23/07/2025 14:39,Zone Ouest,Agence du Phare,Conseiller clientèle,5,4,Agence propre et bien organisée,Agence propre et bien organisée,Mettre en place un système de tickets plus clair
23/07/2025 15:41,Zone Centre,Agence du Marché,Guichet,5,4,Prise en charge rapide au guichet,,
23/07/2025 16:06,Zone Est,Agence des Acacias,Guichet,4,4,Agence propre et bien organisée,Peu d'écoute face à ma réclamation,Proposer plus de services sur l'application mobile
24/07/2025 08:29,Zone Ouest,Agence de la Corniche,Conseiller clientèle,4,4,,Service rapide et efficace,Améliorer l'application mobile de la banque
24/07/2025 08:48,Zone Nord,Agence des Palmiers,GAB,4,5,,Guichet automatique souvent en panne,Ouvrir l'agence le samedi matin
24/07/2025 10:37,Zone Est,Agence de l'Horloge,Accueil,4,4,Très bonne orientation dès l'entrée,,Climatiser la salle d'attente de l'agence
24/07/2025 11:13,Zone Sud,Agence de la Rivière,GAB,5,3,Peu d'écoute face à ma réclamation,,Augmenter le personnel aux heures de pointe
24/07/2025 15:58,Zone Sud,Agence des Collines,Accueil,4,5,,Agence propre et bien organisée,
24/07/2025 16:37,Zone Nord,Agence des Palmiers,Conseiller clientèle,4,4,Service rapide et efficace,Conseiller à l'écoute du client,
24/07/2025 16:44,Zone Nord,Agence du Littoral,GAB,4,5,Agence propre et bien organisée,,Augmenter le personnel aux heures de pointe
24/07/2025 17:53,Zone Centre,Agence du Parc,Conseiller clientèle,5,5,Conseiller à l'écoute du client,Conseiller à l'écoute du client,Former le personnel à l'accueil des clients
25/07/2025 08:15,Zone Nord,Agence des Dunes,Guichet,5,3,Personnel accueillant et souriant,,Ouvrir l'agence le samedi matin
25/07/2025 08:22,Zone Ouest,Agence du Phare,Accueil,4,3,Guichet automatique souvent en panne,,Proposer plus de services sur l'application mobile
25/07/2025 10:18,Zone Nord,Agence des Palmiers,Guichet,5,4,Très bonne orientation dès l'entrée,,Installer plus de sièges dans la salle d'attente
25/07/2025 11:13,Zone Est,Agence du Stade,Application mobile,5,5,Très bonne orientation dès l'entrée,Prise en charge rapide au guichet,
25/07/2025 12:11,Zone Est,Agence du Stade,Conseiller clientèle,4,4,Prise en charge rapide au guichet,Conseiller à l'écoute du client,
25/07/2025 13:17,Zone Ouest,Agence de la Corniche,Guichet,3,5,Conseiller à l'écoute du client,Service rapide et efficace,Ajouter un guichet automatique dans le quartier
25/07/2025 14:16,Zone Centre,Agence du Marché,GAB,3,4,,Personnel accueillant et souriant,
25/07/2025 15:34,Zone Nord,Agence du Littoral,Guichet,3,5,,Prise en charge rapide au guichet,Améliorer le temps d'attente en agence
25/07/2025 15:55,Zone Nord,Agence du Littoral,Application mobile,5,5,Personnel accueillant et souriant,Temps d'attente trop long au guichet,Installer plus de sièges dans la salle d'attente
26/07/2025 09:46,Zone Est,Agence des Acacias,Guichet,4,5,,Prise en charge rapide au guichet,Réduire les frais de tenue de compte
26/07/2025 09:54,Zone Nord,Agence des Palmiers,Accueil,4,4,Très bonne orientation dès l'entrée,Prise en charge rapide au guichet,Ajouter un guichet automatique dans le quartier
26/07/2025 14:00,Zone Centre,Agence de la Gare,Application mobile,4,5,Prise en charge rapide au guichet,Personnel accueillant et souriant,
26/07/2025 14:40,Zone Est,Agence des Acacias,Accueil,5,4,Prise en charge rapide au guichet,Service rapide et efficace,
28/07/2025 08:10,Zone Sud,Agence des Collines,Guichet,4,4,Conseiller à l'écoute du client,Agence propre et bien organisée,Améliorer l'application mobile de la banque
28/07/2025 09:07,Zone Centre,Agence du Parc,Conseiller clientèle,2,3,Manque de personnel aux heures de pointe,,
28/07/2025 09:23,Zone Ouest,Agence du Phare,Guichet,4,3,,,
28/07/2025 09:35,Zone Est,Agence des Acacias,Conseiller clientèle,5,4,Très bonne orientation dès l'entrée,,Améliorer le temps d'attente en agence
28/07/2025 15:23,Zone Est,Agence des Acacias,Conseiller clientèle,3,3,Conseiller à l'écoute du client,,
28/07/2025 17:27,Zone Ouest,Agence de la Corniche,Application mobile,3,5,,,
28/07/2025 17:51,Zone Sud,Agence de la Rivière,GAB,4,4,,Agence propre et bien organisée,Former le personnel à l'accueil des clients
29/07/2025 08:55,Zone Centre,Agence du Marché,Conseiller clientèle,5,5,Très bonne orientation dès l'entrée,Guichet automatique souvent en panne,
29/07/2025 09:23,Zone Nord,Agence des Dunes,Accueil,5,5,,Agence propre et bien organisée,
29/07/2025 11:51,Zone Nord,Agence du Littoral,Conseiller clientèle,5,5,Conseiller à l'écoute du client,Très bonne orientation dès l'entrée,
29/07/2025 11:52,Zone Centre,Agence du Parc,Accueil,3,5,Agence propre et bien organisée,,
29/07/2025 12:54,Zone Est,Agence des Acacias,Guichet,5,5,,Service rapide et efficace,
29/07/2025 13:08,Zone Centre,Agence du Marché,Guichet,5,3,,Agence propre et bien organisée,Augmenter le personnel aux heures de pointe
29/07/2025 13:35,Zone Nord,Agence des Dunes,Conseiller clientèle,4,4,Très bonne orientation dès l'entrée,Agence propre et bien organisée,
29/07/2025 14:07,Zone Nord,Agence des Palmiers,Centre d'appels,4,3,Personnel accueillant et souriant,,Installer plus de sièges dans la salle d'attente
30/07/2025 08:52,Zone Est,Agence des Acacias,Conseiller clientèle,5,4,Conseiller à l'écoute du client,Agence propre et bien organisée,Mettre en place un système de tickets plus clair
30/07/2025 09:19,Zone Centre,Agence de la Gare,Conseiller clientèle,3,2,,File d'attente mal organisée,
30/07/2025 09:48,Zone Est,Agence des Acacias,GAB,5,5,,Conseiller à l'écoute du client,Proposer plus de services sur l'application mobile
30/07/2025 10:47,Zone Sud,Agence des Collines,GAB,3,4,,Très bonne orientation dès l'entrée,
30/07/2025 10:52,Zone Sud,Agence de la Rivière,Application mobile,5,3,,,
30/07/2025 11:06,Zone Centre,Agence du Marché,Accueil,5,4,Agence propre et bien organisée,Personnel accueillant et souriant,
30/07/2025 11:52,Zone Est,Agence de l'Horloge,Conseiller clientèle,5,4,,Prise en charge rapide au guichet,Ouvrir l'agence le samedi matin
30/07/2025 14:06,Zone Ouest,Agence de la Corniche,GAB,4,3,Prise en charge rapide au guichet,,
30/07/2025 14:50,Zone Ouest,Agence de la Corniche,GAB,4,4,Service rapide et efficace,Très bonne orientation dès l'entrée,
30/07/2025 16:57,Zone Est,Agence des Acacias,Application mobile,4,5,,Agence propre et bien organisée,
31/07/2025 08:40,Zone Est,Agence de l'Horloge,Centre d'appels,5,5,,Conseiller à l'écoute du client,Proposer plus de services sur l'application mobile
31/07/2025 08:53,Zone Centre,Agence de la Gare,Conseiller clientèle,4,2,,Temps d'attente trop long au guichet,
31/07/2025 09:22,Zone Nord,Agence des Palmiers,Guichet,4,5,,,Mettre en place un système de tickets plus clair
31/07/2025 11:50,Zone Centre,Agence du Marché,Conseiller clientèle,4,3,Personnel accueillant et souriant,,
31/07/2025 12:26,Zone Sud,Agence des Collines,Accueil,3,2,Personnel accueillant et souriant,,Former le personnel à l'accueil des clients
31/07/2025 16:03,Zone Sud,Agence de la Rivière,Guichet,4,3,Prise en charge rapide au guichet,,
31/07/2025 17:36,Zone Centre,Agence du Marché,GAB,4,5,,Conseiller à l'écoute du client,Mettre en place un système de tickets plus clair
01/08/2025 08:29,Zone Ouest,Agence de la Corniche,GAB,3,2,,Temps d'attente trop long au guichet,Améliorer l'application mobile de la banque
01/08/2025 08:51,Zone Ouest,Agence du Phare,Centre d'appels,2,4,File d'attente mal organisée,Service rapide et efficace,Augmenter le personnel aux heures de pointe
01/08/2025 09:58,Zone Nord,Agence des Palmiers,Accueil,3,5,,Personnel accueillant et souriant,Augmenter le personnel aux heures de pointe
01/08/2025 11:46,Zone Sud,Agence des Collines,Conseiller clientèle,1,2,File d'attente mal organisée,File d'attente mal organisée,Réduire les frais de tenue de compte
01/08/2025 12:45,Zone Nord,Agence des Dunes,Application mobile,4,5,Personnel accueillant et souriant,Conseiller à l'écoute du client,Augmenter le personnel aux heures de pointe
01/08/2025 13:53,Zone Nord,Agence des Palmiers,Accueil,4,5,Personnel accueillant et souriant,Conseiller à l'écoute du client,Former le personnel à l'accueil des clients
02/08/2025 10:50,Zone Nord,Agence des Dunes,Accueil,5,5,,Guichet automatique souvent en panne,
02/08/2025 11:39,Zone Nord,Agence des Palmiers,Accueil,4,4,,Service rapide et efficace,Réduire les frais de tenue de compte
02/08/2025 15:47,Zone Centre,Agence de la Gare,GAB,5,4,Peu d'écoute face à ma réclamation,Personnel accueillant et souriant,Proposer plus de services sur l'application mobile
02/08/2025 16:13,Zone Est,Agence du Stade,GAB,5,3,Guichet automatique souvent en panne,,
02/08/2025 17:23,Zone Est,Agence de l'Horloge,Accueil,4,5,,Personnel accueillant et souriant,Proposer plus de services sur l'application mobile
04/08/2025 09:04,Zone Centre,Agence du Parc,Application mobile,5,4,Agence propre et bien organisée,,Proposer plus de services sur l'application mobile
04/08/2025 13:06,Zone Ouest,Agence de la Corniche,Guichet,4,1,Personnel accueillant et souriant,Manque de personnel aux heures de pointe,Mettre en place un système de tickets plus clair
04/08/2025 13:28,Zone Nord,Agence des Dunes,Centre d'appels,4,3,Horaires d'ouverture peu pratiques,,
04/08/2025 14:04,Zone Est,Agence des Acacias,GAB,4,4,Très bonne orientation dès l'entrée,Prise en charge rapide au guichet,
04/08/2025 15:45,Zone Est,Agence de l'Horloge,Guichet,4,5,File d'attente mal organisée,,Améliorer l'application mobile de la banque
04/08/2025 16:21,Zone Centre,Agence du Parc,Accueil,5,5,Personnel accueillant et souriant,Service rapide et efficace,Former le personnel à l'accueil des clients
04/08/2025 16:27,Zone Sud,Agence de la Rivière,Conseiller clientèle,5,4,Prise en charge rapide au guichet,,Mettre en place un système de tickets plus clair
04/08/2025 16:50,Zone Centre,Agence de la Gare,Centre d'appels,4,5,,Service rapide et efficace,Mettre en place un système de tickets plus clair
04/08/2025 17:17,Zone Nord,Agence du Littoral,Application mobile,5,5,,Personnel accueillant et souriant,
04/08/2025 17:22,Zone Centre,Agence de la Gare,Application mobile,3,4,,Agence propre et bien organisée,Ajouter un guichet automatique dans le quartier
04/08/2025 17:23,Zone Centre,Agence du Parc,Conseiller clientèle,5,4,Très bonne orientation dès l'entrée,Prise en charge rapide au guichet,
05/08/2025 10:05,Zone Nord,Agence du Littoral,GAB,5,5,Agence propre et bien organisée,Agence propre et bien organisée,
05/08/2025 15:05,Zone Ouest,Agence de la Corniche,Guichet,3,4,,Personnel accueillant et souriant,Améliorer l'application mobile de la banque
05/08/2025 16:56,Zone Est,Agence du Stade,Accueil,4,5,,Horaires d'ouverture peu pratiques,
05/08/2025 17:01,Zone Centre,Agence de la Gare,Guichet,2,4,Horaires d'ouverture peu pratiques,,Ouvrir l'agence le samedi matin
06/08/2025 09:09,Zone Centre,Agence du Marché,Centre d'appels,4,2,Prise en charge rapide au guichet,Manque de personnel aux heures de pointe,
06/08/2025 12:24,Zone Centre,Agence du Parc,GAB,5,4,Peu d'écoute face à ma réclamation,Personnel accueillant et souriant,
06/08/2025 13:11,Zone Nord,Agence du Littoral,Application mobile,5,5,Personnel accueillant et souriant,Agence propre et bien organisée,Ouvrir l'agence le samedi matin
06/08/2025 13:24,Zone Centre,Agence de la Gare,Conseiller clientèle,5,3,,Personnel accueillant et souriant,Installer plus de sièges dans la salle d'attente
06/08/2025 14:47,Zone Centre,Agence du Parc,GAB,4,5,Prise en charge rapide au guichet,,Ajouter un guichet automatique dans le quartier
06/08/2025 14:51,Zone Nord,Agence des Palmiers,Conseiller clientèle,4,4,,,
06/08/2025 15:15,Zone Centre,Agence du Parc,Conseiller clientèle,3,5,Agence propre et bien organisée,Service rapide et efficace,
06/08/2025 15:27,Zone Sud,Agence des Collines,GAB,3,4,,,Réduire le temps d'attente au guichet
06/08/2025 15:59,Zone Centre,Agence du Parc,Guichet,3,2,,Horaires d'ouverture peu pratiques,Ajouter un guichet automatique dans le quartier
06/08/2025 16:32,Zone Sud,Agence de la Rivière,GAB,3,3,,Manque de personnel aux heures de pointe,Augmenter le personnel aux heures de pointe
06/08/2025 17:49,Zone Sud,Agence de la Rivière,Centre d'appels,5,3,Manque de personnel aux heures de pointe,Conseiller à l'écoute du client,
07/08/2025 10:07,Zone Est,Agence de l'Horloge,Conseiller clientèle,4,3,,,Réduire le temps d'attente au guichet
07/08/2025 11:07,Zone Centre,Agence du Parc,Conseiller clientèle,4,3,Très bonne orientation dès l'entrée,,
07/08/2025 15:59,Zone Est,Agence du Stade,GAB,3,3,,,
07/08/2025 16:49,Zone Centre,Agence du Parc,Conseiller clientèle,4,2,Peu d'écoute face à ma réclamation,,Installer plus de sièges dans la salle d'attente
07/08/2025 16:52,Zone Sud,Agence de la Rivière,Guichet,5,1,Très bonne orientation dès l'entrée,Peu d'écoute face à ma réclamation,
07/08/2025 17:50,Zone Est,Agence du Stade,Application mobile,5,5,Très bonne orientation dès l'entrée,,
08/08/2025 08:25,Zone Nord,Agence des Dunes,Application mobile,2,3,Temps d'attente trop long au guichet,,Climatiser la salle d'attente de l'agence
08/08/2025 10:15,Zone Centre,Agence de la Gare,Guichet,5,5,Conseiller à l'écoute du client,,
08/08/2025 10:27,Zone Centre,Agence du Parc,Conseiller clientèle,4,4,Très bonne orientation dès l'entrée,,
08/08/2025 10:51,Zone Centre,Agence du Parc,GAB,4,5,Service rapide et efficace,Très bonne orientation dès l'entrée,
08/08/2025 12:51,Zone Nord,Agence des Palmiers,Conseiller clientèle,4,5,Agence propre et bien organisée,Personnel accueillant et souriant,
08/08/2025 14:32,Zone Nord,Agence des Dunes,GAB,3,2,,Horaires d'ouverture peu pratiques,Augmenter le personnel aux heures de pointe
08/08/2025 14:43,Zone Ouest,Agence de la Corniche,Conseiller clientèle,4,3,Prise en charge rapide au guichet,,Ouvrir l'agence le samedi matin
08/08/2025 14:58,Zone Sud,Agence des Collines,Application mobile,4,4,Conseiller à l'écoute du client,,
08/08/2025 15:18,Zone Ouest,Agence du Phare,Conseiller clientèle,4,3,Prise en charge rapide au guichet,,
08/08/2025 15:57,Zone Nord,Agence du Littoral,GAB,5,5,Agence propre et bien organisée,Prise en charge rapide au guichet,Améliorer le temps d'attente en agence
08/08/2025 16:01,Zone Est,Agence du Stade,Accueil,5,4,Conseiller à l'écoute du client,Horaires d'ouverture peu pratiques,
08/08/2025 17:04,Zone Est,Agence du Stade,Conseiller clientèle,5,3,Agence propre et bien organisée,,
08/08/2025 17:05,Zone Ouest,Agence de la Corniche,Accueil,3,3,,,
09/08/2025 10:25,Zone Est,Agence des Acacias,Conseiller clientèle,5,4,Service rapide et efficace,Conseiller à l'écoute du client,Former le personnel à l'accueil des clients
09/08/2025 11:54,Zone Est,Agence des Acacias,Centre d'appels,5,4,Agence propre et bien organisée,Agence propre et bien organisée,
09/08/2025 15:36,Zone Nord,Agence des Palmiers,Guichet,4,3,Service rapide et efficace,,Augmenter le personnel aux heures de pointe
09/08/2025 16:39,Zone Sud,Agence de la Rivière,Guichet,5,4,Très bonne orientation dès l'entrée,Prise en charge rapide au guichet,Mettre en place un système de tickets plus clair
11/08/2025 08:02,Zone Ouest,Agence de la Corniche,Accueil,4,4,File d'attente mal organisée,Conseiller à l'écoute du client,Ajouter un guichet automatique dans le quartier
11/08/2025 08:26,Zone Sud,Agence des Collines,GAB,3,5,,Prise en charge rapide au guichet,
11/08/2025 09:27,Zone Centre,Agence du Parc,GAB,5,5,Très bonne orientation dès l'entrée,Temps d'attente trop long au guichet,Réduire les frais de tenue de compte
11/08/2025 09:40,Zone Sud,Agence de la Rivière,Guichet,3,2,,,
11/08/2025 10:46,Zone Nord,Agence des Palmiers,GAB,5,3,Prise en charge rapide au guichet,,Ajouter un guichet automatique dans le quartier
11/08/2025 15:07,Zone Est,Agence des Acacias,Conseiller clientèle,5,5,Service rapide et efficace,Conseiller à l'écoute du client,Réduire le temps d'attente au guichet
11/08/2025 16:03,Zone Est,Agence des Acacias,GAB,5,5,,,Améliorer le temps d'attente en agence
12/08/2025 09:29,Zone Est,Agence des Acacias,Guichet,5,5,Prise en charge rapide au guichet,Prise en charge rapide au guichet,Former le personnel à l'accueil des clients
12/08/2025 09:30,Zone Sud,Agence de la Rivière,Conseiller clientèle,5,4,,Horaires d'ouverture peu pratiques,Améliorer le temps d'attente en agence
12/08/2025 10:13,Zone Sud,Agence des Collines,GAB,4,3,Prise en charge rapide au guichet,,
12/08/2025 10:50,Zone Sud,Agence des Collines,Accueil,4,4,Personnel accueillant et souriant,Conseiller à l'écoute du client,Réduire les frais de tenue de compte
12/08/2025 10:53,Zone Est,Agence de l'Horloge,GAB,3,5,,,Améliorer l'application mobile de la banque
12/08/2025 11:34,Zone Nord,Agence du Littoral,Application mobile,5,5,,Conseiller à l'écoute du client,Ouvrir l'agence le samedi matin
12/08/2025 11:41,Zone Est,Agence de l'Horloge,Conseiller clientèle,5,4,Très bonne orientation dès l'entrée,Agence propre et bien organisée,Mettre en place un système de tickets plus clair
12/08/2025 11:56,Zone Nord,Agence des Palmiers,Application mobile,5,5,,Service rapide et efficace,
12/08/2025 12:20,Zone Sud,Agence des Collines,Conseiller clientèle,5,5,Personnel accueillant et souriant,,Améliorer le temps d'attente en agence
12/08/2025 13:59,Zone Ouest,Agence de la Corniche,Accueil,3,3,,Prise en charge rapide au guichet,
12/08/2025 15:43,Zone Centre,Agence du Parc,Conseiller clientèle,5,5,Personnel accueillant et souriant,,
13/08/2025 08:28,Zone Ouest,Agence de la Corniche,Conseiller clientèle,4,4,Agence propre et bien organisée,Conseiller à l'écoute du client,Réduire le temps d'attente au guichet
13/08/2025 10:24,Zone Nord,Agence des Dunes,Guichet,4,4,Prise en charge rapide au guichet,,Ajouter un guichet automatique dans le quartier
13/08/2025 12:57,Zone Est,Agence de l'Horloge,Guichet,5,5,Prise en charge rapide au guichet,,
13/08/2025 13:14,Zone Sud,Agence de la Rivière,Application mobile,3,3,,,
13/08/2025 14:15,Zone Ouest,Agence du Phare,Conseiller clientèle,4,4,Service rapide et efficace,,
13/08/2025 15:00,Zone Centre,Agence de la Gare,GAB,3,3,,,
13/08/2025 15:08,Zone Est,Agence des Acacias,Accueil,5,4,Conseiller à l'écoute du client,,Proposer plus de services sur l'application mobile
13/08/2025 16:23,Zone Centre,Agence du Marché,Guichet,5,5,,Conseiller à l'écoute du client,
13/08/2025 16:34,Zone Sud,Agence des Collines,Accueil,4,3,,,
14/08/2025 08:08,Zone Centre,Agence de la Gare,Application mobile,5,4,,Prise en charge rapide au guichet,Climatiser la salle d'attente de l'agence
14/08/2025 08:28,Zone Nord,Agence des Dunes,Conseiller clientèle,5,4,Personnel accueillant et souriant,Très bonne orientation dès l'entrée,
14/08/2025 10:48,Zone Centre,Agence de la Gare,Centre d'appels,5,5,,Très bonne orientation dès l'entrée,Mettre en place un système de tickets plus clair
14/08/2025 11:09,Zone Nord,Agence des Dunes,GAB,4,4,Personnel accueillant et souriant,Personnel accueillant et souriant,
15/08/2025 09:24,Zone Est,Agence de l'Horloge,Guichet,4,3,Conseiller à l'écoute du client,Prise en charge rapide au guichet,Mettre en place un système de tickets plus clair
15/08/2025 10:13,Zone Sud,Agence des Collines,Guichet,3,3,,,Former le personnel à l'accueil des clients
15/08/2025 10:17,Zone Centre,Agence du Parc,Guichet,4,3,,,
15/08/2025 11:17,Zone Ouest,Agence de la Corniche,Application mobile,3,5,,Service rapide et efficace,Ouvrir l'agence le samedi matin
15/08/2025 12:26,Zone Centre,Agence du Parc,GAB,4,4,,,
15/08/2025 14:31,Zone Nord,Agence des Palmiers,Accueil,2,5,Temps d'attente trop long au guichet,,Mettre en place un système de tickets plus clair
15/08/2025 17:11,Zone Est,Agence des Acacias,Accueil,4,5,Prise en charge rapide au guichet,Agence propre et bien organisée,Réduire le temps d'attente au guichet
16/08/2025 09:38,Zone Est,Agence du Stade,Conseiller clientèle,4,4,Conseiller à l'écoute du client,,Proposer plus de services sur l'application mobile
16/08/2025 10:13,Zone Est,Agence des Acacias,Conseiller clientèle,4,2,,Manque de personnel aux heures de pointe,Ajouter un guichet automatique dans le quartier
16/08/2025 11:20,Zone Centre,Agence de la Gare,Guichet,4,3,Très bonne orientation dès l'entrée,,Climatiser la salle d'attente de l'agence
16/08/2025 12:08,Zone Nord,Agence des Dunes,GAB,4,4,Agence propre et bien organisée,,Ajouter un guichet automatique dans le quartier
16/08/2025 14:02,Zone Nord,Agence des Dunes,Conseiller clientèle,5,3,Prise en charge rapide au guichet,,
16/08/2025 15:35,Zone Est,Agence de l'Horloge,Conseiller clientèle,3,4,,Personnel accueillant et souriant,Former le personnel à l'accueil des clients
16/08/2025 15:52,Zone Nord,Agence des Dunes,Conseiller clientèle,5,5,Peu d'écoute face à ma réclamation,,
18/08/2025 09:17,Zone Est,Agence de l'Horloge,Accueil,4,5,Prise en charge rapide au guichet,Agence propre et bien organisée,Mettre en place un système de tickets plus clair
18/08/2025 09:38,Zone Sud,Agence des Collines,Conseiller clientèle,3,2,,,
18/08/2025 09:57,Zone Est,Agence du Stade,Guichet,4,3,,,Installer plus de sièges dans la salle d'attente
18/08/2025 10:44,Zone Sud,Agence des Collines,Centre d'appels,3,5,,,Former le personnel à l'accueil des clients
18/08/2025 10:56,Zone Nord,Agence des Dunes,GAB,3,2,,Guichet automatique souvent en panne,
18/08/2025 11:38,Zone Centre,Agence du Parc,Application mobile,4,4,,Conseiller à l'écoute du client,
18/08/2025 14:08,Zone Nord,Agence du Littoral,Application mobile,5,5,,Service rapide et efficace,
18/08/2025 15:21,Zone Nord,Agence des Palmiers,Application mobile,5,4,,Conseiller à l'écoute du client,Améliorer l'application mobile de la banque
18/08/2025 16:21,Zone Centre,Agence du Marché,Accueil,4,5,Peu d'écoute face à ma réclamation,,
19/08/2025 08:35,Zone Nord,Agence des Palmiers,GAB,5,2,Guichet automatique souvent en panne,Horaires d'ouverture peu pratiques,Augmenter le personnel aux heures de pointe
19/08/2025 08:45,Zone Est,Agence des Acacias,Application mobile,4,5,Personnel accueillant et souriant,,
19/08/2025 09:29,Zone Sud,Agence des Collines,Accueil,4,2,Prise en charge rapide au guichet,File d'attente mal organisée,
19/08/2025 11:00,Zone Nord,Agence du Littoral,Accueil,4,4,Temps d'attente trop long au guichet,Prise en charge rapide au guichet,Augmenter le personnel aux heures de pointe
19/08/2025 12:43,Zone Sud,Agence des Collines,Centre d'appels,3,4,,,
19/08/2025 13:11,Zone Nord,Agence des Dunes,Guichet,5,4,Agence propre et bien organisée,Service rapide et efficace,
19/08/2025 13:12,Zone Nord,Agence des Dunes,Guichet,2,3,File d'attente mal organisée,,Former le personnel à l'accueil des clients
19/08/2025 13:26,Zone Ouest,Agence de la Corniche,Guichet,3,3,Très bonne orientation dès l'entrée,,Climatiser la salle d'attente de l'agence
19/08/2025 15:00,Zone Nord,Agence des Dunes,Guichet,5,4,Temps d'attente trop long au guichet,Conseiller à l'écoute du client,
19/08/2025 16:38,Zone Est,Agence de l'Horloge,Conseiller clientèle,4,3,,,
20/08/2025 08:23,Zone Centre,Agence du Parc,Conseiller clientèle,3,3,,,Ajouter un guichet automatique dans le quartier
20/08/2025 09:25,Zone Centre,Agence du Parc,Centre d'appels,3,5,,,Mettre en place un système de tickets plus clair
20/08/2025 09:51,Zone Est,Agence du Stade,Application mobile,5,5,Prise en charge rapide au guichet,Prise en charge rapide au guichet,Former le personnel à l'accueil des clients
20/08/2025 11:00,Zone Centre,Agence du Marché,Conseiller clientèle,5,5,Conseiller à l'écoute du client,,
20/08/2025 13:13,Zone Sud,Agence des Collines,GAB,4,4,Conseiller à l'écoute du client,,
20/08/2025 13:24,Zone Est,Agence des Acacias,Application mobile,5,4,Personnel accueillant et souriant,,Améliorer l'application mobile de la banque
20/08/2025 14:28,Zone Est,Agence des Acacias,Conseiller clientèle,4,3,,,
20/08/2025 16:55,Zone Ouest,Agence de la Corniche,GAB,5,4,Temps d'attente trop long au guichet,,
20/08/2025 17:26,Zone Est,Agence des Acacias,Guichet,5,2,Prise en charge rapide au guichet,File d'attente mal organisée,Ouvrir l'agence le samedi matin
21/08/2025 09:17,Zone Nord,Agence des Dunes,Guichet,5,5,Prise en charge rapide au guichet,Prise en charge rapide au guichet,Climatiser la salle d'attente de l'agence
21/08/2025 09:44,Zone Ouest,Agence de la Corniche,Application mobile,4,2,,Peu d'écoute face à ma réclamation,
21/08/2025 10:28,Zone Sud,Agence des Collines,Accueil,2,2,,Horaires d'ouverture peu pratiques,
21/08/2025 10:28,Zone Sud,Agence des Collines,Guichet,4,3,Guichet automatique souvent en panne,,
21/08/2025 10:41,Zone Centre,Agence de la Gare,Centre d'appels,4,3,Prise en charge rapide au guichet,,Réduire les frais de tenue de compte
21/08/2025 10:46,Zone Nord,Agence des Dunes,Accueil,4,4,Agence propre et bien organisée,,Améliorer l'application mobile de la banque
21/08/2025 10:48,Zone Centre,Agence de la Gare,GAB,4,4,Prise en charge rapide au guichet,,Augmenter le personnel aux heures de pointe
21/08/2025 14:39,Zone Centre,Agence du Parc,Conseiller clientèle,5,5,Conseiller à l'écoute du client,Personnel accueillant et souriant,
21/08/2025 14:48,Zone Nord,Agence des Dunes,Guichet,3,3,,,Améliorer l'application mobile de la banque
21/08/2025 15:47,Zone Est,Agence des Acacias,Application mobile,5,4,Conseiller à l'écoute du client,Service rapide et efficace,Réduire le temps d'attente au guichet
21/08/2025 16:46,Zone Centre,Agence du Marché,Centre d'appels,3,5,,Très bonne orientation dès l'entrée,Réduire le temps d'attente au guichet
22/08/2025 08:00,Zone Sud,Agence des Collines,GAB,3,3,,,Ouvrir l'agence le samedi matin
22/08/2025 08:10,Zone Ouest,Agence du Phare,GAB,4,4,Très bonne orientation dès l'entrée,,Ouvrir l'agence le samedi matin
22/08/2025 08:26,Zone Centre,Agence de la Gare,GAB,3,4,,,
22/08/2025 08:48,Zone Centre,Agence du Parc,Accueil,4,4,,,Ajouter un guichet automatique dans le quartier
22/08/2025 10:02,Zone Sud,Agence de la Rivière,Application mobile,5,3,Agence propre et bien organisée,,
22/08/2025 10:20,Zone Ouest,Agence de la Corniche,Conseiller clientèle,1,4,Service rapide et efficace,,Réduire les frais de tenue de compte
22/08/2025 10:38,Zone Sud,Agence de la Rivière,Guichet,4,3,,,Améliorer l'application mobile de la banque
22/08/2025 11:11,Zone Est,Agence de l'Horloge,Guichet,4,4,,,Améliorer l'application mobile de la banque
22/08/2025 11:42,Zone Est,Agence des Acacias,Conseiller clientèle,5,5,Peu d'écoute face à ma réclamation,Horaires d'ouverture peu pratiques,
22/08/2025 12:56,Zone Ouest,Agence du Phare,Guichet,4,4,Conseiller à l'écoute du client,,Mettre en place un système de tickets plus clair
22/08/2025 14:18,Zone Est,Agence de l'Horloge,GAB,5,3,,,
22/08/2025 15:06,Zone Est,Agence de l'Horloge,Accueil,4,5,,Très bonne orientation dès l'entrée,
22/08/2025 15:31,Zone Centre,Agence du Parc,Conseiller clientèle,5,5,,Très bonne orientation dès l'entrée,
22/08/2025 16:21,Zone Centre,Agence du Marché,Guichet,4,4,Très bonne orientation dès l'entrée,Conseiller à l'écoute du client,
22/08/2025 16:48,Zone Est,Agence des Acacias,Conseiller clientèle,5,5,,Prise en charge rapide au guichet,Climatiser la salle d'attente de l'agence
22/08/2025 17:49,Zone Nord,Agence des Dunes,GAB,3,5,,Personnel accueillant et souriant,Améliorer le temps d'attente en agence
23/08/2025 11:12,Zone Sud,Agence des Collines,Centre d'appels,3,2,,Guichet automatique souvent en panne,Ouvrir l'agence le samedi matin
23/08/2025 15:58,Zone Ouest,Agence de la Corniche,Conseiller clientèle,4,4,Agence propre et bien organisée,Agence propre et bien organisée,Ajouter un guichet automatique dans le quartier
25/08/2025 08:45,Zone Nord,Agence des Palmiers,Guichet,4,4,Personnel accueillant et souriant,,
25/08/2025 09:01,Zone Nord,Agence des Palmiers,Guichet,3,4,,,Former le personnel à l'accueil des clients
25/08/2025 09:29,Zone Sud,Agence des Collines,Guichet,4,4,Personnel accueillant et souriant,Agence propre et bien organisée,
25/08/2025 10:31,Zone Est,Agence de l'Horloge,Conseiller clientèle,4,5,,Très bonne orientation dès l'entrée,
25/08/2025 11:17,Zone Centre,Agence du Parc,Conseiller clientèle,3,4,,,
25/08/2025 11:57,Zone Sud,Agence des Collines,Guichet,3,3,,,
25/08/2025 12:43,Zone Ouest,Agence de la Corniche,Conseiller clientèle,4,5,Guichet automatique souvent en panne,Peu d'écoute face à ma réclamation,Améliorer le temps d'attente en agence
25/08/2025 14:09,Zone Nord,Agence des Palmiers,Application mobile,4,3,,,
25/08/2025 14:48,Zone Nord,Agence du Littoral,GAB,5,5,Personnel accueillant et souriant,Personnel accueillant et souriant,
25/08/2025 14:50,Zone Est,Agence de l'Horloge,Conseiller clientèle,4,4,,,
25/08/2025 16:03,Zone Est,Agence de l'Horloge,Accueil,4,2,Agence propre et bien organisée,File d'attente mal organisée,Réduire les frais de tenue de compte
26/08/2025 08:16,Zone Nord,Agence des Palmiers,Guichet,4,3,,,
26/08/2025 10:12,Zone Centre,Agence de la Gare,Guichet,4,3,Prise en charge rapide au guichet,,Ouvrir l'agence le samedi matin
26/08/2025 10:28,Zone Sud,Agence des Collines,Conseiller clientèle,2,3,Horaires d'ouverture peu pratiques,Conseiller à l'écoute du client,Augmenter le personnel aux heures de pointe
26/08/2025 11:04,Zone Sud,Agence des Collines,Guichet,5,4,,Prise en charge rapide au guichet,Améliorer le temps d'attente en agence
26/08/2025 11:44,Zone Centre,Agence du Parc,Conseiller clientèle,5,4,Agence propre et bien organisée,Agence propre et bien organisée,Ouvrir l'agence le samedi matin
26/08/2025 13:32,Zone Ouest,Agence du Phare,Conseiller clientèle,4,4,Très bonne orientation dès l'entrée,,
27/08/2025 08:08,Zone Est,Agence de l'Horloge,GAB,4,3,Personnel accueillant et souriant,,Augmenter le personnel aux heures de pointe
27/08/2025 09:13,Zone Ouest,Agence du Phare,Guichet,5,4,,Personnel accueillant et souriant,Former le personnel à l'accueil des clients
27/08/2025 09:24,Zone Nord,Agence des Dunes,Conseiller clientèle,4,3,,,Améliorer l'application mobile de la banque
27/08/2025 10:13,Zone Est,Agence du Stade,Guichet,4,4,Très bonne orientation dès l'entrée,Agence propre et bien organisée,Améliorer l'application mobile de la banque
27/08/2025 11:19,Zone Centre,Agence du Marché,Application mobile,3,3,,Temps d'attente trop long au guichet,Installer plus de sièges dans la salle d'attente
27/08/2025 11:23,Zone Centre,Agence de la Gare,Application mobile,5,3,,Agence propre et bien organisée,Augmenter le personnel aux heures de pointe
27/08/2025 12:15,Zone Ouest,Agence de la Corniche,Conseiller clientèle,4,4,,Très bonne orientation dès l'entrée,Former le personnel à l'accueil des clients
27/08/2025 15:31,Zone Est,Agence des Acacias,Accueil,5,4,,Service rapide et efficace,Améliorer l'application mobile de la banque
27/08/2025 17:17,Zone Nord,Agence du Littoral,Conseiller clientèle,4,5,Très bonne orientation dès l'entrée,Personnel accueillant et souriant,
28/08/2025 08:15,Zone Nord,Agence des Palmiers,Guichet,4,5,Service rapide et efficace,,Augmenter le personnel aux heures de pointe
28/08/2025 08:42,Zone Centre,Agence de la Gare,Conseiller clientèle,5,4,Conseiller à l'écoute du client,,Former le personnel à l'accueil des clients
28/08/2025 09:14,Zone Nord,Agence des Dunes,Application mobile,5,5,Conseiller à l'écoute du client,Agence propre et bien organisée,Former le personnel à l'accueil des clients
28/08/2025 09:35,Zone Nord,Agence des Dunes,Guichet,4,4,,Très bonne orientation dès l'entrée,Climatiser la salle d'attente de l'agence
28/08/2025 10:02,Zone Est,Agence des Acacias,GAB,3,4,,Agence propre et bien organisée,Ajouter un guichet automatique dans le quartier
28/08/2025 10:51,Zone Nord,Agence des Palmiers,GAB,4,4,,Conseiller à l'écoute du client,
28/08/2025 10:51,Zone Est,Agence des Acacias,Conseiller clientèle,5,5,Personnel accueillant et souriant,Agence propre et bien organisée,Réduire le temps d'attente au guichet
28/08/2025 10:52,Zone Centre,Agence du Parc,Conseiller clientèle,4,4,Personnel accueillant et souriant,Service rapide et efficace,
28/08/2025 11:02,Zone Ouest,Agence du Phare,Guichet,4,5,Conseiller à l'écoute du client,Conseiller à l'écoute du client,Ajouter un guichet automatique dans le quartier
28/08/2025 11:53,Zone Ouest,Agence du Phare,GAB,5,3,,,
28/08/2025 13:27,Zone Nord,Agence des Palmiers,Guichet,4,4,,Manque de personnel aux heures de pointe,Former le personnel à l'accueil des clients
28/08/2025 14:24,Zone Ouest,Agence de la Corniche,GAB,4,3,Service rapide et efficace,Agence propre et bien organisée,Installer plus de sièges dans la salle d'attente
28/08/2025 15:27,Zone Nord,Agence des Dunes,Accueil,3,5,Prise en charge rapide au guichet,Peu d'écoute face à ma réclamation,
28/08/2025 16:08,Zone Nord,Agence du Littoral,Accueil,3,4,Guichet automatique souvent en panne,Agence propre et bien organisée,
29/08/2025 08:03,Zone Nord,Agence des Dunes,GAB,3,5,,Agence propre et bien organisée,Ouvrir l'agence le samedi matin
29/08/2025 08:13,Zone Centre,Agence du Parc,Centre d'appels,3,4,Guichet automatique souvent en panne,,Climatiser la salle d'attente de l'agence
29/08/2025 08:56,Zone Sud,Agence de la Rivière,Guichet,3,3,Personnel accueillant et souriant,,Augmenter le personnel aux heures de pointe
29/08/2025 09:41,Zone Centre,Agence du Parc,Centre d'appels,3,3,,,
29/08/2025 09:49,Zone Ouest,Agence du Phare,Application mobile,4,3,Personnel accueillant et souriant,Manque de personnel aux heures de pointe,
29/08/2025 11:29,Zone Est,Agence du Stade,Guichet,3,3,Manque de personnel aux heures de pointe,Très bonne orientation dès l'entrée,Améliorer le temps d'attente en agence
29/08/2025 11:31,Zone Centre,Agence du Parc,GAB,5,4,Personnel accueillant et souriant,Agence propre et bien organisée,
29/08/2025 11:34,Zone Centre,Agence de la Gare,Conseiller clientèle,3,5,Personnel accueillant et souriant,Personnel accueillant et souriant,Améliorer le temps d'attente en agence
29/08/2025 12:41,Zone Est,Agence des Acacias,Centre d'appels,5,5,,,
29/08/2025 12:48,Zone Est,Agence de l'Horloge,Guichet,3,3,,,Ajouter un guichet automatique dans le quartier
29/08/2025 12:53,Zone Centre,Agence du Marché,Application mobile,4,4,,,Réduire les frais de tenue de compte
29/08/2025 14:38,Zone Nord,Agence du Littoral,Guichet,5,5,,Agence propre et bien organisée,
29/08/2025 16:33,Zone Ouest,Agence du Phare,Conseiller clientèle,2,5,Temps d'attente trop long au guichet,Peu d'écoute face à ma réclamation,Améliorer le temps d'attente en agence
30/08/2025 10:37,Zone Centre,Agence de la Gare,Conseiller clientèle,4,5,Temps d'attente trop long au guichet,,Ouvrir l'agence le samedi matin
30/08/2025 11:21,Zone Est,Agence de l'Horloge,Guichet,4,4,Prise en charge rapide au guichet,,Mettre en place un système de tickets plus clair
30/08/2025 11:47,Zone Nord,Agence du Littoral,Guichet,4,5,Prise en charge rapide au guichet,Peu d'écoute face à ma réclamation,
30/08/2025 12:02,Zone Nord,Agence du Littoral,Guichet,3,5,,,
30/08/2025 13:47,Zone Sud,Agence de la Rivière,Guichet,3,2,,Temps d'attente trop long au guichet,
30/08/2025 13:48,Zone Centre,Agence de la Gare,Guichet,5,3,Personnel accueillant et souriant,,
30/08/2025 15:22,Zone Est,Agence du Stade,Conseiller clientèle,3,4,,,
30/08/2025 15:43,Zone Est,Agence des Acacias,Guichet,4,4,,,
01/09/2025 08:08,Zone Ouest,Agence de la Corniche,Guichet,5,2,Conseiller à l'écoute du client,Guichet automatique souvent en panne,
01/09/2025 08:21,Zone Sud,Agence des Collines,Conseiller clientèle,3,3,File d'attente mal organisée,,Installer plus de sièges dans la salle d'attente
01/09/2025 09:41,Zone Nord,Agence du Littoral,GAB,5,5,Prise en charge rapide au guichet,,
01/09/2025 09:46,Zone Centre,Agence de la Gare,Accueil,3,4,,Personnel accueillant et souriant,
01/09/2025 10:46,Zone Nord,Agence du Littoral,Centre d'appels,5,5,,,
01/09/2025 11:37,Zone Sud,Agence de la Rivière,GAB,4,3,,,
01/09/2025 12:27,Zone Est,Agence du Stade,Conseiller clientèle,2,3,Personnel accueillant et souriant,File d'attente mal organisée,
01/09/2025 14:47,Zone Centre,Agence du Parc,GAB,5,4,,Horaires d'ouverture peu pratiques,Ouvrir l'agence le samedi matin
01/09/2025 16:19,Zone Nord,Agence du Littoral,Guichet,3,4,,Personnel accueillant et souriant,
01/09/2025 16:21,Zone Est,Agence de l'Horloge,Accueil,5,4,Service rapide et efficace,Très bonne orientation dès l'entrée,
01/09/2025 17:42,Zone Centre,Agence du Parc,Conseiller clientèle,5,4,,Personnel accueillant et souriant,Réduire le temps d'attente au guichet
02/09/2025 08:20,Zone Sud,Agence de la Rivière,Guichet,3,3,Agence propre et bien organisée,,Réduire les frais de tenue de compte
02/09/2025 08:52,Zone Centre,Agence du Parc,Accueil,4,4,Peu d'écoute face à ma réclamation,,
02/09/2025 09:41,Zone Est,Agence des Acacias,Accueil,5,5,,,
02/09/2025 10:48,Zone Sud,Agence de la Rivière,Centre d'appels,3,3,,,Améliorer le temps d'attente en agence
02/09/2025 10:56,Zone Ouest,Agence de la Corniche,Conseiller clientèle,4,5,Prise en charge rapide au guichet,Prise en charge rapide au guichet,Améliorer le temps d'attente en agence
02/09/2025 10:58,Zone Sud,Agence de la Rivière,Conseiller clientèle,4,4,Service rapide et efficace,Agence propre et bien organisée,
02/09/2025 12:08,Zone Nord,Agence du Littoral,Application mobile,5,4,,Conseiller à l'écoute du client,
02/09/2025 14:18,Zone Nord,Agence des Dunes,Accueil,4,4,Conseiller à l'écoute du client,Personnel accueillant et souriant,Former le personnel à l'accueil des clients
02/09/2025 14:49,Zone Sud,Agence des Collines,Accueil,3,3,,,
02/09/2025 15:11,Zone Sud,Agence des Collines,Conseiller clientèle,5,2,,Guichet automatique souvent en panne,Améliorer l'application mobile de la banque
02/09/2025 15:16,Zone Sud,Agence de la Rivière,GAB,3,4,Guichet automatique souvent en panne,Prise en charge rapide au guichet,Améliorer le temps d'attente en agence
02/09/2025 15:43,Zone Nord,Agence du Littoral,Application mobile,5,5,Personnel accueillant et souriant,,
02/09/2025 16:06,Zone Nord,Agence des Dunes,Guichet,4,2,,Manque de personnel aux heures de pointe,Réduire les frais de tenue de compte
02/09/2025 16:24,Zone Sud,Agence des Collines,Guichet,4,4,Personnel accueillant et souriant,Très bonne orientation dès l'entrée,Mettre en place un système de tickets plus clair
03/09/2025 08:35,Zone Ouest,Agence de la Corniche,Accueil,5,5,Prise en charge rapide au guichet,Agence propre et bien organisée,Former le personnel à l'accueil des clients
03/09/2025 09:00,Zone Est,Agence de l'Horloge,Guichet,3,5,,Personnel accueillant et souriant,
03/09/2025 09:14,Zone Est,Agence des Acacias,Guichet,5,5,,Personnel accueillant et souriant,Ajouter un guichet automatique dans le quartier
03/09/2025 11:01,Zone Nord,Agence des Palmiers,GAB,4,5,Agence propre et bien organisée,,Ouvrir l'agence le samedi matin
03/09/2025 11:01,Zone Est,Agence du Stade,GAB,4,3,Très bonne orientation dès l'entrée,File d'attente mal organisée,Améliorer l'application mobile de la banque
03/09/2025 11:53,Zone Est,Agence de l'Horloge,Guichet,5,3,Très bonne orientation dès l'entrée,,Augmenter le personnel aux heures de pointe
03/09/2025 13:38,Zone Centre,Agence de la Gare,Guichet,4,4,Agence propre et bien organisée,Très bonne orientation dès l'entrée,
03/09/2025 14:38,Zone Ouest,Agence de la Corniche,GAB,5,5,,Agence propre et bien organisée,Réduire le temps d'attente au guichet
03/09/2025 14:51,Zone Nord,Agence du Littoral,Conseiller clientèle,5,5,Prise en charge rapide au guichet,Conseiller à l'écoute du client,
03/09/2025 15:03,Zone Nord,Agence des Dunes,Accueil,5,4,,,Installer plus de sièges dans la salle d'attente
03/09/2025 15:19,Zone Est,Agence des Acacias,Accueil,3,4,,Conseiller à l'écoute du client,Former le personnel à l'accueil des clients
03/09/2025 16:37,Zone Sud,Agence des Collines,Centre d'appels,3,2,,Temps d'attente trop long au guichet,Former le personnel à l'accueil des clients
03/09/2025 17:10,Zone Nord,Agence du Littoral,GAB,4,5,,Service rapide et efficace,Ouvrir l'agence le samedi matin
04/09/2025 08:17,Zone Est,Agence de l'Horloge,Centre d'appels,5,5,Prise en charge rapide au guichet,Personnel accueillant et souriant,
04/09/2025 08:24,Zone Est,Agence du Stade,Guichet,4,3,Service rapide et efficace,,
04/09/2025 08:33,Zone Sud,Agence de la Rivière,Accueil,2,3,,,
04/09/2025 11:08,Zone Nord,Agence du Littoral,Guichet,5,5,Prise en charge rapide au guichet,Service rapide et efficace,
04/09/2025 13:14,Zone Est,Agence des Acacias,Guichet,4,4,Prise en charge rapide au guichet,,Augmenter le personnel aux heures de pointe
04/09/2025 13:29,Zone Est,Agence du Stade,Conseiller clientèle,3,3,Manque de personnel aux heures de pointe,Service rapide et efficace,Mettre en place un système de tickets plus clair
04/09/2025 14:23,Zone Nord,Agence des Palmiers,Guichet,4,5,Prise en charge rapide au guichet,Prise en charge rapide au guichet,Ouvrir l'agence le samedi matin
04/09/2025 16:02,Zone Centre,Agence de la Gare,GAB,4,4,Prise en charge rapide au guichet,Service rapide et efficace,Proposer plus de services sur l'application mobile
04/09/2025 16:12,Zone Ouest,Agence de la Corniche,Guichet,4,5,Service rapide et efficace,Très bonne orientation dès l'entrée,Améliorer l'application mobile de la banque
04/09/2025 16:50,Zone Centre,Agence du Parc,Application mobile,5,4,Conseiller à l'écoute du client,,Ouvrir l'agence le samedi matin
05/09/2025 08:18,Zone Nord,Agence des Palmiers,Accueil,4,3,Agence propre et bien organisée,,
05/09/2025 08:37,Zone Nord,Agence des Dunes,Centre d'appels,4,2,Prise en charge rapide au guichet,Peu d'écoute face à ma réclamation,
05/09/2025 09:04,Zone Nord,Agence des Palmiers,GAB,4,5,,,
05/09/2025 09:17,Zone Centre,Agence du Marché,GAB,3,5,,Agence propre et bien organisée,
05/09/2025 09:27,Zone Nord,Agence des Dunes,Guichet,5,4,,Prise en charge rapide au guichet,
05/09/2025 09:46,Zone Sud,Agence de la Rivière,Application mobile,3,4,,,
05/09/2025 16:01,Zone Nord,Agence des Dunes,Guichet,4,4,Agence propre et bien organisée,Prise en charge rapide au guichet,
06/09/2025 09:57,Zone Ouest,Agence du Phare,Guichet,5,5,,Conseiller à l'écoute du client,
06/09/2025 10:24,Zone Ouest,Agence de la Corniche,Conseiller clientèle,4,3,Agence propre et bien organisée,,Augmenter le personnel aux heures de pointe
06/09/2025 10:56,Zone Centre,Agence de la Gare,GAB,5,5,Prise en charge rapide au guichet,Prise en charge rapide au guichet,Ajouter un guichet automatique dans le quartier
06/09/2025 11:15,Zone Ouest,Agence de la Corniche,Conseiller clientèle,2,3,File d'attente mal organisée,,
06/09/2025 12:07,Zone Ouest,Agence du Phare,Centre d'appels,5,3,Conseiller à l'écoute du client,Temps d'attente trop long au guichet,
06/09/2025 12:21,Zone Nord,Agence des Palmiers,Conseiller clientèle,5,4,Manque de personnel aux heures de pointe,Prise en charge rapide au guichet,Proposer plus de services sur l'application mobile
06/09/2025 12:25,Zone Ouest,Agence du Phare,Application mobile,3,2,Agence propre et bien organisée,Peu d'écoute face à ma réclamation,
06/09/2025 14:14,Zone Est,Agence du Stade,Guichet,3,2,,File d'attente mal organisée,Réduire le temps d'attente au guichet
06/09/2025 15:37,Zone Nord,Agence des Dunes,Accueil,4,3,,,
06/09/2025 17:09,Zone Nord,Agence du Littoral,Conseiller clientèle,5,5,,,Améliorer le temps d'attente en agence
06/09/2025 17:51,Zone Centre,Agence de la Gare,GAB,5,5,,Manque de personnel aux heures de pointe,
08/09/2025 08:42,Zone Est,Agence de l'Horloge,Accueil,5,4,Prise en charge rapide au guichet,,Réduire les frais de tenue de compte
08/09/2025 09:32,Zone Nord,Agence des Palmiers,Guichet,5,3,,Service rapide et efficace,Climatiser la salle d'attente de l'agence
08/09/2025 09:35,Zone Centre,Agence du Marché,Centre d'appels,2,3,Horaires d'ouverture peu pratiques,,Climatiser la salle d'attente de l'agence
08/09/2025 10:18,Zone Ouest,Agence de la Corniche,Accueil,5,3,Agence propre et bien organisée,,Améliorer l'application mobile de la banque
08/09/2025 10:32,Zone Centre,Agence du Parc,Centre d'appels,3,4,,,
08/09/2025 10:55,Zone Ouest,Agence de la Corniche,Centre d'appels,3,3,,,Mettre en place un système de tickets plus clair
08/09/2025 15:41,Zone Sud,Agence des Collines,Guichet,4,5,,Très bonne orientation dès l'entrée,Réduire les frais de tenue de compte
08/09/2025 16:41,Zone Sud,Agence des Collines,Conseiller clientèle,4,4,,Temps d'attente trop long au guichet,Ouvrir l'agence le samedi matin
09/09/2025 09:19,Zone Centre,Agence de la Gare,Accueil,4,5,Agence propre et bien organisée,Personnel accueillant et souriant,
09/09/2025 11:10,Zone Nord,Agence du Littoral,Conseiller clientèle,5,4,,Prise en charge rapide au guichet,Améliorer le temps d'attente en agence
09/09/2025 11:56,Zone Est,Agence du Stade,GAB,4,5,,Personnel accueillant et souriant,
09/09/2025 16:40,Zone Sud,Agence des Collines,Accueil,4,2,Service rapide et efficace,,
09/09/2025 17:09,Zone Ouest,Agence du Phare,Conseiller clientèle,4,2,Temps d'attente trop long au guichet,File d'attente mal organisée,Mettre en place un système de tickets plus clair
09/09/2025 17:34,Zone Ouest,Agence de la Corniche,Guichet,4,3,Prise en charge rapide au guichet,,Former le personnel à l'accueil des clients
10/09/2025 08:31,Zone Sud,Agence des Collines,Guichet,4,4,Service rapide et efficace,,Former le personnel à l'accueil des clients
10/09/2025 09:17,Zone Est,Agence des Acacias,Conseiller clientèle,5,3,,,Réduire les frais de tenue de compte
10/09/2025 09:21,Zone Nord,Agence des Dunes,Conseiller clientèle,5,5,,Temps d'attente trop long au guichet,
10/09/2025 10:06,Zone Nord,Agence des Dunes,Guichet,4,3,Manque de personnel aux heures de pointe,,Proposer plus de services sur l'application mobile
10/09/2025 10:25,Zone Nord,Agence des Dunes,Conseiller clientèle,3,3,,Prise en charge rapide au guichet,
10/09/2025 10:45,Zone Sud,Agence de la Rivière,Guichet,2,5,File d'attente mal organisée,Très bonne orientation dès l'entrée,
10/09/2025 10:58,Zone Ouest,Agence du Phare,Conseiller clientèle,5,4,Agence propre et bien organisée,Service rapide et efficace,Augmenter le personnel aux heures de pointe
10/09/2025 11:11,Zone Nord,Agence du Littoral,Guichet,5,5,,File d'attente mal organisée,Augmenter le personnel aux heures de pointe
10/09/2025 11:18,Zone Ouest,Agence de la Corniche,Guichet,4,4,Très bonne orientation dès l'entrée,Personnel accueillant et souriant,Réduire le temps d'attente au guichet
10/09/2025 11:52,Zone Est,Agence du Stade,Application mobile,3,3,,,Améliorer l'application mobile de la banque
10/09/2025 12:06,Zone Sud,Agence de la Rivière,Accueil,5,3,,,Climatiser la salle d'attente de l'agence
10/09/2025 12:34,Zone Est,Agence du Stade,Conseiller clientèle,5,4,Personnel accueillant et souriant,Service rapide et efficace,Réduire le temps d'attente au guichet
10/09/2025 12:45,Zone Centre,Agence du Parc,Guichet,4,5,Très bonne orientation dès l'entrée,Conseiller à l'écoute du client,Mettre en place un système de tickets plus clair
10/09/2025 12:58,Zone Ouest,Agence du Phare,Guichet,3,4,,Service rapide et efficace,
10/09/2025 13:22,Zone Est,Agence de l'Horloge,Conseiller clientèle,5,5,Conseiller à l'écoute du client,Agence propre et bien organisée,Climatiser la salle d'attente de l'agence
10/09/2025 14:08,Zone Nord,Agence des Palmiers,Guichet,5,3,Agence propre et bien organisée,,Former le personnel à l'accueil des clients
10/09/2025 15:03,Zone Ouest,Agence de la Corniche,Conseiller clientèle,2,5,Manque de personnel aux heures de pointe,,Installer plus de sièges dans la salle d'attente
10/09/2025 15:55,Zone Sud,Agence de la Rivière,Conseiller clientèle,4,4,Prise en charge rapide au guichet,Service rapide et efficace,Climatiser la salle d'attente de l'agence
10/09/2025 16:48,Zone Nord,Agence des Palmiers,GAB,4,5,Service rapide et efficace,Service rapide et efficace,
11/09/2025 08:17,Zone Ouest,Agence de la Corniche,Conseiller clientèle,3,3,,Horaires d'ouverture peu pratiques,Réduire le temps d'attente au guichet
11/09/2025 09:17,Zone Sud,Agence de la Rivière,Guichet,3,4,Manque de personnel aux heures de pointe,Très bonne orientation dès l'entrée,Former le personnel à l'accueil des clients
11/09/2025 12:15,Zone Nord,Agence des Dunes,GAB,4,4,,,
11/09/2025 12:59,Zone Est,Agence des Acacias,Guichet,4,4,Très bonne orientation dès l'entrée,,
11/09/2025 14:02,Zone Nord,Agence du Littoral,Guichet,5,5,,Horaires d'ouverture peu pratiques,Installer plus de sièges dans la salle d'attente
11/09/2025 14:05,Zone Centre,Agence de la Gare,Conseiller clientèle,5,5,Prise en charge rapide au guichet,Horaires d'ouverture peu pratiques,Améliorer le temps d'attente en agence
11/09/2025 15:44,Zone Est,Agence des Acacias,Guichet,5,3,Agence propre et bien organisée,,Mettre en place un système de tickets plus clair
11/09/2025 15:50,Zone Centre,Agence du Marché,Accueil,5,4,Service rapide et efficace,Conseiller à l'écoute du client,Réduire le temps d'attente au guichet
11/09/2025 16:53,Zone Est,Agence des Acacias,Centre d'appels,4,5,,Prise en charge rapide au guichet,
12/09/2025 08:59,Zone Ouest,Agence de la Corniche,Guichet,3,3,,,
12/09/2025 09:29,Zone Nord,Agence des Dunes,GAB,3,2,,Manque de personnel aux heures de pointe,Réduire le temps d'attente au guichet
12/09/2025 10:20,Zone Sud,Agence des Collines,Application mobile,5,5,Très bonne orientation dès l'entrée,Très bonne orientation dès l'entrée,
12/09/2025 10:34,Zone Centre,Agence du Marché,Guichet,5,3,Prise en charge rapide au guichet,,Climatiser la salle d'attente de l'agence
12/09/2025 10:46,Zone Nord,Agence des Dunes,Application mobile,4,4,Très bonne orientation dès l'entrée,Prise en charge rapide au guichet,Proposer plus de services sur l'application mobile
12/09/2025 13:00,Zone Est,Agence de l'Horloge,Centre d'appels,5,4,Prise en charge rapide au guichet,Très bonne orientation dès l'entrée,
12/09/2025 14:53,Zone Centre,Agence du Parc,Conseiller clientèle,3,5,,,Mettre en place un système de tickets plus clair
12/09/2025 15:04,Zone Nord,Agence des Dunes,Guichet,2,4,Temps d'attente trop long au guichet,Temps d'attente trop long au guichet,Former le personnel à l'accueil des clients
12/09/2025 15:13,Zone Centre,Agence de la Gare,Conseiller clientèle,5,3,Guichet automatique souvent en panne,,
12/09/2025 16:22,Zone Sud,Agence de la Rivière,Accueil,3,5,,,
12/09/2025 17:12,Zone Nord,Agence des Palmiers,Application mobile,4,5,Conseiller à l'écoute du client,Très bonne orientation dès l'entrée,
12/09/2025 17:19,Zone Est,Agence des Acacias,Accueil,5,5,Prise en charge rapide au guichet,Personnel accueillant et souriant,Climatiser la salle d'attente de l'agence
13/09/2025 09:07,Zone Centre,Agence du Parc,Application mobile,2,5,Guichet automatique souvent en panne,Conseiller à l'écoute du client,Installer plus de sièges dans la salle d'attente
13/09/2025 09:46,Zone Nord,Agence du Littoral,Accueil,3,4,,Agence propre et bien organisée,Ajouter un guichet automatique dans le quartier
13/09/2025 10:23,Zone Sud,Agence des Collines,Centre d'appels,4,3,Agence propre et bien organisée,,Climatiser la salle d'attente de l'agence
13/09/2025 10:51,Zone Centre,Agence de la Gare,Application mobile,5,3,Personnel accueillant et souriant,File d'attente mal organisée,
13/09/2025 15:31,Zone Nord,Agence des Palmiers,Guichet,5,5,Très bonne orientation dès l'entrée,Conseiller à l'écoute du client,Mettre en place un système de tickets plus clair
13/09/2025 16:07,Zone Sud,Agence des Collines,Guichet,3,4,,,Réduire les frais de tenue de compte
15/09/2025 09:49,Zone Est,Agence de l'Horloge,Conseiller clientèle,5,4,Prise en charge rapide au guichet,Personnel accueillant et souriant,
15/09/2025 10:20,Zone Centre,Agence de la Gare,Accueil,4,5,Très bonne orientation dès l'entrée,,
15/09/2025 11:01,Zone Est,Agence des Acacias,Application mobile,5,3,Agence propre et bien organisée,,Ouvrir l'agence le samedi matin
15/09/2025 11:20,Zone Nord,Agence du Littoral,Guichet,3,4,,Personnel accueillant et souriant,
15/09/2025 11:26,Zone Est,Agence du Stade,GAB,4,4,,Agence propre et bien organisée,Ouvrir l'agence le samedi matin
15/09/2025 14:21,Zone Sud,Agence de la Rivière,GAB,5,4,,Manque de personnel aux heures de pointe,Mettre en place un système de tickets plus clair
15/09/2025 14:40,Zone Centre,Agence de la Gare,Conseiller clientèle,5,5,Prise en charge rapide au guichet,,Ajouter un guichet automatique dans le quartier
15/09/2025 16:46,Zone Est,Agence du Stade,Conseiller clientèle,3,5,,,
16/09/2025 09:49,Zone Centre,Agence du Marché,Guichet,3,4,,Personnel accueillant et souriant,
16/09/2025 10:13,Zone Centre,Agence de la Gare,Guichet,4,5,,Service rapide et efficace,
16/09/2025 11:12,Zone Nord,Agence du Littoral,Guichet,5,5,,,
16/09/2025 11:56,Zone Nord,Agence des Dunes,Centre d'appels,4,5,Très bonne orientation dès l'entrée,Personnel accueillant et souriant,Ouvrir l'agence le samedi matin
16/09/2025 13:33,Zone Nord,Agence des Palmiers,Application mobile,5,5,Personnel accueillant et souriant,,
16/09/2025 14:28,Zone Sud,Agence de la Rivière,GAB,3,4,Prise en charge rapide au guichet,Très bonne orientation dès l'entrée,
16/09/2025 15:15,Zone Nord,Agence des Palmiers,Accueil,4,2,,,
16/09/2025 15:33,Zone Est,Agence des Acacias,Conseiller clientèle,5,3,,,Proposer plus de services sur l'application mobile
16/09/2025 16:50,Zone Ouest,Agence de la Corniche,Conseiller clientèle,4,1,Personnel accueillant et souriant,Temps d'attente trop long au guichet,
17/09/2025 08:00,Zone Sud,Agence des Collines,Guichet,3,4,,Prise en charge rapide au guichet,
17/09/2025 09:58,Zone Centre,Agence de la Gare,Centre d'appels,4,5,,,Augmenter le personnel aux heures de pointe
17/09/2025 10:31,Zone Est,Agence des Acacias,Guichet,3,4,,Manque de personnel aux heures de pointe,
17/09/2025 11:12,Zone Nord,Agence des Dunes,Guichet,4,5,Très bonne orientation dès l'entrée,Très bonne orientation dès l'entrée,Installer plus de sièges dans la salle d'attente
17/09/2025 12:29,Zone Ouest,Agence de la Corniche,Guichet,5,4,Guichet automatique souvent en panne,Prise en charge rapide au guichet,Ouvrir l'agence le samedi matin
17/09/2025 14:50,Zone Centre,Agence de la Gare,Guichet,5,5,Service rapide et efficace,Prise en charge rapide au guichet,Climatiser la salle d'attente de l'agence
18/09/2025 08:06,Zone Centre,Agence de la Gare,GAB,5,4,,,Améliorer le temps d'attente en agence
18/09/2025 08:23,Zone Est,Agence des Acacias,Conseiller clientèle,5,4,Conseiller à l'écoute du client,,Installer plus de sièges dans la salle d'attente
18/09/2025 09:52,Zone Nord,Agence du Littoral,Accueil,5,5,,Personnel accueillant et souriant,Installer plus de sièges dans la salle d'attente
18/09/2025 10:00,Zone Centre,Agence de la Gare,GAB,4,4,Très bonne orientation dès l'entrée,Service rapide et efficace,
18/09/2025 10:50,Zone Nord,Agence des Dunes,Centre d'appels,5,2,Agence propre et bien organisée,Horaires d'ouverture peu pratiques,
18/09/2025 10:58,Zone Centre,Agence de la Gare,GAB,3,4,Service rapide et efficace,Personnel accueillant et souriant,Proposer plus de services sur l'application mobile
18/09/2025 11:15,Zone Nord,Agence des Palmiers,Guichet,4,4,,,Mettre en place un système de tickets plus clair
18/09/2025 11:34,Zone Nord,Agence des Dunes,Guichet,3,3,Guichet automatique souvent en panne,Agence propre et bien organisée,
18/09/2025 11:49,Zone Est,Agence des Acacias,GAB,3,4,,Très bonne orientation dès l'entrée,
18/09/2025 13:29,Zone Centre,Agence du Marché,Guichet,5,4,,,
18/09/2025 14:24,Zone Sud,Agence des Collines,Conseiller clientèle,4,3,Conseiller à l'écoute du client,,Climatiser la salle d'attente de l'agence
18/09/2025 14:36,Zone Centre,Agence du Parc,Guichet,5,5,Très bonne orientation dès l'entrée,Service rapide et efficace,Améliorer le temps d'attente en agence
19/09/2025 09:24,Zone Nord,Agence du Littoral,Guichet,5,5,,Service rapide et efficace,
19/09/2025 10:28,Zone Ouest,Agence de la Corniche,Guichet,2,3,Peu d'écoute face à ma réclamation,,Réduire le temps d'attente au guichet
19/09/2025 11:00,Zone Centre,Agence de la Gare,Application mobile,5,4,Très bonne orientation dès l'entrée,Manque de personnel aux heures de pointe,Climatiser la salle d'attente de l'agence
19/09/2025 11:05,Zone Nord,Agence des Palmiers,Conseiller clientèle,4,3,Conseiller à l'écoute du client,Service rapide et efficace,
19/09/2025 12:00,Zone Nord,Agence des Dunes,GAB,4,4,Prise en charge rapide au guichet,Prise en charge rapide au guichet,
19/09/2025 12:46,Zone Centre,Agence du Marché,Accueil,4,4,Service rapide et efficace,Service rapide et efficace,Améliorer l'application mobile de la banque
19/09/2025 13:02,Zone Nord,Agence du Littoral,Application mobile,5,5,Agence propre et bien organisée,Manque de personnel aux heures de pointe,
19/09/2025 14:26,Zone Sud,Agence des Collines,Application mobile,4,4,Conseiller à l'écoute du client,,Ouvrir l'agence le samedi matin
19/09/2025 14:28,Zone Est,Agence des Acacias,Guichet,5,4,Très bonne orientation dès l'entrée,Agence propre et bien organisée,
20/09/2025 10:30,Zone Nord,Agence des Palmiers,Accueil,4,5,,Très bonne orientation dès l'entrée,Former le personnel à l'accueil des clients
20/09/2025 10:35,Zone Nord,Agence des Dunes,GAB,2,3,Temps d'attente trop long au guichet,,Proposer plus de services sur l'application mobile
20/09/2025 11:28,Zone Est,Agence des Acacias,Accueil,5,3,,,
20/09/2025 15:43,Zone Centre,Agence du Parc,Accueil,4,5,Conseiller à l'écoute du client,Conseiller à l'écoute du client,Installer plus de sièges dans la salle d'attente
20/09/2025 16:01,Zone Ouest,Agence de la Corniche,Guichet,4,4,Agence propre et bien organisée,,
20/09/2025 16:46,Zone Nord,Agence des Palmiers,Accueil,4,3,Prise en charge rapide au guichet,,
22/09/2025 08:34,Zone Est,Agence des Acacias,Accueil,4,4,,,Augmenter le personnel aux heures de pointe
22/09/2025 08:45,Zone Sud,Agence des Collines,Application mobile,4,3,Personnel accueillant et souriant,,Réduire les frais de tenue de compte
22/09/2025 09:31,Zone Est,Agence des Acacias,GAB,5,4,Personnel accueillant et souriant,,Climatiser la salle d'attente de l'agence
22/09/2025 11:30,Zone Est,Agence de l'Horloge,Guichet,5,3,Personnel accueillant et souriant,,Former le personnel à l'accueil des clients
22/09/2025 12:53,Zone Centre,Agence du Parc,Guichet,5,3,Agence propre et bien organisée,,Augmenter le personnel aux heures de pointe
22/09/2025 14:06,Zone Centre,Agence du Parc,Accueil,4,5,,Personnel accueillant et souriant,Climatiser la salle d'attente de l'agence
22/09/2025 15:12,Zone Nord,Agence du Littoral,Conseiller clientèle,5,4,Service rapide et efficace,,Mettre en place un système de tickets plus clair
22/09/2025 16:45,Zone Est,Agence des Acacias,Guichet,4,5,Personnel accueillant et souriant,,
23/09/2025 08:37,Zone Nord,Agence du Littoral,Guichet,5,4,Service rapide et efficace,Très bonne orientation dès l'entrée,Réduire les frais de tenue de compte
23/09/2025 09:48,Zone Ouest,Agence de la Corniche,Application mobile,5,4,Personnel accueillant et souriant,,Améliorer le temps d'attente en agence
23/09/2025 10:35,Zone Centre,Agence du Parc,Accueil,5,4,Prise en charge rapide au guichet,Prise en charge rapide au guichet,Installer plus de sièges dans la salle d'attente
23/09/2025 11:03,Zone Est,Agence du Stade,GAB,5,4,Service rapide et efficace,Personnel accueillant et souriant,Réduire les frais de tenue de compte
23/09/2025 11:06,Zone Ouest,Agence du Phare,Guichet,2,3,Peu d'écoute face à ma réclamation,,Augmenter le personnel aux heures de pointe
23/09/2025 12:25,Zone Est,Agence du Stade,GAB,4,5,Conseiller à l'écoute du client,Prise en charge rapide au guichet,Réduire le temps d'attente au guichet
23/09/2025 13:15,Zone Nord,Agence des Palmiers,Centre d'appels,5,4,Agence propre et bien organisée,Peu d'écoute face à ma réclamation,Réduire le temps d'attente au guichet
23/09/2025 14:23,Zone Est,Agence des Acacias,Application mobile,4,4,,Agence propre et bien organisée,
23/09/2025 15:40,Zone Ouest,Agence de la Corniche,Guichet,4,2,Très bonne orientation dès l'entrée,Peu d'écoute face à ma réclamation,
23/09/2025 15:58,Zone Nord,Agence du Littoral,Conseiller clientèle,5,4,Temps d'attente trop long au guichet,,
24/09/2025 09:05,Zone Centre,Agence du Parc,GAB,5,2,,Temps d'attente trop long au guichet,Climatiser la salle d'attente de l'agence
24/09/2025 09:15,Zone Sud,Agence des Collines,Centre d'appels,5,4,Personnel accueillant et souriant,Personnel accueillant et souriant,
24/09/2025 09:18,Zone Centre,Agence de la Gare,Application mobile,4,2,Prise en charge rapide au guichet,File d'attente mal organisée,Mettre en place un système de tickets plus clair
24/09/2025 10:09,Zone Centre,Agence de la Gare,Centre d'appels,4,3,Prise en charge rapide au guichet,Peu d'écoute face à ma réclamation,Réduire les frais de tenue de compte
24/09/2025 10:23,Zone Ouest,Agence de la Corniche,GAB,3,5,,Agence propre et bien organisée,
24/09/2025 10:50,Zone Sud,Agence de la Rivière,Centre d'appels,3,2,,Horaires d'ouverture peu pratiques,
24/09/2025 11:53,Zone Centre,Agence du Parc,Guichet,3,4,,Prise en charge rapide au guichet,Réduire le temps d'attente au guichet
24/09/2025 12:07,Zone Est,Agence de l'Horloge,Application mobile,5,4,Personnel accueillant et souriant,,Installer plus de sièges dans la salle d'attente
24/09/2025 12:08,Zone Est,Agence des Acacias,Conseiller clientèle,3,4,Très bonne orientation dès l'entrée,Agence propre et bien organisée,Ajouter un guichet automatique dans le quartier
24/09/2025 13:33,Zone Ouest,Agence de la Corniche,Centre d'appels,3,5,,Conseiller à l'écoute du client,Installer plus de sièges dans la salle d'attente
24/09/2025 13:34,Zone Centre,Agence de la Gare,Guichet,3,3,File d'attente mal organisée,,
24/09/2025 15:13,Zone Nord,Agence des Dunes,Guichet,5,3,,,Mettre en place un système de tickets plus clair
24/09/2025 16:47,Zone Nord,Agence du Littoral,GAB,4,5,Très bonne orientation dès l'entrée,Personnel accueillant et souriant,Former le personnel à l'accueil des clients
25/09/2025 09:05,Zone Sud,Agence des Collines,Guichet,5,4,Conseiller à l'écoute du client,Très bonne orientation dès l'entrée,Réduire le temps d'attente au guichet
25/09/2025 09:35,Zone Est,Agence du Stade,GAB,4,5,Conseiller à l'écoute du client,Guichet automatique souvent en panne,
25/09/2025 09:35,Zone Ouest,Agence de la Corniche,Application mobile,5,3,Conseiller à l'écoute du client,,Proposer plus de services sur l'application mobile
25/09/2025 09:42,Zone Centre,Agence du Parc,Conseiller clientèle,4,5,Personnel accueillant et souriant,Agence propre et bien organisée,Augmenter le personnel aux heures de pointe
25/09/2025 11:50,Zone Nord,Agence du Littoral,Guichet,5,5,,,
25/09/2025 15:14,Zone Sud,Agence de la Rivière,Guichet,5,4,,Très bonne orientation dès l'entrée,
25/09/2025 15:17,Zone Centre,Agence du Parc,Guichet,5,4,,,Ajouter un guichet automatique dans le quartier
25/09/2025 16:25,Zone Est,Agence des Acacias,GAB,2,5,Manque de personnel aux heures de pointe,Service rapide et efficace,
25/09/2025 16:43,Zone Ouest,Agence de la Corniche,Guichet,3,4,,,
25/09/2025 17:53,Zone Centre,Agence de la Gare,Conseiller clientèle,4,4,Très bonne orientation dès l'entrée,,Climatiser la salle d'attente de l'agence
26/09/2025 08:59,Zone Est,Agence des Acacias,Centre d'appels,4,4,Très bonne orientation dès l'entrée,Conseiller à l'écoute du client,Ajouter un guichet automatique dans le quartier
26/09/2025 09:29,Zone Ouest,Agence du Phare,Guichet,5,4,,,
26/09/2025 12:26,Zone Centre,Agence du Parc,Accueil,5,4,Agence propre et bien organisée,,Ajouter un guichet automatique dans le quartier
26/09/2025 14:49,Zone Centre,Agence du Marché,Guichet,5,4,,Temps d'attente trop long au guichet,Améliorer le temps d'attente en agence
26/09/2025 14:54,Zone Sud,Agence des Collines,GAB,4,5,Agence propre et bien organisée,Agence propre et bien organisée,Réduire les frais de tenue de compte
26/09/2025 15:42,Zone Centre,Agence de la Gare,Conseiller clientèle,5,4,,Prise en charge rapide au guichet,Ajouter un guichet automatique dans le quartier
26/09/2025 15:42,Zone Nord,Agence des Dunes,Guichet,4,3,Service rapide et efficace,Service rapide et efficace,Ouvrir l'agence le samedi matin
26/09/2025 15:52,Zone Centre,Agence du Parc,Guichet,5,5,Agence propre et bien organisée,Très bonne orientation dès l'entrée,
27/09/2025 13:58,Zone Ouest,Agence de la Corniche,Conseiller clientèle,4,4,Prise en charge rapide au guichet,Prise en charge rapide au guichet,Former le personnel à l'accueil des clients
27/09/2025 14:21,Zone Sud,Agence des Collines,Conseiller clientèle,5,4,Personnel accueillant et souriant,,Augmenter le personnel aux heures de pointe
27/09/2025 17:30,Zone Centre,Agence de la Gare,Conseiller clientèle,5,2,Prise en charge rapide au guichet,File d'attente mal organisée,Mettre en place un système de tickets plus clair
29/09/2025 08:42,Zone Nord,Agence du Littoral,Application mobile,5,4,,Prise en charge rapide au guichet,Améliorer le temps d'attente en agence
29/09/2025 09:04,Zone Sud,Agence des Collines,Centre d'appels,4,3,Agence propre et bien organisée,,
29/09/2025 09:10,Zone Sud,Agence des Collines,Conseiller clientèle,4,3,Agence propre et bien organisée,,
29/09/2025 09:48,Zone Est,Agence des Acacias,Application mobile,5,4,Personnel accueillant et souriant,Service rapide et efficace,Ouvrir l'agence le samedi matin
29/09/2025 10:28,Zone Est,Agence des Acacias,Application mobile,5,4,Agence propre et bien organisée,Personnel accueillant et souriant,Ouvrir l'agence le samedi matin
29/09/2025 11:39,Zone Est,Agence des Acacias,GAB,5,4,,Personnel accueillant et souriant,Proposer plus de services sur l'application mobile
29/09/2025 13:47,Zone Ouest,Agence de la Corniche,GAB,3,4,,Prise en charge rapide au guichet,
29/09/2025 15:02,Zone Sud,Agence des Collines,Accueil,5,3,,,Mettre en place un système de tickets plus clair
29/09/2025 16:29,Zone Centre,Agence du Parc,GAB,4,4,Personnel accueillant et souriant,,
30/09/2025 09:21,Zone Nord,Agence des Dunes,Centre d'appels,4,2,,,
30/09/2025 10:24,Zone Centre,Agence de la Gare,Application mobile,4,5,Service rapide et efficace,Personnel accueillant et souriant,Proposer plus de services sur l'application mobile
30/09/2025 10:32,Zone Nord,Agence des Dunes,GAB,3,3,,,
30/09/2025 11:04,Zone Centre,Agence de la Gare,Centre d'appels,4,4,Prise en charge rapide au guichet,,Installer plus de sièges dans la salle d'attente
30/09/2025 11:51,Zone Nord,Agence du Littoral,Application mobile,5,4,,Conseiller à l'écoute du client,
30/09/2025 11:53,Zone Centre,Agence du Marché,Conseiller clientèle,5,4,,,Climatiser la salle d'attente de l'agence
30/09/2025 12:46,Zone Ouest,Agence de la Corniche,Guichet,2,5,Horaires d'ouverture peu pratiques,Très bonne orientation dès l'entrée,
30/09/2025 13:01,Zone Centre,Agence du Parc,Guichet,4,4,Peu d'écoute face à ma réclamation,,Former le personnel à l'accueil des clients
30/09/2025 13:10,Zone Sud,Agence des Collines,Centre d'appels,3,3,,Personnel accueillant et souriant,Améliorer l'application mobile de la banque
30/09/2025 13:12,Zone Nord,Agence des Dunes,GAB,5,5,Prise en charge rapide au guichet,Conseiller à l'écoute du client,Réduire le temps d'attente au guichet
30/09/2025 15:00,Zone Est,Agence du Stade,Centre d'appels,4,4,Agence propre et bien organisée,,Réduire les frais de tenue de compte
30/09/2025 16:33,Zone Centre,Agence de la Gare,GAB,5,4,Personnel accueillant et souriant,Très bonne orientation dès l'entrée,Améliorer le temps d'attente en agence
30/09/2025 17:48,Zone Centre,Agence du Parc,Conseiller clientèle,3,2,,File d'attente mal organisée,Réduire le temps d'attente au guichet
30/09/2025 17:58,Zone Est,Agence du Stade,Conseiller clientèle,5,5,,,Proposer plus de services sur l'application mobile
